%Cpu(s): 28.3 us,  6.5 sy,  0.0 ni, 60.9 id,  4.3 wa,  0.0 hi,  0.0 si,  0.0 st 
 508568 harvest   20   0 1740848 114400  50752 S   0.0   1.4   2:09.25 python3
1447731 root      20   0  832272 417584  37920 S   0.0   5.1   0:03.26 python3
2724564 harvest   20   0  106064  11664   7280 S   0.0   0.1   2:46.65 python3
3354424 root      20   0  858208 397120  46048 S   0.0   4.8  14:04.85 python3
%Cpu(s): 13.4 us,  1.8 sy,  0.0 ni, 81.4 id,  3.4 wa,  0.0 hi,  0.0 si,  0.0 st 
1447731 root      20   0  869104 438976  56144 S  12.9   5.3   0:03.39 python3
 508568 harvest   20   0 1740848 114400  50752 S   1.0   1.4   2:09.26 python3
2724564 harvest   20   0  106064  11664   7280 S   0.0   0.1   2:46.65 python3
3354424 root      20   0  858208 397120  46048 S   0.0   4.8  14:04.85 python3
%Cpu(s):  0.7 us,  0.5 sy,  0.0 ni, 98.8 id,  0.0 wa,  0.0 hi,  0.0 si,  0.0 st 
1447731 root      20   0  869104 439056  56144 S   2.0   5.3   0:03.41 python3
3354424 root      20   0  858208 397120  46048 S   1.0   4.8  14:04.86 python3
 508568 harvest   20   0 1740848 114400  50752 S   0.0   1.4   2:09.26 python3
2724564 harvest   20   0  106064  11664   7280 S   0.0   0.1   2:46.65 python3
%Cpu(s):  1.0 us,  0.0 sy,  0.0 ni, 98.8 id,  0.0 wa,  0.0 hi,  0.2 si,  0.0 st 
1447731 root      20   0  869104 439120  56144 S   3.0   5.3   0:03.44 python3
 508568 harvest   20   0 1740848 114400  50752 S   0.0   1.4   2:09.26 python3
2724564 harvest   20   0  106064  11664   7280 S   0.0   0.1   2:46.65 python3
3354424 root      20   0  858208 397120  46048 S   0.0   4.8  14:04.86 python3
%Cpu(s): 10.3 us,  0.8 sy,  0.0 ni, 89.0 id,  0.0 wa,  0.0 hi,  0.0 si,  0.0 st 
1447731 root      20   0  869104 439184  56144 S   3.0   5.3   0:03.47 python3
3354424 root      20   0  858208 397120  46048 S   1.0   4.8  14:04.87 python3
 508568 harvest   20   0 1740848 114400  50752 S   0.0   1.4   2:09.26 python3
2724564 harvest   20   0  106064  11664   7280 S   0.0   0.1   2:46.65 python3
%Cpu(s):  4.0 us,  1.7 sy,  0.0 ni, 94.0 id,  0.2 wa,  0.0 hi,  0.0 si,  0.0 st 
1447731 root      20   0  869104 439248  56144 S   3.0   5.3   0:03.50 python3
 508568 harvest   20   0 1740848 114400  50752 S   0.0   1.4   2:09.26 python3
2724564 harvest   20   0  106064  11664   7280 S   0.0   0.1   2:46.65 python3
3354424 root      20   0  858208 397120  46048 S   0.0   4.8  14:04.87 python3
%Cpu(s):  2.0 us,  0.7 sy,  0.0 ni, 96.8 id,  0.2 wa,  0.0 hi,  0.2 si,  0.0 st 
1447731 root      20   0  869104 439312  56144 S   3.0   5.3   0:03.53 python3
 508568 harvest   20   0 1740848 114400  50752 S   1.0   1.4   2:09.27 python3
2724564 harvest   20   0  106064  11664   7280 S   0.0   0.1   2:46.65 python3
3354424 root      20   0  858208 397120  46048 S   0.0   4.8  14:04.87 python3
%Cpu(s): 20.0 us,  1.2 sy,  0.0 ni, 78.8 id,  0.0 wa,  0.0 hi,  0.0 si,  0.0 st 
1447731 root      20   0  885504 454960  57248 S  64.4   5.5   0:04.18 python3
 508568 harvest   20   0 1740848 114400  50752 S   0.0   1.4   2:09.27 python3
2724564 harvest   20   0  106064  11664   7280 S   0.0   0.1   2:46.65 python3
3354424 root      20   0  858208 397120  46048 S   0.0   4.8  14:04.87 python3
%Cpu(s):  7.0 us,  0.2 sy,  0.0 ni, 92.8 id,  0.0 wa,  0.0 hi,  0.0 si,  0.0 st 
1447731 root      20   0  885504 455216  57408 S   3.0   5.5   0:04.21 python3
 508568 harvest   20   0 1740848 114400  50752 S   0.0   1.4   2:09.27 python3
2724564 harvest   20   0  106064  11664   7280 S   0.0   0.1   2:46.65 python3
3354424 root      20   0  858208 397120  46048 S   0.0   4.8  14:04.87 python3
%Cpu(s):  1.5 us,  0.0 sy,  0.0 ni, 98.5 id,  0.0 wa,  0.0 hi,  0.0 si,  0.0 st 
1447731 root      20   0  885504 455216  57408 S   2.0   5.5   0:04.23 python3
 508568 harvest   20   0 1740848 114400  50752 S   0.0   1.4   2:09.27 python3
2724564 harvest   20   0  106064  11664   7280 S   0.0   0.1   2:46.65 python3
3354424 root      20   0  858208 397120  46048 S   0.0   4.8  14:04.87 python3
%Cpu(s):  1.0 us,  0.2 sy,  0.0 ni, 98.5 id,  0.2 wa,  0.0 hi,  0.0 si,  0.0 st 
1447731 root      20   0 1172416 456864  58048 S   3.0   5.5   0:04.26 python3
 508568 harvest   20   0 1740848 114400  50752 S   0.0   1.4   2:09.27 python3
2724564 harvest   20   0  106064  11664   7280 S   0.0   0.1   2:46.65 python3
3354424 root      20   0  858208 397120  46048 S   0.0   4.8  14:04.87 python3
%Cpu(s):  1.5 us,  0.2 sy,  0.0 ni, 98.3 id,  0.0 wa,  0.0 hi,  0.0 si,  0.0 st 
1447731 root      20   0 1172416 457104  58048 S   4.0   5.5   0:04.30 python3
3354424 root      20   0  858208 397120  46048 S   1.0   4.8  14:04.88 python3
 508568 harvest   20   0 1740848 114400  50752 S   0.0   1.4   2:09.27 python3
2724564 harvest   20   0  106064  11664   7280 S   0.0   0.1   2:46.65 python3
%Cpu(s): 11.2 us,  0.5 sy,  0.0 ni, 88.3 id,  0.0 wa,  0.0 hi,  0.0 si,  0.0 st 
1447731 root      20   0 1172416 457984  58048 S  43.6   5.5   0:04.74 python3
 508568 harvest   20   0 1740848 114400  50752 S   0.0   1.4   2:09.27 python3
2724564 harvest   20   0  106064  11664   7280 S   0.0   0.1   2:46.65 python3
3354424 root      20   0  858208 397120  46048 S   0.0   4.8  14:04.88 python3
%Cpu(s):  1.5 us,  0.5 sy,  0.0 ni, 98.0 id,  0.0 wa,  0.0 hi,  0.0 si,  0.0 st 
1447731 root      20   0 1172416 458000  58048 S   4.0   5.5   0:04.78 python3
 508568 harvest   20   0 1740848 114400  50752 S   0.0   1.4   2:09.27 python3
2724564 harvest   20   0  106064  11664   7280 S   0.0   0.1   2:46.65 python3
3354424 root      20   0  858208 397120  46048 S   0.0   4.8  14:04.88 python3
%Cpu(s):  1.2 us,  0.2 sy,  0.0 ni, 98.5 id,  0.0 wa,  0.0 hi,  0.0 si,  0.0 st 
1447731 root      20   0 1172416 458000  58048 S   4.0   5.5   0:04.82 python3
 508568 harvest   20   0 1740848 114400  50752 S   0.0   1.4   2:09.27 python3
2724564 harvest   20   0  106064  11664   7280 S   0.0   0.1   2:46.65 python3
3354424 root      20   0  858208 397120  46048 S   0.0   4.8  14:04.88 python3
%Cpu(s):  1.5 us,  0.2 sy,  0.0 ni, 98.3 id,  0.0 wa,  0.0 hi,  0.0 si,  0.0 st 
1447731 root      20   0 1172416 458032  58048 S   4.0   5.5   0:04.86 python3
 508568 harvest   20   0 1740848 114400  50752 S   0.0   1.4   2:09.27 python3
2724564 harvest   20   0  106064  11664   7280 S   0.0   0.1   2:46.65 python3
3354424 root      20   0  858208 397104  46048 S   0.0   4.8  14:04.88 python3
%Cpu(s):  2.2 us,  0.7 sy,  0.0 ni, 97.0 id,  0.0 wa,  0.0 hi,  0.0 si,  0.0 st 
1447731 root      20   0 1172416 458032  58048 S   5.0   5.5   0:04.91 python3
 508568 harvest   20   0 1740848 114400  50752 S   0.0   1.4   2:09.27 python3
2724564 harvest   20   0  106064  11664   7280 S   0.0   0.1   2:46.65 python3
3354424 root      20   0  858208 397104  46048 S   0.0   4.8  14:04.88 python3
%Cpu(s):  3.5 us,  0.5 sy,  0.0 ni, 96.0 id,  0.0 wa,  0.0 hi,  0.0 si,  0.0 st 
1447731 root      20   0 1172416 458320  58048 S   5.0   5.6   0:04.96 python3
 508568 harvest   20   0 1740848 114400  50752 S   0.0   1.4   2:09.27 python3
2724564 harvest   20   0  106064  11664   7280 S   0.0   0.1   2:46.65 python3
3354424 root      20   0  858208 397104  46048 S   0.0   4.8  14:04.88 python3
%Cpu(s): 13.7 us,  0.5 sy,  0.0 ni, 85.8 id,  0.0 wa,  0.0 hi,  0.0 si,  0.0 st 
1447731 root      20   0 1172416 458336  58048 S  55.4   5.6   0:05.52 python3
 508568 harvest   20   0 1740848 114400  50752 S   1.0   1.4   2:09.28 python3
2724564 harvest   20   0  106064  11664   7280 S   0.0   0.1   2:46.65 python3
3354424 root      20   0  858208 397104  46048 S   0.0   4.8  14:04.88 python3
%Cpu(s):  1.5 us,  0.5 sy,  0.0 ni, 98.0 id,  0.0 wa,  0.0 hi,  0.0 si,  0.0 st 
1447731 root      20   0 1172416 458336  58048 S   2.0   5.6   0:05.54 python3
3354424 root      20   0  858208 397104  46048 S   1.0   4.8  14:04.89 python3
 508568 harvest   20   0 1740848 114400  50752 S   0.0   1.4   2:09.28 python3
2724564 harvest   20   0  106064  11664   7280 S   0.0   0.1   2:46.65 python3
%Cpu(s):  7.0 us,  0.5 sy,  0.0 ni, 92.5 id,  0.0 wa,  0.0 hi,  0.0 si,  0.0 st 
1447731 root      20   0 1172416 458336  58048 S   3.0   5.6   0:05.57 python3
 508568 harvest   20   0 1740848 114400  50752 S   0.0   1.4   2:09.28 python3
2724564 harvest   20   0  106064  11664   7280 S   0.0   0.1   2:46.65 python3
3354424 root      20   0  858208 397104  46048 S   0.0   4.8  14:04.89 python3
%Cpu(s): 12.7 us,  0.5 sy,  0.0 ni, 86.5 id,  0.0 wa,  0.0 hi,  0.2 si,  0.0 st 
1447731 root      20   0 1172416 458336  58048 S  30.7   5.6   0:05.88 python3
 508568 harvest   20   0 1740848 114400  50752 S   0.0   1.4   2:09.28 python3
2724564 harvest   20   0  106064  11664   7280 S   0.0   0.1   2:46.65 python3
3354424 root      20   0  858208 397104  46048 S   0.0   4.8  14:04.89 python3
%Cpu(s):  1.2 us,  0.2 sy,  0.0 ni, 98.5 id,  0.0 wa,  0.0 hi,  0.0 si,  0.0 st 
1447731 root      20   0 1172416 458336  58048 S   5.0   5.6   0:05.93 python3
 508568 harvest   20   0 1740848 114400  50752 S   0.0   1.4   2:09.28 python3
2724564 harvest   20   0  106064  11664   7280 S   0.0   0.1   2:46.65 python3
3354424 root      20   0  858208 397104  46048 S   0.0   4.8  14:04.89 python3
%Cpu(s):  4.7 us,  1.5 sy,  0.0 ni, 86.3 id,  7.5 wa,  0.0 hi,  0.0 si,  0.0 st 
1447731 root      20   0 1172416 458336  58048 S   3.0   5.6   0:05.96 python3
 508568 harvest   20   0 1740848 114400  50752 S   0.0   1.4   2:09.28 python3
2724564 harvest   20   0  106064  11664   7280 S   0.0   0.1   2:46.65 python3
3354424 root      20   0  858208 397104  46048 S   0.0   4.8  14:04.89 python3
%Cpu(s):  8.7 us,  1.0 sy,  0.0 ni, 88.4 id,  2.0 wa,  0.0 hi,  0.0 si,  0.0 st 
1447731 root      20   0 1172416 458336  58048 S  32.7   5.6   0:06.29 python3
 508568 harvest   20   0 1740848 114400  50752 S   0.0   1.4   2:09.28 python3
2724564 harvest   20   0  106064  11664   7280 S   0.0   0.1   2:46.65 python3
3354424 root      20   0  858208 397104  46048 S   0.0   4.8  14:04.89 python3
%Cpu(s):  1.0 us,  0.5 sy,  0.0 ni, 91.0 id,  7.5 wa,  0.0 hi,  0.0 si,  0.0 st 
1447731 root      20   0 1172416 458336  58048 S   2.0   5.6   0:06.31 python3
 508568 harvest   20   0 1740848 114400  50752 S   1.0   1.4   2:09.29 python3
2724564 harvest   20   0  106064  11664   7280 S   0.0   0.1   2:46.65 python3
3354424 root      20   0  858208 397104  46048 S   0.0   4.8  14:04.89 python3
%Cpu(s):  2.0 us,  0.5 sy,  0.0 ni, 97.5 id,  0.0 wa,  0.0 hi,  0.0 si,  0.0 st 
1447731 root      20   0 1172416 458336  58048 S   3.0   5.6   0:06.34 python3
 508568 harvest   20   0 1740848 114400  50752 S   0.0   1.4   2:09.29 python3
2724564 harvest   20   0  106064  11664   7280 S   0.0   0.1   2:46.65 python3
3354424 root      20   0  858208 397104  46048 S   0.0   4.8  14:04.89 python3
%Cpu(s):  1.5 us,  0.2 sy,  0.0 ni, 98.3 id,  0.0 wa,  0.0 hi,  0.0 si,  0.0 st 
1447731 root      20   0 1172416 458336  58048 S   2.0   5.6   0:06.36 python3
 508568 harvest   20   0 1740848 114400  50752 S   0.0   1.4   2:09.29 python3
2724564 harvest   20   0  106064  11664   7280 S   0.0   0.1   2:46.65 python3
3354424 root      20   0  858208 397104  46048 S   0.0   4.8  14:04.89 python3
%Cpu(s):  1.2 us,  0.2 sy,  0.0 ni, 89.6 id,  8.9 wa,  0.0 hi,  0.0 si,  0.0 st 
1447731 root      20   0 1172416 458336  58048 S   2.0   5.6   0:06.38 python3
3354424 root      20   0  858208 397104  46048 S   1.0   4.8  14:04.90 python3
 508568 harvest   20   0 1740848 114400  50752 S   0.0   1.4   2:09.29 python3
2724564 harvest   20   0  106064  11664   7280 S   0.0   0.1   2:46.65 python3
%Cpu(s):  1.0 us,  0.0 sy,  0.0 ni, 49.8 id, 49.3 wa,  0.0 hi,  0.0 si,  0.0 st 
1447731 root      20   0 1172416 458336  58048 S   3.0   5.6   0:06.41 python3
 508568 harvest   20   0 1740848 114400  50752 S   0.0   1.4   2:09.29 python3
2724564 harvest   20   0  106064  11664   7280 S   0.0   0.1   2:46.65 python3
3354424 root      20   0  858208 396992  46048 S   0.0   4.8  14:04.90 python3
%Cpu(s): 10.9 us,  1.0 sy,  0.0 ni, 43.2 id, 44.9 wa,  0.0 hi,  0.0 si,  0.0 st 
1447731 root      20   0 1172416 459024  58048 S   6.9   5.6   0:06.48 python3
 508568 harvest   20   0 1740848 114400  50752 S   1.0   1.4   2:09.30 python3
2724564 harvest   20   0  106064  11664   7280 S   0.0   0.1   2:46.65 python3
3354424 root      20   0  858208 396992  46048 S   0.0   4.8  14:04.90 python3
%Cpu(s): 13.7 us,  0.0 sy,  0.0 ni, 24.7 id, 61.6 wa,  0.0 hi,  0.0 si,  0.0 st 
1447731 root      20   0 1172416 459024  58048 S  54.5   5.6   0:07.03 python3
 508568 harvest   20   0 1740848 114400  50752 S   0.0   1.4   2:09.30 python3
2724564 harvest   20   0  106064  11664   7280 S   0.0   0.1   2:46.65 python3
3354424 root      20   0  858208 396992  46048 S   0.0   4.8  14:04.90 python3
%Cpu(s):  0.5 us,  0.0 sy,  0.0 ni, 24.9 id, 74.6 wa,  0.0 hi,  0.0 si,  0.0 st 
 508568 harvest   20   0 1740848 114400  50752 S   0.0   1.4   2:09.30 python3
1447731 root      20   0 1172416 459024  58048 S   0.0   5.6   0:07.03 python3
2724564 harvest   20   0  106064  11664   7280 S   0.0   0.1   2:46.65 python3
3354424 root      20   0  858208 396992  46048 S   0.0   4.8  14:04.90 python3
%Cpu(s):  0.7 us,  0.0 sy,  0.0 ni, 33.1 id, 66.2 wa,  0.0 hi,  0.0 si,  0.0 st 
1447731 root      20   0 1172416 459024  58048 S   1.0   5.6   0:07.04 python3
 508568 harvest   20   0 1740848 114400  50752 S   0.0   1.4   2:09.30 python3
2724564 harvest   20   0  106064  11664   7280 S   0.0   0.1   2:46.65 python3
3354424 root      20   0  858208 396992  46048 S   0.0   4.8  14:04.90 python3
%Cpu(s):  7.4 us,  1.0 sy,  0.0 ni, 58.1 id, 33.5 wa,  0.0 hi,  0.0 si,  0.0 st 
1450986 harvest   20   0   26624  20624   7952 R  18.8   0.2   0:00.19 python3
1447731 root      20   0 1172416 459024  58048 S   2.0   5.6   0:07.06 python3
 508568 harvest   20   0 1740848 114400  50752 S   0.0   1.4   2:09.30 python3
2724564 harvest   20   0  106064  11664   7280 S   0.0   0.1   2:46.65 python3
3354424 root      20   0  858208 396992  46048 S   0.0   4.8  14:04.90 python3
%Cpu(s):  3.7 us,  0.5 sy,  0.0 ni, 88.8 id,  7.0 wa,  0.0 hi,  0.0 si,  0.0 st 
1447731 root      20   0 1172416 459024  58048 S   3.0   5.6   0:07.09 python3
 508568 harvest   20   0 1740848 114400  50752 S   1.0   1.4   2:09.31 python3
2724564 harvest   20   0  106064  11664   7280 S   0.0   0.1   2:46.65 python3
3354424 root      20   0  858208 396992  46048 S   0.0   4.8  14:04.90 python3
%Cpu(s):  2.2 us,  0.7 sy,  0.0 ni, 97.0 id,  0.0 wa,  0.0 hi,  0.0 si,  0.0 st 
1447731 root      20   0 1172416 459024  58048 S   4.0   5.6   0:07.13 python3
 508568 harvest   20   0 1740848 114400  50752 S   0.0   1.4   2:09.31 python3
2724564 harvest   20   0  106064  11664   7280 S   0.0   0.1   2:46.65 python3
3354424 root      20   0  858208 396992  46048 S   0.0   4.8  14:04.90 python3
%Cpu(s): 13.5 us,  1.0 sy,  0.0 ni, 85.2 id,  0.2 wa,  0.0 hi,  0.0 si,  0.0 st 
1447731 root      20   0 1172416 459040  58048 S  39.6   5.6   0:07.53 python3
3354424 root      20   0  858208 396992  46048 S   1.0   4.8  14:04.91 python3
 508568 harvest   20   0 1740848 114400  50752 S   0.0   1.4   2:09.31 python3
2724564 harvest   20   0  106064  11664   7280 S   0.0   0.1   2:46.65 python3
%Cpu(s):  1.2 us,  0.0 sy,  0.0 ni, 98.8 id,  0.0 wa,  0.0 hi,  0.0 si,  0.0 st 
1447731 root      20   0 1172416 459040  58048 S   3.0   5.6   0:07.56 python3
 508568 harvest   20   0 1740848 114400  50752 S   0.0   1.4   2:09.31 python3
2724564 harvest   20   0  106064  11664   7280 S   0.0   0.1   2:46.65 python3
3354424 root      20   0  858208 396992  46048 S   0.0   4.8  14:04.91 python3
%Cpu(s):  1.0 us,  0.2 sy,  0.0 ni, 98.8 id,  0.0 wa,  0.0 hi,  0.0 si,  0.0 st 
1447731 root      20   0 1172416 459040  58048 S   2.0   5.6   0:07.58 python3
 508568 harvest   20   0 1740848 114400  50752 S   0.0   1.4   2:09.31 python3
2724564 harvest   20   0  106064  11664   7280 S   0.0   0.1   2:46.65 python3
3354424 root      20   0  858208 397024  46048 S   0.0   4.8  14:04.91 python3
%Cpu(s):  1.0 us,  0.2 sy,  0.0 ni, 98.8 id,  0.0 wa,  0.0 hi,  0.0 si,  0.0 st 
1447731 root      20   0 1172416 459040  58048 S   3.0   5.6   0:07.61 python3
 508568 harvest   20   0 1740848 114400  50752 S   0.0   1.4   2:09.31 python3
2724564 harvest   20   0  106064  11664   7280 S   0.0   0.1   2:46.65 python3
3354424 root      20   0  858208 397088  46048 S   0.0   4.8  14:04.91 python3
%Cpu(s):  1.2 us,  0.2 sy,  0.0 ni, 98.5 id,  0.0 wa,  0.0 hi,  0.0 si,  0.0 st 
1447731 root      20   0 1172416 459040  58048 S   2.0   5.6   0:07.63 python3
 508568 harvest   20   0 1740848 114400  50752 S   0.0   1.4   2:09.31 python3
2724564 harvest   20   0  106064  11664   7280 S   0.0   0.1   2:46.65 python3
3354424 root      20   0  858208 397088  46048 S   0.0   4.8  14:04.91 python3
%Cpu(s):  1.7 us,  0.2 sy,  0.0 ni, 98.0 id,  0.0 wa,  0.0 hi,  0.0 si,  0.0 st 
1447731 root      20   0 1172416 459040  58048 S   3.0   5.6   0:07.66 python3
 508568 harvest   20   0 1740848 114400  50752 S   0.0   1.4   2:09.31 python3
2724564 harvest   20   0  106064  11664   7280 S   0.0   0.1   2:46.65 python3
3354424 root      20   0  858208 397088  46048 S   0.0   4.8  14:04.91 python3
%Cpu(s):  7.2 us,  0.0 sy,  0.0 ni, 92.8 id,  0.0 wa,  0.0 hi,  0.0 si,  0.0 st 
1447731 root      20   0 1172416 459472  58048 S  26.7   5.6   0:07.93 python3
 508568 harvest   20   0 1740848 114400  50752 S   1.0   1.4   2:09.32 python3
2724564 harvest   20   0  106064  11664   7280 S   0.0   0.1   2:46.65 python3
3354424 root      20   0  858208 397088  46048 S   0.0   4.8  14:04.91 python3
%Cpu(s): 10.7 us,  0.5 sy,  0.0 ni, 88.8 id,  0.0 wa,  0.0 hi,  0.0 si,  0.0 st 
1447731 root      20   0 1172416 459664  58048 S  40.6   5.6   0:08.34 python3
 508568 harvest   20   0 1740848 114400  50752 S   0.0   1.4   2:09.32 python3
2724564 harvest   20   0  106064  11664   7280 S   0.0   0.1   2:46.65 python3
3354424 root      20   0  858208 397088  46048 S   0.0   4.8  14:04.91 python3
%Cpu(s):  1.2 us,  0.0 sy,  0.0 ni, 98.8 id,  0.0 wa,  0.0 hi,  0.0 si,  0.0 st 
1447731 root      20   0 1172416 459664  58048 S   2.0   5.6   0:08.36 python3
3354424 root      20   0  858208 397088  46048 S   1.0   4.8  14:04.92 python3
 508568 harvest   20   0 1740848 114400  50752 S   0.0   1.4   2:09.32 python3
2724564 harvest   20   0  106064  11664   7280 S   0.0   0.1   2:46.65 python3
%Cpu(s):  1.7 us,  0.7 sy,  0.0 ni, 97.5 id,  0.0 wa,  0.0 hi,  0.0 si,  0.0 st 
1447731 root      20   0 1172416 459664  58048 S   3.0   5.6   0:08.39 python3
 508568 harvest   20   0 1740848 114400  50752 S   0.0   1.4   2:09.32 python3
2724564 harvest   20   0  106064  11664   7280 S   0.0   0.1   2:46.65 python3
3354424 root      20   0  858208 397088  46048 S   0.0   4.8  14:04.92 python3
%Cpu(s):  1.5 us,  0.5 sy,  0.0 ni, 97.8 id,  0.2 wa,  0.0 hi,  0.0 si,  0.0 st 
1447731 root      20   0 1172416 459680  58048 S   3.0   5.6   0:08.42 python3
 508568 harvest   20   0 1740848 114400  50752 S   0.0   1.4   2:09.32 python3
2724564 harvest   20   0  106064  11664   7280 S   0.0   0.1   2:46.65 python3
3354424 root      20   0  858208 397088  46048 S   0.0   4.8  14:04.92 python3
%Cpu(s): 15.2 us,  1.2 sy,  0.0 ni, 83.2 id,  0.0 wa,  0.0 hi,  0.2 si,  0.0 st 
1447731 root      20   0 1172416 459728  58048 S  50.0   5.6   0:08.92 python3
 508568 harvest   20   0 1740848 114400  50752 S   0.0   1.4   2:09.32 python3
2724564 harvest   20   0  106064  11664   7280 S   0.0   0.1   2:46.65 python3
3354424 root      20   0  858208 397088  46048 S   0.0   4.8  14:04.92 python3
%Cpu(s):  1.7 us,  0.5 sy,  0.0 ni, 97.8 id,  0.0 wa,  0.0 hi,  0.0 si,  0.0 st 
1447731 root      20   0 1172416 459728  58048 S   3.0   5.6   0:08.95 python3
 508568 harvest   20   0 1740848 114400  50752 S   0.0   1.4   2:09.32 python3
2724564 harvest   20   0  106064  11664   7280 S   0.0   0.1   2:46.65 python3
3354424 root      20   0  858208 396992  46048 S   0.0   4.8  14:04.92 python3
%Cpu(s):  3.0 us,  0.5 sy,  0.0 ni, 96.5 id,  0.0 wa,  0.0 hi,  0.0 si,  0.0 st 
1447731 root      20   0 1172416 459728  58048 S   2.0   5.6   0:08.97 python3
 508568 harvest   20   0 1740848 114400  50752 S   0.0   1.4   2:09.32 python3
2724564 harvest   20   0  106064  11664   7280 S   0.0   0.1   2:46.65 python3
3354424 root      20   0  858208 396992  46048 S   0.0   4.8  14:04.92 python3
%Cpu(s): 10.9 us,  0.7 sy,  0.0 ni, 88.3 id,  0.0 wa,  0.0 hi,  0.0 si,  0.0 st 
1447731 root      20   0 1172416 459728  58048 S   3.0   5.6   0:09.00 python3
 508568 harvest   20   0 1740848 114400  50752 S   0.0   1.4   2:09.32 python3
2724564 harvest   20   0  106064  11664   7280 S   0.0   0.1   2:46.65 python3
3354424 root      20   0  858208 396992  46048 S   0.0   4.8  14:04.92 python3
%Cpu(s):  1.0 us,  0.0 sy,  0.0 ni, 99.0 id,  0.0 wa,  0.0 hi,  0.0 si,  0.0 st 
1447731 root      20   0 1172416 459728  58048 S   3.0   5.6   0:09.03 python3
 508568 harvest   20   0 1740848 114400  50752 S   0.0   1.4   2:09.32 python3
2724564 harvest   20   0  106064  11664   7280 S   0.0   0.1   2:46.65 python3
3354424 root      20   0  858208 396992  46048 S   0.0   4.8  14:04.92 python3
%Cpu(s): 11.4 us,  0.0 sy,  0.0 ni, 88.3 id,  0.2 wa,  0.0 hi,  0.0 si,  0.0 st 
1447731 root      20   0 1172416 459728  58048 S  45.0   5.6   0:09.48 python3
 508568 harvest   20   0 1740848 114400  50752 S   1.0   1.4   2:09.33 python3
2724564 harvest   20   0  106064  11664   7280 S   0.0   0.1   2:46.65 python3
3354424 root      20   0  858208 396992  46048 S   0.0   4.8  14:04.92 python3
%Cpu(s):  1.7 us,  0.0 sy,  0.0 ni, 98.3 id,  0.0 wa,  0.0 hi,  0.0 si,  0.0 st 
1447731 root      20   0 1172416 459728  58048 S   3.0   5.6   0:09.51 python3
 508568 harvest   20   0 1740848 114400  50752 S   0.0   1.4   2:09.33 python3
2724564 harvest   20   0  106064  11664   7280 S   0.0   0.1   2:46.65 python3
3354424 root      20   0  858208 396992  46048 S   0.0   4.8  14:04.92 python3
%Cpu(s):  1.2 us,  0.5 sy,  0.0 ni, 98.3 id,  0.0 wa,  0.0 hi,  0.0 si,  0.0 st 
1447731 root      20   0 1172416 459728  58048 S   3.0   5.6   0:09.54 python3
3354424 root      20   0  858208 397088  46048 S   1.0   4.8  14:04.93 python3
 508568 harvest   20   0 1740848 114400  50752 S   0.0   1.4   2:09.33 python3
2724564 harvest   20   0  106064  11664   7280 S   0.0   0.1   2:46.65 python3
%Cpu(s):  2.5 us,  0.7 sy,  0.0 ni, 96.8 id,  0.0 wa,  0.0 hi,  0.0 si,  0.0 st 
1447731 root      20   0 1172416 459728  58048 S   4.0   5.6   0:09.58 python3
 508568 harvest   20   0 1740848 114400  50752 S   0.0   1.4   2:09.33 python3
2724564 harvest   20   0  106064  11664   7280 S   0.0   0.1   2:46.65 python3
3354424 root      20   0  858208 397088  46048 S   0.0   4.8  14:04.93 python3
%Cpu(s):  2.0 us,  0.7 sy,  0.0 ni, 97.3 id,  0.0 wa,  0.0 hi,  0.0 si,  0.0 st 
1447731 root      20   0 1172416 459728  58048 S   3.0   5.6   0:09.61 python3
 508568 harvest   20   0 1740848 114400  50752 S   0.0   1.4   2:09.33 python3
2724564 harvest   20   0  106064  11664   7280 S   0.0   0.1   2:46.65 python3
3354424 root      20   0  858208 397088  46048 S   0.0   4.8  14:04.93 python3
%Cpu(s):  1.5 us,  0.2 sy,  0.0 ni, 98.0 id,  0.2 wa,  0.0 hi,  0.0 si,  0.0 st 
1447731 root      20   0 1172416 459728  58048 S   4.0   5.6   0:09.65 python3
 508568 harvest   20   0 1740848 114400  50752 S   0.0   1.4   2:09.33 python3
2724564 harvest   20   0  106064  11664   7280 S   0.0   0.1   2:46.65 python3
3354424 root      20   0  858208 397088  46048 S   0.0   4.8  14:04.93 python3
%Cpu(s):  1.2 us,  0.2 sy,  0.0 ni, 98.5 id,  0.0 wa,  0.0 hi,  0.0 si,  0.0 st 
1447731 root      20   0 1172416 459728  58048 S   3.0   5.6   0:09.68 python3
 508568 harvest   20   0 1740848 114400  50752 S   0.0   1.4   2:09.33 python3
2724564 harvest   20   0  106064  11664   7280 S   0.0   0.1   2:46.65 python3
3354424 root      20   0  858208 397088  46048 S   0.0   4.8  14:04.93 python3
%Cpu(s): 20.5 us,  0.5 sy,  0.0 ni, 79.0 id,  0.0 wa,  0.0 hi,  0.0 si,  0.0 st 
1447731 root      20   0 1172416 460416  58048 S  41.6   5.6   0:10.10 python3
 508568 harvest   20   0 1740848 114400  50752 S   0.0   1.4   2:09.33 python3
2724564 harvest   20   0  106064  11664   7280 R   0.0   0.1   2:46.65 python3
3354424 root      20   0  858208 397088  46048 S   0.0   4.8  14:04.93 python3
%Cpu(s): 10.7 us,  0.5 sy,  0.0 ni, 88.8 id,  0.0 wa,  0.0 hi,  0.0 si,  0.0 st 
1447731 root      20   0 1172416 461488  58048 S  35.6   5.6   0:10.46 python3
 508568 harvest   20   0 1740848 114400  50752 S   0.0   1.4   2:09.33 python3
2724564 harvest   20   0  106064  11664   7280 S   0.0   0.1   2:46.65 python3
3354424 root      20   0  858208 397088  46048 S   0.0   4.8  14:04.93 python3
%Cpu(s):  1.0 us,  0.2 sy,  0.0 ni, 98.8 id,  0.0 wa,  0.0 hi,  0.0 si,  0.0 st 
1447731 root      20   0 1172416 461488  58048 S   2.0   5.6   0:10.48 python3
 508568 harvest   20   0 1740848 114400  50752 S   1.0   1.4   2:09.34 python3
3354424 root      20   0  858208 397088  46048 S   1.0   4.8  14:04.94 python3
2724564 harvest   20   0  106064  11664   7280 S   0.0   0.1   2:46.65 python3
%Cpu(s):  1.2 us,  0.2 sy,  0.0 ni, 98.3 id,  0.0 wa,  0.0 hi,  0.2 si,  0.0 st 
1447731 root      20   0 1172416 461488  58048 S   2.0   5.6   0:10.50 python3
 508568 harvest   20   0 1740848 114400  50752 S   0.0   1.4   2:09.34 python3
2724564 harvest   20   0  106064  11664   7280 S   0.0   0.1   2:46.65 python3
3354424 root      20   0  858208 397088  46048 S   0.0   4.8  14:04.94 python3
%Cpu(s):  3.5 us,  0.5 sy,  0.0 ni, 96.0 id,  0.0 wa,  0.0 hi,  0.0 si,  0.0 st 
1451254 harvest   20   0   16992  13776   4400 R   7.9   0.2   0:00.08 python3
1447731 root      20   0 1172416 461488  58048 S   3.0   5.6   0:10.53 python3
 508568 harvest   20   0 1740848 114400  50752 S   0.0   1.4   2:09.34 python3
2724564 harvest   20   0  106064  11664   7280 S   0.0   0.1   2:46.65 python3
3354424 root      20   0  858208 397088  46048 S   0.0   4.8  14:04.94 python3
%Cpu(s):  6.5 us,  0.5 sy,  0.0 ni, 93.0 id,  0.0 wa,  0.0 hi,  0.0 si,  0.0 st 
1447731 root      20   0 1172416 461488  58048 S   3.0   5.6   0:10.56 python3
 508568 harvest   20   0 1740848 114400  50752 S   0.0   1.4   2:09.34 python3
2724564 harvest   20   0  106064  11664   7280 S   0.0   0.1   2:46.65 python3
3354424 root      20   0  858208 397088  46048 S   0.0   4.8  14:04.94 python3
%Cpu(s):  4.2 us,  1.0 sy,  0.0 ni, 94.6 id,  0.2 wa,  0.0 hi,  0.0 si,  0.0 st 
1447731 root      20   0 1172416 461488  58048 S   3.0   5.6   0:10.59 python3
 508568 harvest   20   0 1740848 114400  50752 S   0.0   1.4   2:09.34 python3
2724564 harvest   20   0  106064  11664   7280 S   0.0   0.1   2:46.65 python3
3354424 root      20   0  858208 397088  46048 S   0.0   4.8  14:04.94 python3
%Cpu(s):  7.4 us,  2.0 sy,  0.0 ni, 90.6 id,  0.0 wa,  0.0 hi,  0.0 si,  0.0 st 
1447731 root      20   0 1172416 461488  58048 S   3.0   5.6   0:10.62 python3
 508568 harvest   20   0 1740848 114400  50752 S   1.0   1.4   2:09.35 python3
2724564 harvest   20   0  106064  11664   7280 S   0.0   0.1   2:46.65 python3
3354424 root      20   0  858208 397088  46048 S   0.0   4.8  14:04.94 python3
%Cpu(s):  1.0 us,  0.0 sy,  0.0 ni, 99.0 id,  0.0 wa,  0.0 hi,  0.0 si,  0.0 st 
1447731 root      20   0 1172416 461488  58048 S   2.0   5.6   0:10.64 python3
 508568 harvest   20   0 1740848 114400  50752 S   0.0   1.4   2:09.35 python3
2724564 harvest   20   0  106064  11664   7280 S   0.0   0.1   2:46.65 python3
3354424 root      20   0  858208 397088  46048 S   0.0   4.8  14:04.94 python3
%Cpu(s):  1.0 us,  0.2 sy,  0.0 ni, 98.8 id,  0.0 wa,  0.0 hi,  0.0 si,  0.0 st 
1447731 root      20   0 1172416 461488  58048 S   3.0   5.6   0:10.67 python3
3354424 root      20   0  858208 397056  46048 S   1.0   4.8  14:04.95 python3
 508568 harvest   20   0 1740848 114400  50752 S   0.0   1.4   2:09.35 python3
2724564 harvest   20   0  106064  11664   7280 S   0.0   0.1   2:46.65 python3
%Cpu(s):  9.5 us,  0.2 sy,  0.0 ni, 90.3 id,  0.0 wa,  0.0 hi,  0.0 si,  0.0 st 
1447731 root      20   0 1172416 462240  58048 S  36.6   5.6   0:11.04 python3
 508568 harvest   20   0 1740848 114400  50752 S   0.0   1.4   2:09.35 python3
2724564 harvest   20   0  106064  11664   7280 S   0.0   0.1   2:46.65 python3
3354424 root      20   0  858208 397088  46048 S   0.0   4.8  14:04.95 python3
%Cpu(s): 18.2 us,  0.7 sy,  0.0 ni, 80.8 id,  0.2 wa,  0.0 hi,  0.0 si,  0.0 st 
1447731 root      20   0 1172416 466352  58048 R  61.4   5.6   0:11.66 python3
 508568 harvest   20   0 1740848 114400  50752 S   0.0   1.4   2:09.35 python3
2724564 harvest   20   0  106064  11664   7280 S   0.0   0.1   2:46.65 python3
3354424 root      20   0  858208 397200  46048 S   0.0   4.8  14:04.95 python3
%Cpu(s):  2.5 us,  1.2 sy,  0.0 ni, 96.0 id,  0.2 wa,  0.0 hi,  0.0 si,  0.0 st 
1447731 root      20   0 1172416 466352  58048 S   4.0   5.6   0:11.70 python3
3354424 root      20   0  858208 397200  46048 S   1.0   4.8  14:04.96 python3
 508568 harvest   20   0 1740848 114400  50752 S   0.0   1.4   2:09.35 python3
2724564 harvest   20   0  106064  11664   7280 S   0.0   0.1   2:46.65 python3
%Cpu(s):  1.0 us,  0.0 sy,  0.0 ni, 99.0 id,  0.0 wa,  0.0 hi,  0.0 si,  0.0 st 
1447731 root      20   0 1172416 466352  58048 S   3.0   5.6   0:11.73 python3
 508568 harvest   20   0 1740848 114400  50752 S   0.0   1.4   2:09.35 python3
2724564 harvest   20   0  106064  11664   7280 S   0.0   0.1   2:46.65 python3
3354424 root      20   0  858208 397200  46048 S   0.0   4.8  14:04.96 python3
%Cpu(s):  1.5 us,  0.5 sy,  0.0 ni, 98.0 id,  0.0 wa,  0.0 hi,  0.0 si,  0.0 st 
1447731 root      20   0 1172416 466352  58048 S   4.0   5.6   0:11.77 python3
 508568 harvest   20   0 1740848 114400  50752 S   0.0   1.4   2:09.35 python3
2724564 harvest   20   0  106064  11664   7280 S   0.0   0.1   2:46.65 python3
3354424 root      20   0  858208 397232  46048 S   0.0   4.8  14:04.96 python3
%Cpu(s):  2.0 us,  0.0 sy,  0.0 ni, 98.0 id,  0.0 wa,  0.0 hi,  0.0 si,  0.0 st 
1447731 root      20   0 1172416 466352  58048 S   4.0   5.6   0:11.81 python3
 508568 harvest   20   0 1740848 114400  50752 S   0.0   1.4   2:09.35 python3
2724564 harvest   20   0  106064  11664   7280 S   0.0   0.1   2:46.65 python3
3354424 root      20   0  858208 397232  46048 S   0.0   4.8  14:04.96 python3
%Cpu(s):  2.7 us,  0.5 sy,  0.0 ni, 96.8 id,  0.0 wa,  0.0 hi,  0.0 si,  0.0 st 
1447731 root      20   0 1172416 466352  58048 S   4.0   5.6   0:11.85 python3
 508568 harvest   20   0 1740848 114400  50752 S   1.0   1.4   2:09.36 python3
2724564 harvest   20   0  106064  11664   7280 S   0.0   0.1   2:46.65 python3
3354424 root      20   0  858208 397232  46048 S   0.0   4.8  14:04.96 python3
%Cpu(s):  2.5 us,  0.5 sy,  0.0 ni, 97.0 id,  0.0 wa,  0.0 hi,  0.0 si,  0.0 st 
1447731 root      20   0 1172416 466352  58048 R   3.0   5.6   0:11.88 python3
 508568 harvest   20   0 1740848 114400  50752 S   0.0   1.4   2:09.36 python3
2724564 harvest   20   0  106064  11664   7280 S   0.0   0.1   2:46.65 python3
3354424 root      20   0  858208 397232  46048 S   0.0   4.8  14:04.96 python3
%Cpu(s):  4.9 us,  1.0 sy,  0.0 ni, 94.1 id,  0.0 wa,  0.0 hi,  0.0 si,  0.0 st 
1447731 root      20   0 1172416 466384  58048 S  12.9   5.6   0:12.01 python3
3354424 root      20   0  858208 397232  46048 S   1.0   4.8  14:04.97 python3
 508568 harvest   20   0 1740848 114400  50752 S   0.0   1.4   2:09.36 python3
2724564 harvest   20   0  106064  11664   7280 S   0.0   0.1   2:46.65 python3
%Cpu(s): 19.0 us,  0.3 sy,  0.0 ni, 80.5 id,  0.3 wa,  0.0 hi,  0.0 si,  0.0 st 
1447731 root      20   0 1172416 466416  58048 S  68.3   5.6   0:12.70 python3
 508568 harvest   20   0 1740848 114400  50752 S   0.0   1.4   2:09.36 python3
2724564 harvest   20   0  106064  11664   7280 S   0.0   0.1   2:46.65 python3
3354424 root      20   0  858208 397232  46048 S   0.0   4.8  14:04.97 python3
%Cpu(s):  4.0 us,  1.5 sy,  0.0 ni, 94.5 id,  0.0 wa,  0.0 hi,  0.0 si,  0.0 st 
1447731 root      20   0 1172416 466416  58048 S   5.0   5.6   0:12.75 python3
1451488 root      20   0   21776  15280   8128 R   4.0   0.2   0:00.04 python3
 508568 harvest   20   0 1740848 114400  50752 S   0.0   1.4   2:09.36 python3
2724564 harvest   20   0  106064  11664   7280 S   0.0   0.1   2:46.65 python3
3354424 root      20   0  858208 397232  46048 S   0.0   4.8  14:04.97 python3
%Cpu(s): 10.2 us,  1.0 sy,  0.0 ni, 88.8 id,  0.0 wa,  0.0 hi,  0.0 si,  0.0 st 
1447731 root      20   0 1172416 466432  58048 S   2.0   5.6   0:12.77 python3
 508568 harvest   20   0 1740848 114400  50752 S   0.0   1.4   2:09.36 python3
2724564 harvest   20   0  106064  11664   7280 S   0.0   0.1   2:46.65 python3
3354424 root      20   0  858208 397232  46048 S   0.0   4.8  14:04.97 python3
%Cpu(s):  1.0 us,  0.2 sy,  0.0 ni, 98.8 id,  0.0 wa,  0.0 hi,  0.0 si,  0.0 st 
1447731 root      20   0 1172416 466432  58048 S   3.0   5.6   0:12.80 python3
 508568 harvest   20   0 1740848 114400  50752 S   0.0   1.4   2:09.36 python3
2724564 harvest   20   0  106064  11664   7280 S   0.0   0.1   2:46.65 python3
3354424 root      20   0  858208 397232  46048 S   0.0   4.8  14:04.97 python3
%Cpu(s):  1.0 us,  0.0 sy,  0.0 ni, 98.8 id,  0.0 wa,  0.0 hi,  0.2 si,  0.0 st 
1447731 root      20   0 1172416 466432  58048 S   3.0   5.6   0:12.83 python3
 508568 harvest   20   0 1740848 114400  50752 S   0.0   1.4   2:09.36 python3
2724564 harvest   20   0  106064  11664   7280 S   0.0   0.1   2:46.65 python3
3354424 root      20   0  858208 397232  46048 S   0.0   4.8  14:04.97 python3
%Cpu(s):  1.7 us,  0.2 sy,  0.0 ni, 98.0 id,  0.0 wa,  0.0 hi,  0.0 si,  0.0 st 
1447731 root      20   0 1172416 466432  58048 S   3.0   5.6   0:12.86 python3
 508568 harvest   20   0 1740848 114400  50752 S   0.0   1.4   2:09.36 python3
2724564 harvest   20   0  106064  11664   7280 S   0.0   0.1   2:46.65 python3
3354424 root      20   0  858208 397232  46048 S   0.0   4.8  14:04.97 python3
%Cpu(s):  1.5 us,  0.0 sy,  0.0 ni, 98.5 id,  0.0 wa,  0.0 hi,  0.0 si,  0.0 st 
1447731 root      20   0 1172416 466432  58048 S   4.0   5.6   0:12.90 python3
 508568 harvest   20   0 1740848 114400  50752 S   0.0   1.4   2:09.36 python3
2724564 harvest   20   0  106064  11664   7280 S   0.0   0.1   2:46.65 python3
3354424 root      20   0  858208 397232  46048 R   0.0   4.8  14:04.97 python3
%Cpu(s):  6.7 us,  0.2 sy,  0.0 ni, 93.0 id,  0.0 wa,  0.0 hi,  0.0 si,  0.0 st 
1447731 root      20   0 1172416 466432  58048 S  19.8   5.6   0:13.10 python3
 508568 harvest   20   0 1740848 114400  50752 S   1.0   1.4   2:09.37 python3
3354424 root      20   0  858208 397232  46048 S   1.0   4.8  14:04.98 python3
2724564 harvest   20   0  106064  11664   7280 S   0.0   0.1   2:46.65 python3
%Cpu(s): 15.6 us,  1.0 sy,  0.0 ni, 83.2 id,  0.2 wa,  0.0 hi,  0.0 si,  0.0 st 
1447731 root      20   0 1172416 466432  58048 S  59.0   5.6   0:13.69 python3
 508568 harvest   20   0 1740848 114400  50752 S   0.0   1.4   2:09.37 python3
2724564 harvest   20   0  106064  11664   7280 S   0.0   0.1   2:46.65 python3
3354424 root      20   0  858208 397232  46048 S   0.0   4.8  14:04.98 python3
%Cpu(s):  0.7 us,  0.2 sy,  0.0 ni, 98.8 id,  0.0 wa,  0.0 hi,  0.2 si,  0.0 st 
1447731 root      20   0 1172416 466432  58048 S   2.0   5.6   0:13.71 python3
 508568 harvest   20   0 1740848 114400  50752 S   0.0   1.4   2:09.37 python3
2724564 harvest   20   0  106064  11664   7280 S   0.0   0.1   2:46.65 python3
3354424 root      20   0  858208 397232  46048 S   0.0   4.8  14:04.98 python3
%Cpu(s):  0.7 us,  0.2 sy,  0.0 ni, 99.0 id,  0.0 wa,  0.0 hi,  0.0 si,  0.0 st 
1447731 root      20   0 1172416 466432  58048 S   3.0   5.6   0:13.74 python3
 508568 harvest   20   0 1740848 114400  50752 S   0.0   1.4   2:09.37 python3
2724564 harvest   20   0  106064  11664   7280 S   0.0   0.1   2:46.65 python3
3354424 root      20   0  858208 397136  46048 S   0.0   4.8  14:04.98 python3
%Cpu(s):  8.5 us,  2.0 sy,  0.0 ni, 89.2 id,  0.2 wa,  0.0 hi,  0.0 si,  0.0 st 
1447731 root      20   0 1172416 466432  58048 S   3.0   5.6   0:13.77 python3
 508568 harvest   20   0 1740848 114400  50752 S   0.0   1.4   2:09.37 python3
2724564 harvest   20   0  106064  11664   7280 S   0.0   0.1   2:46.65 python3
3354424 root      20   0  858208 397136  46048 S   0.0   4.8  14:04.98 python3
%Cpu(s):  3.0 us,  0.2 sy,  0.0 ni, 96.8 id,  0.0 wa,  0.0 hi,  0.0 si,  0.0 st 
1447731 root      20   0 1172416 466432  58048 S   3.0   5.6   0:13.80 python3
 508568 harvest   20   0 1740848 114400  50752 S   0.0   1.4   2:09.37 python3
2724564 harvest   20   0  106064  11664   7280 S   0.0   0.1   2:46.65 python3
3354424 root      20   0  858208 397136  46048 S   0.0   4.8  14:04.98 python3
%Cpu(s):  2.0 us,  0.0 sy,  0.0 ni, 98.0 id,  0.0 wa,  0.0 hi,  0.0 si,  0.0 st 
1447731 root      20   0 1172416 466432  58048 S   3.0   5.6   0:13.83 python3
 508568 harvest   20   0 1740848 114400  50752 S   0.0   1.4   2:09.37 python3
2724564 harvest   20   0  106064  11664   7280 S   0.0   0.1   2:46.65 python3
3354424 root      20   0  858208 397136  46048 S   0.0   4.8  14:04.98 python3
%Cpu(s):  4.5 us,  0.7 sy,  0.0 ni, 94.8 id,  0.0 wa,  0.0 hi,  0.0 si,  0.0 st 
1447731 root      20   0 1172416 466432  58048 S  13.9   5.6   0:13.97 python3
 508568 harvest   20   0 1740848 114400  50752 S   0.0   1.4   2:09.37 python3
2724564 harvest   20   0  106064  11664   7280 S   0.0   0.1   2:46.65 python3
3354424 root      20   0  858208 397136  46048 S   0.0   4.8  14:04.98 python3
%Cpu(s): 14.5 us,  0.0 sy,  0.0 ni, 85.5 id,  0.0 wa,  0.0 hi,  0.0 si,  0.0 st 
1447731 root      20   0 1172416 466432  58048 S  56.4   5.6   0:14.54 python3
3354424 root      20   0  858208 397136  46048 S   1.0   4.8  14:04.99 python3
 508568 harvest   20   0 1740848 114400  50752 S   0.0   1.4   2:09.37 python3
2724564 harvest   20   0  106064  11664   7280 S   0.0   0.1   2:46.65 python3
%Cpu(s):  8.5 us,  1.5 sy,  0.0 ni, 90.0 id,  0.0 wa,  0.0 hi,  0.0 si,  0.0 st 
1447731 root      20   0 1172416 466432  58048 S   3.0   5.6   0:14.57 python3
 508568 harvest   20   0 1740848 114400  50752 S   2.0   1.4   2:09.39 python3
2724564 harvest   20   0  106064  11664   7280 S   0.0   0.1   2:46.65 python3
3354424 root      20   0  858208 397136  46048 S   0.0   4.8  14:04.99 python3
%Cpu(s):  1.5 us,  0.5 sy,  0.0 ni, 97.5 id,  0.2 wa,  0.0 hi,  0.2 si,  0.0 st 
1447731 root      20   0 1172416 466432  58048 S   2.0   5.6   0:14.59 python3
 508568 harvest   20   0 1740848 114400  50752 S   0.0   1.4   2:09.39 python3
2724564 harvest   20   0  106064  11664   7280 S   0.0   0.1   2:46.65 python3
3354424 root      20   0  858208 397136  46048 S   0.0   4.8  14:04.99 python3
%Cpu(s):  4.0 us,  0.5 sy,  0.0 ni, 95.5 id,  0.0 wa,  0.0 hi,  0.0 si,  0.0 st 
1447731 root      20   0 1172416 466432  58048 S   3.0   5.6   0:14.62 python3
 508568 harvest   20   0 1740848 114400  50752 S   1.0   1.4   2:09.40 python3
2724564 harvest   20   0  106064  11664   7280 S   0.0   0.1   2:46.65 python3
3354424 root      20   0  858208 397136  46048 S   0.0   4.8  14:04.99 python3
%Cpu(s):  0.8 us,  0.0 sy,  0.0 ni, 99.2 id,  0.0 wa,  0.0 hi,  0.0 si,  0.0 st 
1447731 root      20   0 1172416 466432  58048 S   2.0   5.6   0:14.64 python3
 508568 harvest   20   0 1740848 114400  50752 S   0.0   1.4   2:09.40 python3
2724564 harvest   20   0  106064  11664   7280 S   0.0   0.1   2:46.65 python3
3354424 root      20   0  858208 397136  46048 S   0.0   4.8  14:04.99 python3
%Cpu(s):  1.5 us,  0.2 sy,  0.0 ni, 98.0 id,  0.0 wa,  0.0 hi,  0.2 si,  0.0 st 
1447731 root      20   0 1172416 466432  58048 S   4.0   5.6   0:14.68 python3
 508568 harvest   20   0 1740848 114400  50752 S   0.0   1.4   2:09.40 python3
2724564 harvest   20   0  106064  11664   7280 S   0.0   0.1   2:46.65 python3
3354424 root      20   0  858208 397232  46048 S   0.0   4.8  14:04.99 python3
%Cpu(s):  1.7 us,  0.2 sy,  0.0 ni, 98.0 id,  0.0 wa,  0.0 hi,  0.0 si,  0.0 st 
1447731 root      20   0 1172416 466432  58048 S   3.0   5.6   0:14.71 python3
 508568 harvest   20   0 1740848 114400  50752 S   0.0   1.4   2:09.40 python3
2724564 harvest   20   0  106064  11664   7280 S   0.0   0.1   2:46.65 python3
3354424 root      20   0  858208 397232  46048 S   0.0   4.8  14:04.99 python3
%Cpu(s):  6.0 us,  0.5 sy,  0.0 ni, 93.5 id,  0.0 wa,  0.0 hi,  0.0 si,  0.0 st 
1447731 root      20   0 1172416 466432  58048 S  21.8   5.6   0:14.93 python3
3354424 root      20   0  858208 397232  46048 S   1.0   4.8  14:05.00 python3
 508568 harvest   20   0 1740848 114400  50752 S   0.0   1.4   2:09.40 python3
2724564 harvest   20   0  106064  11664   7280 S   0.0   0.1   2:46.65 python3
%Cpu(s): 14.9 us,  0.2 sy,  0.0 ni, 84.9 id,  0.0 wa,  0.0 hi,  0.0 si,  0.0 st 
1447731 root      20   0 1172416 466432  58048 S  57.4   5.6   0:15.51 python3
 508568 harvest   20   0 1740848 114400  50752 S   0.0   1.4   2:09.40 python3
2724564 harvest   20   0  106064  11664   7280 S   0.0   0.1   2:46.65 python3
3354424 root      20   0  858208 397232  46048 R   0.0   4.8  14:05.00 python3
%Cpu(s):  1.0 us,  0.2 sy,  0.0 ni, 98.8 id,  0.0 wa,  0.0 hi,  0.0 si,  0.0 st 
1447731 root      20   0 1172416 466432  58048 S   3.0   5.6   0:15.54 python3
 508568 harvest   20   0 1740848 114400  50752 S   0.0   1.4   2:09.40 python3
2724564 harvest   20   0  106064  11664   7280 S   0.0   0.1   2:46.65 python3
3354424 root      20   0  858208 397232  46048 S   0.0   4.8  14:05.00 python3
%Cpu(s):  1.5 us,  0.0 sy,  0.0 ni, 98.5 id,  0.0 wa,  0.0 hi,  0.0 si,  0.0 st 
1447731 root      20   0 1172416 466432  58048 R   2.0   5.6   0:15.56 python3
 508568 harvest   20   0 1740848 114400  50752 S   0.0   1.4   2:09.40 python3
2724564 harvest   20   0  106064  11664   7280 S   0.0   0.1   2:46.65 python3
3354424 root      20   0  858208 397232  46048 S   0.0   4.8  14:05.00 python3
%Cpu(s):  0.7 us,  0.2 sy,  0.0 ni, 98.5 id,  0.5 wa,  0.0 hi,  0.0 si,  0.0 st 
1447731 root      20   0 1172416 466432  58048 S   2.0   5.6   0:15.58 python3
 508568 harvest   20   0 1740848 114400  50752 S   0.0   1.4   2:09.40 python3
2724564 harvest   20   0  106064  11664   7280 S   0.0   0.1   2:46.65 python3
3354424 root      20   0  858208 397232  46048 S   0.0   4.8  14:05.00 python3
%Cpu(s):  2.2 us,  0.5 sy,  0.0 ni, 97.3 id,  0.0 wa,  0.0 hi,  0.0 si,  0.0 st 
1447731 root      20   0 1172416 466432  58048 S   3.0   5.6   0:15.61 python3
 508568 harvest   20   0 1740848 114400  50752 S   0.0   1.4   2:09.40 python3
2724564 harvest   20   0  106064  11664   7280 S   0.0   0.1   2:46.65 python3
3354424 root      20   0  858208 397232  46048 S   0.0   4.8  14:05.00 python3
%Cpu(s):  2.5 us,  0.7 sy,  0.0 ni, 96.8 id,  0.0 wa,  0.0 hi,  0.0 si,  0.0 st 
1447731 root      20   0 1172416 466432  58048 S   3.0   5.6   0:15.64 python3
 508568 harvest   20   0 1740848 114400  50752 S   0.0   1.4   2:09.40 python3
2724564 harvest   20   0  106064  11664   7280 S   0.0   0.1   2:46.65 python3
3354424 root      20   0  858208 397232  46048 S   0.0   4.8  14:05.00 python3
%Cpu(s):  7.0 us,  1.2 sy,  0.0 ni, 91.8 id,  0.0 wa,  0.0 hi,  0.0 si,  0.0 st 
1447731 root      20   0 1172416 466432  58048 S   4.0   5.6   0:15.68 python3
 508568 harvest   20   0 1740848 114400  50752 S   1.0   1.4   2:09.41 python3
2724564 harvest   20   0  106064  11664   7280 S   0.0   0.1   2:46.65 python3
3354424 root      20   0  858208 397232  46048 S   0.0   4.8  14:05.00 python3
%Cpu(s): 16.9 us,  0.0 sy,  0.0 ni, 83.1 id,  0.0 wa,  0.0 hi,  0.0 si,  0.0 st 
1447731 root      20   0 1172416 466432  58048 S  64.4   5.6   0:16.33 python3
 508568 harvest   20   0 1740848 114400  50752 S   0.0   1.4   2:09.41 python3
2724564 harvest   20   0  106064  11664   7280 S   0.0   0.1   2:46.65 python3
3354424 root      20   0  858208 397136  46048 S   0.0   4.8  14:05.00 python3
%Cpu(s):  3.5 us,  0.7 sy,  0.0 ni, 95.8 id,  0.0 wa,  0.0 hi,  0.0 si,  0.0 st 
1447731 root      20   0 1172416 466432  58048 S   3.0   5.6   0:16.36 python3
 508568 harvest   20   0 1740848 114400  50752 S   0.0   1.4   2:09.41 python3
2724564 harvest   20   0  106064  11664   7280 S   0.0   0.1   2:46.65 python3
3354424 root      20   0  858208 397136  46048 S   0.0   4.8  14:05.00 python3
%Cpu(s):  9.7 us,  0.7 sy,  0.0 ni, 89.6 id,  0.0 wa,  0.0 hi,  0.0 si,  0.0 st 
1447731 root      20   0 1172416 466432  58048 S   2.0   5.6   0:16.38 python3
3354424 root      20   0  858208 397168  46048 S   1.0   4.8  14:05.01 python3
 508568 harvest   20   0 1740848 114400  50752 S   0.0   1.4   2:09.41 python3
2724564 harvest   20   0  106064  11664   7280 S   0.0   0.1   2:46.65 python3
%Cpu(s):  0.7 us,  0.2 sy,  0.0 ni, 99.0 id,  0.0 wa,  0.0 hi,  0.0 si,  0.0 st 
1447731 root      20   0 1172416 466432  58048 S   3.0   5.6   0:16.41 python3
 508568 harvest   20   0 1740848 114400  50752 S   0.0   1.4   2:09.41 python3
2724564 harvest   20   0  106064  11664   7280 S   0.0   0.1   2:46.65 python3
3354424 root      20   0  858208 397168  46048 S   0.0   4.8  14:05.01 python3
%Cpu(s):  1.2 us,  0.0 sy,  0.0 ni, 98.5 id,  0.2 wa,  0.0 hi,  0.0 si,  0.0 st 
1447731 root      20   0 1172416 466432  58048 S   2.0   5.6   0:16.43 python3
 508568 harvest   20   0 1740848 114400  50752 S   0.0   1.4   2:09.41 python3
2724564 harvest   20   0  106064  11664   7280 S   0.0   0.1   2:46.65 python3
3354424 root      20   0  858208 397168  46048 S   0.0   4.8  14:05.01 python3
%Cpu(s):  2.0 us,  0.5 sy,  0.0 ni, 97.5 id,  0.0 wa,  0.0 hi,  0.0 si,  0.0 st 
1447731 root      20   0 1172416 466432  58048 S   4.0   5.6   0:16.47 python3
 508568 harvest   20   0 1740848 114400  50752 S   0.0   1.4   2:09.41 python3
2724564 harvest   20   0  106064  11664   7280 S   0.0   0.1   2:46.65 python3
3354424 root      20   0  858208 397232  46048 S   0.0   4.8  14:05.01 python3
%Cpu(s):  1.5 us,  0.0 sy,  0.0 ni, 98.5 id,  0.0 wa,  0.0 hi,  0.0 si,  0.0 st 
1447731 root      20   0 1172416 466432  58048 S   3.0   5.6   0:16.50 python3
 508568 harvest   20   0 1740848 114400  50752 S   0.0   1.4   2:09.41 python3
2724564 harvest   20   0  106064  11664   7280 S   0.0   0.1   2:46.65 python3
3354424 root      20   0  858208 397232  46048 S   0.0   4.8  14:05.01 python3
%Cpu(s): 14.7 us,  0.7 sy,  0.0 ni, 84.6 id,  0.0 wa,  0.0 hi,  0.0 si,  0.0 st 
1447731 root      20   0 1172416 466432  58048 R  52.0   5.6   0:17.03 python3
 508568 harvest   20   0 1740848 114400  50752 S   0.0   1.4   2:09.41 python3
2724564 harvest   20   0  106064  11664   7280 S   0.0   0.1   2:46.65 python3
3354424 root      20   0  858208 397232  46048 S   0.0   4.8  14:05.01 python3
%Cpu(s):  6.2 us,  1.0 sy,  0.0 ni, 92.8 id,  0.0 wa,  0.0 hi,  0.0 si,  0.0 st 
1447731 root      20   0 1172416 466432  58048 S  23.0   5.6   0:17.26 python3
 508568 harvest   20   0 1740848 114400  50752 S   0.0   1.4   2:09.41 python3
2724564 harvest   20   0  106064  11664   7280 S   0.0   0.1   2:46.65 python3
3354424 root      20   0  858208 397232  46048 S   0.0   4.8  14:05.01 python3
%Cpu(s):  1.2 us,  0.0 sy,  0.0 ni, 98.8 id,  0.0 wa,  0.0 hi,  0.0 si,  0.0 st 
1447731 root      20   0 1172416 466432  58048 S   3.0   5.6   0:17.29 python3
 508568 harvest   20   0 1740848 114400  50752 S   1.0   1.4   2:09.42 python3
2724564 harvest   20   0  106064  11664   7280 S   0.0   0.1   2:46.65 python3
3354424 root      20   0  858208 397232  46048 S   0.0   4.8  14:05.01 python3
%Cpu(s):  1.0 us,  0.2 sy,  0.0 ni, 98.8 id,  0.0 wa,  0.0 hi,  0.0 si,  0.0 st 
1447731 root      20   0 1172416 466432  58048 S   2.0   5.6   0:17.31 python3
 508568 harvest   20   0 1740848 114400  50752 S   0.0   1.4   2:09.42 python3
2724564 harvest   20   0  106064  11664   7280 S   0.0   0.1   2:46.65 python3
3354424 root      20   0  858208 397232  46048 S   0.0   4.8  14:05.01 python3
%Cpu(s):  4.2 us,  0.0 sy,  0.0 ni, 95.8 id,  0.0 wa,  0.0 hi,  0.0 si,  0.0 st 
1447731 root      20   0 1172416 466432  58048 S   3.0   5.6   0:17.34 python3
 508568 harvest   20   0 1740848 114400  50752 S   0.0   1.4   2:09.42 python3
2724564 harvest   20   0  106064  11664   7280 S   0.0   0.1   2:46.65 python3
3354424 root      20   0  858208 397232  46048 S   0.0   4.8  14:05.01 python3
%Cpu(s):  6.2 us,  0.5 sy,  0.0 ni, 93.3 id,  0.0 wa,  0.0 hi,  0.0 si,  0.0 st 
1447731 root      20   0 1172416 466432  58048 S   2.9   5.6   0:17.37 python3
 508568 harvest   20   0 1740848 114400  50752 S   0.0   1.4   2:09.42 python3
2724564 harvest   20   0  106064  11664   7280 S   0.0   0.1   2:46.65 python3
3354424 root      20   0  858208 397232  46048 S   0.0   4.8  14:05.01 python3
%Cpu(s):  1.5 us,  0.2 sy,  0.0 ni, 98.3 id,  0.0 wa,  0.0 hi,  0.0 si,  0.0 st 
1447731 root      20   0 1172416 466432  58048 S   3.0   5.6   0:17.40 python3
3354424 root      20   0  858208 397232  46048 S   1.0   4.8  14:05.02 python3
 508568 harvest   20   0 1740848 114400  50752 S   0.0   1.4   2:09.42 python3
2724564 harvest   20   0  106064  11664   7280 S   0.0   0.1   2:46.65 python3
%Cpu(s):  2.2 us,  0.7 sy,  0.0 ni, 97.0 id,  0.0 wa,  0.0 hi,  0.0 si,  0.0 st 
1447731 root      20   0 1172416 466432  58048 S   5.0   5.6   0:17.45 python3
 508568 harvest   20   0 1740848 114400  50752 S   0.0   1.4   2:09.42 python3
2724564 harvest   20   0  106064  11664   7280 S   0.0   0.1   2:46.65 python3
3354424 root      20   0  858208 397232  46048 S   0.0   4.8  14:05.02 python3
%Cpu(s):  5.2 us,  0.2 sy,  0.0 ni, 94.5 id,  0.0 wa,  0.0 hi,  0.0 si,  0.0 st 
1447731 root      20   0 1172416 466560  58048 S  17.8   5.7   0:17.63 python3
 508568 harvest   20   0 1740848 114400  50752 S   0.0   1.4   2:09.42 python3
2724564 harvest   20   0  106064  11664   7280 S   0.0   0.1   2:46.65 python3
3354424 root      20   0  858208 397232  46048 S   0.0   4.8  14:05.02 python3
%Cpu(s): 26.9 us,  0.7 sy,  0.0 ni, 72.1 id,  0.2 wa,  0.0 hi,  0.0 si,  0.0 st 
1447731 root      20   0 1172416 466560  58048 S  70.0   5.7   0:18.33 python3
 508568 harvest   20   0 1740848 114400  50752 S   1.0   1.4   2:09.43 python3
2724564 harvest   20   0  106064  11664   7280 S   0.0   0.1   2:46.65 python3
3354424 root      20   0  858208 397232  46048 S   0.0   4.8  14:05.02 python3
%Cpu(s):  1.5 us,  0.5 sy,  0.0 ni, 97.8 id,  0.0 wa,  0.0 hi,  0.2 si,  0.0 st 
1447731 root      20   0 1172416 466560  58048 S   2.0   5.7   0:18.35 python3
 508568 harvest   20   0 1740848 114400  50752 S   1.0   1.4   2:09.44 python3
2724564 harvest   20   0  106064  11664   7280 S   0.0   0.1   2:46.65 python3
3354424 root      20   0  858208 397232  46048 S   0.0   4.8  14:05.02 python3
%Cpu(s):  3.2 us,  0.8 sy,  0.0 ni, 96.0 id,  0.0 wa,  0.0 hi,  0.0 si,  0.0 st 
1447731 root      20   0 1172416 466560  58048 S   3.0   5.7   0:18.38 python3
 508568 harvest   20   0 1740848 114400  50752 S   0.0   1.4   2:09.44 python3
2724564 harvest   20   0  106064  11664   7280 S   0.0   0.1   2:46.65 python3
3354424 root      20   0  858208 397232  46048 S   0.0   4.8  14:05.02 python3
%Cpu(s):  0.7 us,  0.2 sy,  0.0 ni, 99.0 id,  0.0 wa,  0.0 hi,  0.0 si,  0.0 st 
1447731 root      20   0 1172416 466560  58048 S   2.0   5.7   0:18.40 python3
 508568 harvest   20   0 1740848 114400  50752 S   0.0   1.4   2:09.44 python3
2724564 harvest   20   0  106064  11664   7280 S   0.0   0.1   2:46.65 python3
3354424 root      20   0  858208 397232  46048 S   0.0   4.8  14:05.02 python3
%Cpu(s):  1.0 us,  0.0 sy,  0.0 ni, 98.8 id,  0.0 wa,  0.0 hi,  0.2 si,  0.0 st 
1447731 root      20   0 1172416 466560  58048 S   3.0   5.7   0:18.43 python3
3354424 root      20   0  858208 397232  46048 S   1.0   4.8  14:05.03 python3
 508568 harvest   20   0 1740848 114400  50752 S   0.0   1.4   2:09.44 python3
2724564 harvest   20   0  106064  11664   7280 S   0.0   0.1   2:46.65 python3
%Cpu(s):  5.2 us,  0.5 sy,  0.0 ni, 94.3 id,  0.0 wa,  0.0 hi,  0.0 si,  0.0 st 
1447731 root      20   0 1172416 466560  58048 S  17.8   5.7   0:18.61 python3
 508568 harvest   20   0 1740848 114400  50752 S   0.0   1.4   2:09.44 python3
2724564 harvest   20   0  106064  11664   7280 S   0.0   0.1   2:46.65 python3
3354424 root      20   0  858208 397232  46048 S   0.0   4.8  14:05.03 python3
%Cpu(s): 10.5 us,  0.0 sy,  0.0 ni, 89.5 id,  0.0 wa,  0.0 hi,  0.0 si,  0.0 st 
1447731 root      20   0 1172432 466608  58048 S  39.6   5.7   0:19.01 python3
 508568 harvest   20   0 1740848 114400  50752 S   0.0   1.4   2:09.44 python3
2724564 harvest   20   0  106064  11664   7280 S   0.0   0.1   2:46.65 python3
3354424 root      20   0  858208 397104  46048 S   0.0   4.8  14:05.03 python3
%Cpu(s):  1.2 us,  0.2 sy,  0.0 ni, 98.5 id,  0.0 wa,  0.0 hi,  0.0 si,  0.0 st 
1447731 root      20   0 1172432 466608  58048 S   5.0   5.7   0:19.06 python3
 508568 harvest   20   0 1740848 114400  50752 S   0.0   1.4   2:09.44 python3
2724564 harvest   20   0  106064  11664   7280 S   0.0   0.1   2:46.65 python3
3354424 root      20   0  858208 397104  46048 S   0.0   4.8  14:05.03 python3
%Cpu(s):  1.7 us,  0.2 sy,  0.0 ni, 98.0 id,  0.0 wa,  0.0 hi,  0.0 si,  0.0 st 
1447731 root      20   0 1172432 466608  58048 S   5.0   5.7   0:19.11 python3
3354424 root      20   0  858208 397104  46048 S   1.0   4.8  14:05.04 python3
 508568 harvest   20   0 1740848 114400  50752 S   0.0   1.4   2:09.44 python3
2724564 harvest   20   0  106064  11664   7280 S   0.0   0.1   2:46.65 python3
%Cpu(s):  2.2 us,  0.0 sy,  0.0 ni, 97.8 id,  0.0 wa,  0.0 hi,  0.0 si,  0.0 st 
1447731 root      20   0 1172432 466608  58048 S   4.0   5.7   0:19.15 python3
 508568 harvest   20   0 1740848 114400  50752 S   0.0   1.4   2:09.44 python3
2724564 harvest   20   0  106064  11664   7280 S   0.0   0.1   2:46.65 python3
3354424 root      20   0  858208 397104  46048 S   0.0   4.8  14:05.04 python3
%Cpu(s): 11.4 us,  0.0 sy,  0.0 ni, 88.6 id,  0.0 wa,  0.0 hi,  0.0 si,  0.0 st 
1447731 root      20   0 1172432 467504  58048 S  43.0   5.7   0:19.58 python3
2724564 harvest   20   0  106064  11664   7280 S   1.0   0.1   2:46.66 python3
 508568 harvest   20   0 1740848 114400  50752 S   0.0   1.4   2:09.44 python3
3354424 root      20   0  858208 397104  46048 S   0.0   4.8  14:05.04 python3
%Cpu(s):  3.0 us,  0.7 sy,  0.0 ni, 96.3 id,  0.0 wa,  0.0 hi,  0.0 si,  0.0 st 
1447731 root      20   0 1172432 467504  58048 S   6.9   5.7   0:19.65 python3
 508568 harvest   20   0 1740848 114400  50752 S   1.0   1.4   2:09.45 python3
2724564 harvest   20   0  106064  11664   7280 S   0.0   0.1   2:46.66 python3
3354424 root      20   0  858208 397104  46048 S   0.0   4.8  14:05.04 python3
%Cpu(s): 18.0 us,  1.0 sy,  0.0 ni, 80.7 id,  0.2 wa,  0.0 hi,  0.0 si,  0.0 st 
1447731 root      20   0 1172432 468208  58048 S  66.3   5.7   0:20.32 python3
 508568 harvest   20   0 1740848 114400  50752 S   0.0   1.4   2:09.45 python3
2724564 harvest   20   0  106064  11664   7280 S   0.0   0.1   2:46.66 python3
3354424 root      20   0  858208 397104  46048 S   0.0   4.8  14:05.04 python3
%Cpu(s):  2.2 us,  0.5 sy,  0.0 ni, 97.2 id,  0.0 wa,  0.0 hi,  0.0 si,  0.0 st 
1447731 root      20   0 1172432 468208  58048 S   5.0   5.7   0:20.37 python3
 508568 harvest   20   0 1740848 114400  50752 S   0.0   1.4   2:09.45 python3
2724564 harvest   20   0  106064  11664   7280 S   0.0   0.1   2:46.66 python3
3354424 root      20   0  858208 397104  46048 S   0.0   4.8  14:05.04 python3
%Cpu(s):  1.5 us,  0.5 sy,  0.0 ni, 98.0 id,  0.0 wa,  0.0 hi,  0.0 si,  0.0 st 
1447731 root      20   0 1172432 468208  58048 S   5.0   5.7   0:20.42 python3
3354424 root      20   0  858208 397104  46048 S   1.0   4.8  14:05.05 python3
 508568 harvest   20   0 1740848 114400  50752 S   0.0   1.4   2:09.45 python3
2724564 harvest   20   0  106064  11664   7280 S   0.0   0.1   2:46.66 python3
%Cpu(s):  4.0 us,  0.5 sy,  0.0 ni, 95.5 id,  0.0 wa,  0.0 hi,  0.0 si,  0.0 st 
1447731 root      20   0 1172432 468208  58048 S   5.0   5.7   0:20.47 python3
 508568 harvest   20   0 1740848 114400  50752 S   0.0   1.4   2:09.45 python3
2724564 harvest   20   0  106064  11664   7280 S   0.0   0.1   2:46.66 python3
3354424 root      20   0  858208 397104  46048 S   0.0   4.8  14:05.05 python3
%Cpu(s): 36.8 us,  1.5 sy,  0.0 ni, 61.8 id,  0.0 wa,  0.0 hi,  0.0 si,  0.0 st 
1447731 root      20   0 1172432 468208  58048 S 101.0   5.7   0:21.49 python3
 508568 harvest   20   0 1740848 114400  50752 S   0.0   1.4   2:09.45 python3
2724564 harvest   20   0  106064  11664   7280 S   0.0   0.1   2:46.66 python3
3354424 root      20   0  858208 397104  46048 S   0.0   4.8  14:05.05 python3
%Cpu(s):  2.0 us,  0.2 sy,  0.0 ni, 97.8 id,  0.0 wa,  0.0 hi,  0.0 si,  0.0 st 
1447731 root      20   0 1172432 468208  58048 S   5.9   5.7   0:21.55 python3
 508568 harvest   20   0 1740848 114400  50752 S   0.0   1.4   2:09.45 python3
2724564 harvest   20   0  106064  11664   7280 S   0.0   0.1   2:46.66 python3
3354424 root      20   0  858208 397104  46048 S   0.0   4.8  14:05.05 python3
%Cpu(s):  2.2 us,  0.2 sy,  0.0 ni, 97.3 id,  0.2 wa,  0.0 hi,  0.0 si,  0.0 st 
1447731 root      20   0 1246224 468256  58048 S   5.9   5.7   0:21.61 python3
 508568 harvest   20   0 1740848 114400  50752 S   0.0   1.4   2:09.45 python3
2724564 harvest   20   0  106064  11664   7280 S   0.0   0.1   2:46.66 python3
3354424 root      20   0  858208 397104  46048 S   0.0   4.8  14:05.05 python3
%Cpu(s): 10.0 us,  0.2 sy,  0.0 ni, 89.8 id,  0.0 wa,  0.0 hi,  0.0 si,  0.0 st 
1447731 root      20   0 1246224 469504  58048 R  37.6   5.7   0:21.99 python3
 508568 harvest   20   0 1740848 114400  50752 S   1.0   1.4   2:09.46 python3
2724564 harvest   20   0  106064  11664   7280 S   0.0   0.1   2:46.66 python3
3354424 root      20   0  858208 397104  46048 S   0.0   4.8  14:05.05 python3
%Cpu(s):  1.0 us,  0.2 sy,  0.0 ni, 98.8 id,  0.0 wa,  0.0 hi,  0.0 si,  0.0 st 
1447731 root      20   0 1246224 469504  58048 S   5.0   5.7   0:22.04 python3
 508568 harvest   20   0 1740848 114400  50752 S   0.0   1.4   2:09.46 python3
2724564 harvest   20   0  106064  11664   7280 S   0.0   0.1   2:46.66 python3
3354424 root      20   0  858208 397104  46048 S   0.0   4.8  14:05.05 python3
%Cpu(s):  2.5 us,  0.7 sy,  0.0 ni, 96.8 id,  0.0 wa,  0.0 hi,  0.0 si,  0.0 st 
1447731 root      20   0 1246224 469504  58048 S   5.0   5.7   0:22.09 python3
 508568 harvest   20   0 1740848 114400  50752 S   0.0   1.4   2:09.46 python3
2724564 harvest   20   0  106064  11664   7280 S   0.0   0.1   2:46.66 python3
3354424 root      20   0  858208 397104  46048 S   0.0   4.8  14:05.05 python3
%Cpu(s): 15.5 us,  0.2 sy,  0.0 ni, 84.3 id,  0.0 wa,  0.0 hi,  0.0 si,  0.0 st 
1447731 root      20   0 1246224 469504  58048 S  56.4   5.7   0:22.66 python3
3354424 root      20   0  858208 397104  46048 S   1.0   4.8  14:05.06 python3
 508568 harvest   20   0 1740848 114400  50752 S   0.0   1.4   2:09.46 python3
2724564 harvest   20   0  106064  11664   7280 S   0.0   0.1   2:46.66 python3
%Cpu(s): 12.4 us,  0.2 sy,  0.0 ni, 87.3 id,  0.0 wa,  0.0 hi,  0.0 si,  0.0 st 
1447731 root      20   0 1246224 469504  58048 S  47.5   5.7   0:23.14 python3
 508568 harvest   20   0 1740848 114400  50752 S   0.0   1.4   2:09.46 python3
2724564 harvest   20   0  106064  11664   7280 S   0.0   0.1   2:46.66 python3
3354424 root      20   0  858208 397008  46048 S   0.0   4.8  14:05.06 python3
%Cpu(s):  2.2 us,  0.0 sy,  0.0 ni, 97.5 id,  0.2 wa,  0.0 hi,  0.0 si,  0.0 st 
1447731 root      20   0 1246224 469504  58048 S   6.0   5.7   0:23.20 python3
 508568 harvest   20   0 1740848 114400  50752 S   0.0   1.4   2:09.46 python3
2724564 harvest   20   0  106064  11664   7280 S   0.0   0.1   2:46.66 python3
3354424 root      20   0  858208 397008  46048 S   0.0   4.8  14:05.06 python3
%Cpu(s):  2.5 us,  0.5 sy,  0.0 ni, 97.0 id,  0.0 wa,  0.0 hi,  0.0 si,  0.0 st 
1447731 root      20   0 1246224 469504  58048 S   6.9   5.7   0:23.27 python3
 508568 harvest   20   0 1740848 114400  50752 S   0.0   1.4   2:09.46 python3
2724564 harvest   20   0  106064  11664   7280 S   0.0   0.1   2:46.66 python3
3354424 root      20   0  858208 397008  46048 S   0.0   4.8  14:05.06 python3
%Cpu(s):  9.7 us,  1.0 sy,  0.0 ni, 89.3 id,  0.0 wa,  0.0 hi,  0.0 si,  0.0 st 
1447731 root      20   0 1246224 469504  58048 S   5.0   5.7   0:23.32 python3
 508568 harvest   20   0 1740848 114400  50752 S   0.0   1.4   2:09.46 python3
2724564 harvest   20   0  106064  11664   7280 S   0.0   0.1   2:46.66 python3
3354424 root      20   0  858208 397008  46048 S   0.0   4.8  14:05.06 python3
%Cpu(s): 11.5 us,  0.2 sy,  0.0 ni, 88.3 id,  0.0 wa,  0.0 hi,  0.0 si,  0.0 st 
1447731 root      20   0 1246224 469504  58048 S  44.6   5.7   0:23.77 python3
 508568 harvest   20   0 1740848 114400  50752 S   0.0   1.4   2:09.46 python3
2724564 harvest   20   0  106064  11664   7280 S   0.0   0.1   2:46.66 python3
3354424 root      20   0  858208 397008  46048 S   0.0   4.8  14:05.06 python3
%Cpu(s):  2.2 us,  0.5 sy,  0.0 ni, 97.3 id,  0.0 wa,  0.0 hi,  0.0 si,  0.0 st 
1447731 root      20   0 1246224 469504  58048 S   5.0   5.7   0:23.82 python3
 508568 harvest   20   0 1740848 114400  50752 S   0.0   1.4   2:09.46 python3
2724564 harvest   20   0  106064  11664   7280 S   0.0   0.1   2:46.66 python3
3354424 root      20   0  858208 397008  46048 S   0.0   4.8  14:05.06 python3
%Cpu(s): 16.8 us,  0.5 sy,  0.0 ni, 82.7 id,  0.0 wa,  0.0 hi,  0.0 si,  0.0 st 
1447731 root      20   0 1246224 469920  58048 S  65.0   5.7   0:24.47 python3
 508568 harvest   20   0 1740848 114400  50752 S   0.0   1.4   2:09.46 python3
2724564 harvest   20   0  106064  11664   7280 S   0.0   0.1   2:46.66 python3
3354424 root      20   0  858208 397008  46048 S   0.0   4.8  14:05.06 python3
%Cpu(s):  9.2 us,  0.8 sy,  0.0 ni, 89.8 id,  0.2 wa,  0.0 hi,  0.0 si,  0.0 st 
1447731 root      20   0 1246224 469920  58048 S   5.0   5.7   0:24.52 python3
 508568 harvest   20   0 1740848 114400  50752 S   1.0   1.4   2:09.47 python3
2724564 harvest   20   0  106064  11664   7280 S   0.0   0.1   2:46.66 python3
3354424 root      20   0  858208 397008  46048 S   0.0   4.8  14:05.06 python3
%Cpu(s):  5.5 us,  1.5 sy,  0.0 ni, 93.1 id,  0.0 wa,  0.0 hi,  0.0 si,  0.0 st 
1452154 root      20   0   29744  18992   9888 S   7.9   0.2   0:00.08 python3
1447731 root      20   0 1246224 469920  58048 S   5.9   5.7   0:24.58 python3
3354424 root      20   0  858208 397008  46048 S   1.0   4.8  14:05.07 python3
 508568 harvest   20   0 1740848 114400  50752 S   0.0   1.4   2:09.47 python3
2724564 harvest   20   0  106064  11664   7280 S   0.0   0.1   2:46.66 python3
%Cpu(s): 13.2 us,  0.5 sy,  0.0 ni, 86.3 id,  0.0 wa,  0.0 hi,  0.0 si,  0.0 st 
1447731 root      20   0 1246224 469920  58048 S  48.5   5.7   0:25.07 python3
 508568 harvest   20   0 1740848 114400  50752 S   0.0   1.4   2:09.47 python3
2724564 harvest   20   0  106064  11664   7280 S   0.0   0.1   2:46.66 python3
3354424 root      20   0  858208 397008  46048 S   0.0   4.8  14:05.07 python3
%Cpu(s):  1.7 us,  0.0 sy,  0.0 ni, 98.3 id,  0.0 wa,  0.0 hi,  0.0 si,  0.0 st 
1447731 root      20   0 1246224 469920  58048 S   4.0   5.7   0:25.11 python3
 508568 harvest   20   0 1740848 114400  50752 S   1.0   1.4   2:09.48 python3
2724564 harvest   20   0  106064  11664   7280 S   0.0   0.1   2:46.66 python3
3354424 root      20   0  858208 397104  46048 S   0.0   4.8  14:05.07 python3
%Cpu(s):  1.7 us,  0.5 sy,  0.0 ni, 97.5 id,  0.0 wa,  0.0 hi,  0.2 si,  0.0 st 
1447731 root      20   0 1246224 469920  58048 S   5.0   5.7   0:25.16 python3
 508568 harvest   20   0 1740848 114400  50752 S   0.0   1.4   2:09.48 python3
2724564 harvest   20   0  106064  11664   7280 S   0.0   0.1   2:46.66 python3
3354424 root      20   0  858208 397104  46048 S   0.0   4.8  14:05.07 python3
%Cpu(s):  1.7 us,  0.0 sy,  0.0 ni, 98.3 id,  0.0 wa,  0.0 hi,  0.0 si,  0.0 st 
1447731 root      20   0 1246224 469920  58048 S   5.0   5.7   0:25.21 python3
 508568 harvest   20   0 1740848 114400  50752 S   0.0   1.4   2:09.48 python3
2724564 harvest   20   0  106064  11664   7280 S   0.0   0.1   2:46.66 python3
3354424 root      20   0  858208 397104  46048 S   0.0   4.8  14:05.07 python3
%Cpu(s):  9.2 us,  0.0 sy,  0.0 ni, 90.5 id,  0.2 wa,  0.0 hi,  0.0 si,  0.0 st 
1447731 root      20   0 1246224 470080  58048 S  33.7   5.7   0:25.55 python3
 508568 harvest   20   0 1740848 114400  50752 S   0.0   1.4   2:09.48 python3
2724564 harvest   20   0  106064  11664   7280 S   0.0   0.1   2:46.66 python3
3354424 root      20   0  858208 397104  46048 S   0.0   4.8  14:05.07 python3
%Cpu(s): 11.7 us,  0.2 sy,  0.0 ni, 88.0 id,  0.0 wa,  0.0 hi,  0.0 si,  0.0 st 
1447731 root      20   0 1246224 470080  58048 S  46.0   5.7   0:26.01 python3
3354424 root      20   0  858208 397104  46048 S   1.0   4.8  14:05.08 python3
 508568 harvest   20   0 1740848 114400  50752 S   0.0   1.4   2:09.48 python3
2724564 harvest   20   0  106064  11664   7280 S   0.0   0.1   2:46.66 python3
%Cpu(s):  2.0 us,  0.0 sy,  0.0 ni, 98.0 id,  0.0 wa,  0.0 hi,  0.0 si,  0.0 st 
1447731 root      20   0 1246224 470080  58048 S   5.0   5.7   0:26.06 python3
 508568 harvest   20   0 1740848 114400  50752 S   0.0   1.4   2:09.48 python3
2724564 harvest   20   0  106064  11664   7280 S   0.0   0.1   2:46.66 python3
3354424 root      20   0  858208 397104  46048 S   0.0   4.8  14:05.08 python3
%Cpu(s):  1.7 us,  0.0 sy,  0.0 ni, 98.3 id,  0.0 wa,  0.0 hi,  0.0 si,  0.0 st 
1447731 root      20   0 1246224 470080  58048 S   5.0   5.7   0:26.11 python3
 508568 harvest   20   0 1740848 114400  50752 S   0.0   1.4   2:09.48 python3
2724564 harvest   20   0  106064  11664   7280 S   0.0   0.1   2:46.66 python3
3354424 root      20   0  858208 397104  46048 S   0.0   4.8  14:05.08 python3
%Cpu(s):  1.5 us,  0.2 sy,  0.0 ni, 98.3 id,  0.0 wa,  0.0 hi,  0.0 si,  0.0 st 
1447731 root      20   0 1246224 470080  58048 S   4.0   5.7   0:26.15 python3
 508568 harvest   20   0 1740848 114400  50752 S   0.0   1.4   2:09.48 python3
2724564 harvest   20   0  106064  11664   7280 S   0.0   0.1   2:46.66 python3
3354424 root      20   0  858208 397104  46048 S   0.0   4.8  14:05.08 python3
%Cpu(s):  2.0 us,  0.7 sy,  0.0 ni, 97.0 id,  0.0 wa,  0.0 hi,  0.2 si,  0.0 st 
1447731 root      20   0 1246224 470096  58048 S   6.0   5.7   0:26.21 python3
 508568 harvest   20   0 1740848 114400  50752 S   0.0   1.4   2:09.48 python3
2724564 harvest   20   0  106064  11664   7280 S   0.0   0.1   2:46.66 python3
3354424 root      20   0  858208 397104  46048 S   0.0   4.8  14:05.08 python3
%Cpu(s): 27.7 us,  0.7 sy,  0.0 ni, 71.6 id,  0.0 wa,  0.0 hi,  0.0 si,  0.0 st 
1447731 root      20   0 1262624 485712  58048 S 103.0   5.9   0:27.25 python3
 508568 harvest   20   0 1740848 114400  50752 S   0.0   1.4   2:09.48 python3
2724564 harvest   20   0  106064  11664   7280 S   0.0   0.1   2:46.66 python3
3354424 root      20   0  858208 397104  46048 S   0.0   4.8  14:05.08 python3
%Cpu(s):  2.2 us,  0.5 sy,  0.0 ni, 97.0 id,  0.2 wa,  0.0 hi,  0.0 si,  0.0 st 
1447731 root      20   0 1262624 485712  58048 S   5.9   5.9   0:27.31 python3
 508568 harvest   20   0 1740848 114400  50752 S   0.0   1.4   2:09.48 python3
2724564 harvest   20   0  106064  11664   7280 S   0.0   0.1   2:46.66 python3
3354424 root      20   0  858208 397008  46048 S   0.0   4.8  14:05.08 python3
%Cpu(s):  8.7 us,  0.0 sy,  0.0 ni, 91.3 id,  0.0 wa,  0.0 hi,  0.0 si,  0.0 st 
1447731 root      20   0 1262624 486000  58048 S  32.7   5.9   0:27.64 python3
 508568 harvest   20   0 1740848 114400  50752 S   1.0   1.4   2:09.49 python3
2724564 harvest   20   0  106064  11664   7280 S   0.0   0.1   2:46.66 python3
3354424 root      20   0  858208 397008  46048 S   0.0   4.8  14:05.08 python3
%Cpu(s): 15.7 us,  0.5 sy,  0.0 ni, 83.6 id,  0.0 wa,  0.0 hi,  0.2 si,  0.0 st 
1447731 root      20   0 1262624 486000  58048 S  51.0   5.9   0:28.15 python3
 508568 harvest   20   0 1740848 114400  50752 S   0.0   1.4   2:09.49 python3
2724564 harvest   20   0  106064  11664   7280 S   0.0   0.1   2:46.66 python3
3354424 root      20   0  858208 397008  46048 S   0.0   4.8  14:05.08 python3
%Cpu(s): 10.0 us,  1.2 sy,  0.0 ni, 88.8 id,  0.0 wa,  0.0 hi,  0.0 si,  0.0 st 
1447731 root      20   0 1262624 486000  58048 S   5.0   5.9   0:28.20 python3
3354424 root      20   0  858208 397104  46048 S   1.0   4.8  14:05.09 python3
 508568 harvest   20   0 1740848 114400  50752 S   0.0   1.4   2:09.49 python3
2724564 harvest   20   0  106064  11664   7280 S   0.0   0.1   2:46.66 python3
%Cpu(s):  2.2 us,  0.2 sy,  0.0 ni, 97.5 id,  0.0 wa,  0.0 hi,  0.0 si,  0.0 st 
1447731 root      20   0 1262624 486000  58048 S   5.9   5.9   0:28.26 python3
 508568 harvest   20   0 1740848 114400  50752 S   0.0   1.4   2:09.49 python3
2724564 harvest   20   0  106064  11664   7280 S   0.0   0.1   2:46.66 python3
3354424 root      20   0  858208 397104  46048 S   0.0   4.8  14:05.09 python3
%Cpu(s):  2.0 us,  0.2 sy,  0.0 ni, 97.8 id,  0.0 wa,  0.0 hi,  0.0 si,  0.0 st 
1447731 root      20   0 1262624 486000  58048 S   6.9   5.9   0:28.33 python3
 508568 harvest   20   0 1740848 114400  50752 S   0.0   1.4   2:09.49 python3
2724564 harvest   20   0  106064  11664   7280 S   0.0   0.1   2:46.66 python3
3354424 root      20   0  858208 397104  46048 S   0.0   4.8  14:05.09 python3
%Cpu(s):  2.5 us,  0.5 sy,  0.0 ni, 97.0 id,  0.0 wa,  0.0 hi,  0.0 si,  0.0 st 
1447731 root      20   0 1262624 486000  58048 S   5.9   5.9   0:28.39 python3
 508568 harvest   20   0 1740848 114400  50752 S   0.0   1.4   2:09.49 python3
2724564 harvest   20   0  106064  11664   7280 S   0.0   0.1   2:46.66 python3
3354424 root      20   0  858208 397104  46048 S   0.0   4.8  14:05.09 python3
%Cpu(s): 20.3 us,  0.2 sy,  0.0 ni, 79.4 id,  0.0 wa,  0.0 hi,  0.0 si,  0.0 st 
1447731 root      20   0 1262624 486000  58048 S  80.0   5.9   0:29.19 python3
 508568 harvest   20   0 1740848 114400  50752 S   0.0   1.4   2:09.49 python3
2724564 harvest   20   0  106064  11664   7280 S   0.0   0.1   2:46.66 python3
3354424 root      20   0  858208 397104  46048 S   0.0   4.8  14:05.09 python3
%Cpu(s):  7.2 us,  0.2 sy,  0.0 ni, 92.2 id,  0.0 wa,  0.0 hi,  0.2 si,  0.0 st 
1447731 root      20   0 1262624 486000  58048 S  25.7   5.9   0:29.45 python3
 508568 harvest   20   0 1740848 114400  50752 S   0.0   1.4   2:09.49 python3
2724564 harvest   20   0  106064  11664   7280 S   0.0   0.1   2:46.66 python3
3354424 root      20   0  858208 397104  46048 S   0.0   4.8  14:05.09 python3
%Cpu(s): 12.8 us,  0.5 sy,  0.0 ni, 86.8 id,  0.0 wa,  0.0 hi,  0.0 si,  0.0 st 
1447731 root      20   0 1262624 486000  58048 S  45.5   5.9   0:29.91 python3
 508568 harvest   20   0 1740848 114400  50752 S   0.0   1.4   2:09.49 python3
2724564 harvest   20   0  106064  11664   7280 S   0.0   0.1   2:46.66 python3
3354424 root      20   0  858208 397104  46048 S   0.0   4.8  14:05.09 python3
%Cpu(s):  1.5 us,  0.2 sy,  0.0 ni, 98.3 id,  0.0 wa,  0.0 hi,  0.0 si,  0.0 st 
1447731 root      20   0 1262624 486000  58048 S   5.0   5.9   0:29.96 python3
3354424 root      20   0  858208 397104  46048 S   1.0   4.8  14:05.10 python3
 508568 harvest   20   0 1740848 114400  50752 S   0.0   1.4   2:09.49 python3
2724564 harvest   20   0  106064  11664   7280 S   0.0   0.1   2:46.66 python3
%Cpu(s):  1.7 us,  0.2 sy,  0.0 ni, 98.0 id,  0.0 wa,  0.0 hi,  0.0 si,  0.0 st 
1447731 root      20   0 1262624 486000  58048 S   5.0   5.9   0:30.01 python3
 508568 harvest   20   0 1740848 114400  50752 S   0.0   1.4   2:09.49 python3
2724564 harvest   20   0  106064  11664   7280 S   0.0   0.1   2:46.66 python3
3354424 root      20   0  858208 397104  46048 S   0.0   4.8  14:05.10 python3
%Cpu(s):  2.0 us,  0.2 sy,  0.0 ni, 97.5 id,  0.2 wa,  0.0 hi,  0.0 si,  0.0 st 
1447731 root      20   0 1262624 486000  58048 S   5.9   5.9   0:30.07 python3
 508568 harvest   20   0 1740848 114400  50752 S   1.0   1.4   2:09.50 python3
2724564 harvest   20   0  106064  11664   7280 S   0.0   0.1   2:46.66 python3
3354424 root      20   0  858208 397104  46048 S   0.0   4.8  14:05.10 python3
%Cpu(s): 10.5 us,  1.0 sy,  0.0 ni, 88.3 id,  0.2 wa,  0.0 hi,  0.0 si,  0.0 st 
1447731 root      20   0 1262624 486000  58048 S   5.9   5.9   0:30.13 python3
 508568 harvest   20   0 1740848 114400  50752 S   0.0   1.4   2:09.50 python3
2724564 harvest   20   0  106064  11664   7280 S   0.0   0.1   2:46.66 python3
3354424 root      20   0  858208 397104  46048 S   0.0   4.8  14:05.10 python3
%Cpu(s):  1.2 us,  0.5 sy,  0.0 ni, 98.3 id,  0.0 wa,  0.0 hi,  0.0 si,  0.0 st 
1447731 root      20   0 1262624 486000  58048 S   5.0   5.9   0:30.18 python3
 508568 harvest   20   0 1740848 114400  50752 S   0.0   1.4   2:09.50 python3
2724564 harvest   20   0  106064  11664   7280 S   0.0   0.1   2:46.66 python3
3354424 root      20   0  858208 397104  46048 S   0.0   4.8  14:05.10 python3
%Cpu(s): 23.4 us,  0.7 sy,  0.0 ni, 75.8 id,  0.0 wa,  0.0 hi,  0.0 si,  0.0 st 
1447731 root      20   0 1262624 487056  58048 S  89.0   5.9   0:31.07 python3
 508568 harvest   20   0 1740848 114400  50752 S   1.0   1.4   2:09.51 python3
2724564 harvest   20   0  106064  11664   7280 S   0.0   0.1   2:46.66 python3
3354424 root      20   0  858208 397104  46048 S   0.0   4.8  14:05.10 python3
%Cpu(s): 14.6 us,  0.2 sy,  0.0 ni, 84.9 id,  0.0 wa,  0.0 hi,  0.2 si,  0.0 st 
1447731 root      20   0 1262624 487056  58048 S  57.4   5.9   0:31.65 python3
 508568 harvest   20   0 1740848 114400  50752 S   0.0   1.4   2:09.51 python3
2724564 harvest   20   0  106064  11664   7280 S   0.0   0.1   2:46.66 python3
3354424 root      20   0  858208 397104  46048 S   0.0   4.8  14:05.10 python3
%Cpu(s): 10.9 us,  1.5 sy,  0.0 ni, 87.7 id,  0.0 wa,  0.0 hi,  0.0 si,  0.0 st 
1447731 root      20   0 1262624 487056  58048 S   5.0   5.9   0:31.70 python3
 508568 harvest   20   0 1740848 114400  50752 S   1.0   1.4   2:09.52 python3
2724564 harvest   20   0  106064  11664   7280 S   0.0   0.1   2:46.66 python3
3354424 root      20   0  858208 397104  46048 S   0.0   4.8  14:05.10 python3
%Cpu(s):  5.0 us,  1.5 sy,  0.0 ni, 92.5 id,  1.0 wa,  0.0 hi,  0.0 si,  0.0 st 
1447731 root      20   0 1262624 487056  58048 S   6.0   5.9   0:31.76 python3
 508568 harvest   20   0 1740848 114400  50752 S   0.0   1.4   2:09.52 python3
2724564 harvest   20   0  106064  11664   7280 S   0.0   0.1   2:46.66 python3
3354424 root      20   0  858208 397104  46048 S   0.0   4.8  14:05.10 python3
%Cpu(s):  2.2 us,  0.5 sy,  0.0 ni, 97.3 id,  0.0 wa,  0.0 hi,  0.0 si,  0.0 st 
1447731 root      20   0 1262624 487056  58048 S   5.0   5.9   0:31.81 python3
3354424 root      20   0  858208 397104  46048 S   1.0   4.8  14:05.11 python3
 508568 harvest   20   0 1740848 114400  50752 S   0.0   1.4   2:09.52 python3
2724564 harvest   20   0  106064  11664   7280 S   0.0   0.1   2:46.66 python3
%Cpu(s):  1.2 us,  0.2 sy,  0.0 ni, 98.5 id,  0.0 wa,  0.0 hi,  0.0 si,  0.0 st 
1447731 root      20   0 1262624 487056  58048 S   5.0   5.9   0:31.86 python3
 508568 harvest   20   0 1740848 114400  50752 S   0.0   1.4   2:09.52 python3
2724564 harvest   20   0  106064  11664   7280 S   0.0   0.1   2:46.66 python3
3354424 root      20   0  858208 397008  46048 S   0.0   4.8  14:05.11 python3
%Cpu(s):  2.0 us,  0.2 sy,  0.0 ni, 97.5 id,  0.0 wa,  0.0 hi,  0.2 si,  0.0 st 
1447731 root      20   0 1262624 487056  58048 S   5.0   5.9   0:31.91 python3
 508568 harvest   20   0 1740848 114400  50752 S   0.0   1.4   2:09.52 python3
2724564 harvest   20   0  106064  11664   7280 S   0.0   0.1   2:46.66 python3
3354424 root      20   0  858208 397008  46048 S   0.0   4.8  14:05.11 python3
%Cpu(s):  6.9 us,  0.5 sy,  0.0 ni, 92.6 id,  0.0 wa,  0.0 hi,  0.0 si,  0.0 st 
1447731 root      20   0 1262624 487056  58048 S  25.7   5.9   0:32.17 python3
 508568 harvest   20   0 1740848 114400  50752 S   0.0   1.4   2:09.52 python3
2724564 harvest   20   0  106064  11664   7280 S   0.0   0.1   2:46.66 python3
3354424 root      20   0  858208 397008  46048 S   0.0   4.8  14:05.11 python3
%Cpu(s): 13.2 us,  0.0 sy,  0.0 ni, 86.3 id,  0.5 wa,  0.0 hi,  0.0 si,  0.0 st 
1447731 root      20   0 1262624 487056  58048 S  50.5   5.9   0:32.68 python3
 508568 harvest   20   0 1740848 114400  50752 S   0.0   1.4   2:09.52 python3
2724564 harvest   20   0  106064  11664   7280 S   0.0   0.1   2:46.66 python3
3354424 root      20   0  858208 397008  46048 S   0.0   4.8  14:05.11 python3
%Cpu(s): 21.3 us,  0.5 sy,  0.0 ni, 78.2 id,  0.0 wa,  0.0 hi,  0.0 si,  0.0 st 
1447731 root      20   0 1262624 487264  58048 S  84.2   5.9   0:33.53 python3
 508568 harvest   20   0 1740848 114400  50752 S   0.0   1.4   2:09.52 python3
2724564 harvest   20   0  106064  11664   7280 S   0.0   0.1   2:46.66 python3
3354424 root      20   0  858208 397008  46048 S   0.0   4.8  14:05.11 python3
%Cpu(s):  0.7 us,  0.2 sy,  0.0 ni, 99.0 id,  0.0 wa,  0.0 hi,  0.0 si,  0.0 st 
1447731 root      20   0 1262624 487264  58048 S   2.0   5.9   0:33.55 python3
 508568 harvest   20   0 1740848 114400  50752 S   0.0   1.4   2:09.52 python3
2724564 harvest   20   0  106064  11664   7280 S   0.0   0.1   2:46.66 python3
3354424 root      20   0  858208 397008  46048 S   0.0   4.8  14:05.11 python3
%Cpu(s):  1.7 us,  0.2 sy,  0.0 ni, 98.0 id,  0.0 wa,  0.0 hi,  0.0 si,  0.0 st 
1447731 root      20   0 1262624 487264  58048 S   3.0   5.9   0:33.58 python3
3354424 root      20   0  858208 397008  46048 S   1.0   4.8  14:05.12 python3
 508568 harvest   20   0 1740848 114400  50752 S   0.0   1.4   2:09.52 python3
2724564 harvest   20   0  106064  11664   7280 S   0.0   0.1   2:46.66 python3
%Cpu(s):  1.2 us,  0.0 sy,  0.0 ni, 98.8 id,  0.0 wa,  0.0 hi,  0.0 si,  0.0 st 
1447731 root      20   0 1262624 487264  58048 S   2.0   5.9   0:33.60 python3
 508568 harvest   20   0 1740848 114400  50752 S   1.0   1.4   2:09.53 python3
2724564 harvest   20   0  106064  11664   7280 S   0.0   0.1   2:46.66 python3
3354424 root      20   0  858208 397008  46048 S   0.0   4.8  14:05.12 python3
%Cpu(s): 10.5 us,  0.5 sy,  0.0 ni, 88.2 id,  0.8 wa,  0.0 hi,  0.0 si,  0.0 st 
1447731 root      20   0 1262624 487264  58048 S  37.6   5.9   0:33.98 python3
 508568 harvest   20   0 1740848 114400  50752 S   0.0   1.4   2:09.53 python3
2724564 harvest   20   0  106064  11664   7280 S   0.0   0.1   2:46.66 python3
3354424 root      20   0  858208 397008  46048 S   0.0   4.8  14:05.12 python3
%Cpu(s):  8.0 us,  0.5 sy,  0.0 ni, 91.5 id,  0.0 wa,  0.0 hi,  0.0 si,  0.0 st 
1447731 root      20   0 1262624 487264  58048 S  26.0   5.9   0:34.24 python3
 508568 harvest   20   0 1740848 114400  50752 S   0.0   1.4   2:09.53 python3
2724564 harvest   20   0  106064  11664   7280 S   0.0   0.1   2:46.66 python3
3354424 root      20   0  858208 397008  46048 S   0.0   4.8  14:05.12 python3
%Cpu(s):  5.0 us,  0.5 sy,  0.0 ni, 94.5 id,  0.0 wa,  0.0 hi,  0.0 si,  0.0 st 
1447731 root      20   0 1262624 487264  58048 S  12.9   5.9   0:34.37 python3
 508568 harvest   20   0 1740848 114400  50752 S   0.0   1.4   2:09.53 python3
2724564 harvest   20   0  106064  11664   7280 S   0.0   0.1   2:46.66 python3
3354424 root      20   0  858208 397040  46048 S   0.0   4.8  14:05.12 python3
%Cpu(s):  4.2 us,  0.0 sy,  0.0 ni, 95.8 id,  0.0 wa,  0.0 hi,  0.0 si,  0.0 st 
1447731 root      20   0 1262624 487264  58048 S  12.9   5.9   0:34.50 python3
3354424 root      20   0  858208 397040  46048 S   1.0   4.8  14:05.13 python3
 508568 harvest   20   0 1740848 114400  50752 S   0.0   1.4   2:09.53 python3
2724564 harvest   20   0  106064  11664   7280 S   0.0   0.1   2:46.66 python3
%Cpu(s): 14.8 us,  0.5 sy,  0.0 ni, 84.5 id,  0.0 wa,  0.0 hi,  0.2 si,  0.0 st 
1447731 root      20   0 1262640 487280  58048 S  45.5   5.9   0:34.96 python3
 508568 harvest   20   0 1740848 114400  50752 S   0.0   1.4   2:09.53 python3
2724564 harvest   20   0  106064  11664   7280 S   0.0   0.1   2:46.66 python3
3354424 root      20   0  858208 397040  46048 S   0.0   4.8  14:05.13 python3
%Cpu(s): 16.9 us,  1.5 sy,  0.0 ni, 80.6 id,  0.7 wa,  0.0 hi,  0.2 si,  0.0 st 
1447731 root      20   0 1262640 487280  58048 S  48.5   5.9   0:35.45 python3
 508568 harvest   20   0 1740848 114400  50752 S   0.0   1.4   2:09.53 python3
2724564 harvest   20   0  106064  11664   7280 S   0.0   0.1   2:46.66 python3
3354424 root      20   0  858208 397072  46048 S   0.0   4.8  14:05.13 python3
%Cpu(s): 17.2 us,  0.8 sy,  0.0 ni, 82.0 id,  0.0 wa,  0.0 hi,  0.0 si,  0.0 st 
1447731 root      20   0 1262640 487280  58048 S  52.5   5.9   0:35.98 python3
 508568 harvest   20   0 1740848 114400  50752 S   0.0   1.4   2:09.53 python3
2724564 harvest   20   0  106064  11664   7280 S   0.0   0.1   2:46.66 python3
3354424 root      20   0  858208 397072  46048 S   0.0   4.8  14:05.13 python3
%Cpu(s): 28.7 us,  0.2 sy,  0.0 ni, 71.1 id,  0.0 wa,  0.0 hi,  0.0 si,  0.0 st 
1447731 root      20   0 1262640 487280  58048 S 110.9   5.9   0:37.10 python3
 508568 harvest   20   0 1740848 114400  50752 S   1.0   1.4   2:09.54 python3
3354424 root      20   0  858208 397104  46048 S   1.0   4.8  14:05.14 python3
2724564 harvest   20   0  106064  11664   7280 S   0.0   0.1   2:46.66 python3
%Cpu(s):  3.0 us,  0.5 sy,  0.0 ni, 96.3 id,  0.0 wa,  0.0 hi,  0.2 si,  0.0 st 
1447731 root      20   0 1262640 487280  58048 S  10.0   5.9   0:37.20 python3
 508568 harvest   20   0 1740848 114400  50752 S   0.0   1.4   2:09.54 python3
2724564 harvest   20   0  106064  11664   7280 S   0.0   0.1   2:46.66 python3
3354424 root      20   0  858208 397104  46048 S   0.0   4.8  14:05.14 python3
%Cpu(s):  3.5 us,  0.0 sy,  0.0 ni, 96.5 id,  0.0 wa,  0.0 hi,  0.0 si,  0.0 st 
1447731 root      20   0 1262640 487280  58048 S  10.9   5.9   0:37.31 python3
 508568 harvest   20   0 1740848 114400  50752 S   0.0   1.4   2:09.54 python3
2724564 harvest   20   0  106064  11664   7280 S   0.0   0.1   2:46.66 python3
3354424 root      20   0  858208 397104  46048 S   0.0   4.8  14:05.14 python3
%Cpu(s): 13.1 us,  1.5 sy,  0.0 ni, 84.9 id,  0.2 wa,  0.0 hi,  0.2 si,  0.0 st 
1447731 root      20   0 1262640 487280  58048 S  47.5   5.9   0:37.79 python3
 508568 harvest   20   0 1740848 114400  50752 S   0.0   1.4   2:09.54 python3
2724564 harvest   20   0  106064  11664   7280 S   0.0   0.1   2:46.66 python3
3354424 root      20   0  858208 397104  46048 S   0.0   4.8  14:05.14 python3
%Cpu(s): 20.9 us,  0.5 sy,  0.0 ni, 78.6 id,  0.0 wa,  0.0 hi,  0.0 si,  0.0 st 
1447731 root      20   0 1262640 487296  58048 S  77.0   5.9   0:38.56 python3
 508568 harvest   20   0 1740848 114400  50752 S   0.0   1.4   2:09.54 python3
2724564 harvest   20   0  106064  11664   7280 S   0.0   0.1   2:46.66 python3
3354424 root      20   0  858208 397104  46048 S   0.0   4.8  14:05.14 python3
%Cpu(s): 11.2 us,  0.2 sy,  0.0 ni, 88.6 id,  0.0 wa,  0.0 hi,  0.0 si,  0.0 st 
1447731 root      20   0 1262640 487296  58048 S  42.6   5.9   0:38.99 python3
 508568 harvest   20   0 1740848 114400  50752 S   0.0   1.4   2:09.54 python3
2724564 harvest   20   0  106064  11664   7280 S   0.0   0.1   2:46.66 python3
3354424 root      20   0  858208 397008  46048 S   0.0   4.8  14:05.14 python3
%Cpu(s): 10.4 us,  0.5 sy,  0.0 ni, 89.1 id,  0.0 wa,  0.0 hi,  0.0 si,  0.0 st 
1447731 root      20   0 1262640 487296  58048 S  38.6   5.9   0:39.38 python3
 508568 harvest   20   0 1740848 114400  50752 S   0.0   1.4   2:09.54 python3
2724564 harvest   20   0  106064  11664   7280 S   0.0   0.1   2:46.66 python3
3354424 root      20   0  858208 397008  46048 S   0.0   4.8  14:05.14 python3
%Cpu(s): 10.4 us,  0.5 sy,  0.0 ni, 89.1 id,  0.0 wa,  0.0 hi,  0.0 si,  0.0 st 
1447731 root      20   0 1262640 487296  58048 S  40.6   5.9   0:39.79 python3
3354424 root      20   0  858208 397008  46048 S   1.0   4.8  14:05.15 python3
 508568 harvest   20   0 1740848 114400  50752 S   0.0   1.4   2:09.54 python3
2724564 harvest   20   0  106064  11664   7280 S   0.0   0.1   2:46.66 python3
%Cpu(s): 25.7 us,  0.7 sy,  0.0 ni, 73.3 id,  0.0 wa,  0.0 hi,  0.2 si,  0.0 st 
1447731 root      20   0 1262640 488224  58048 S  60.0   5.9   0:40.39 python3
 508568 harvest   20   0 1740848 114400  50752 S   0.0   1.4   2:09.54 python3
2724564 harvest   20   0  106064  11664   7280 S   0.0   0.1   2:46.66 python3
3354424 root      20   0  858208 397008  46048 S   0.0   4.8  14:05.15 python3
%Cpu(s):  3.2 us,  0.0 sy,  0.0 ni, 96.8 id,  0.0 wa,  0.0 hi,  0.0 si,  0.0 st 
1447731 root      20   0 1262640 488224  58048 R   8.9   5.9   0:40.48 python3
 508568 harvest   20   0 1740848 114400  50752 S   0.0   1.4   2:09.54 python3
2724564 harvest   20   0  106064  11664   7280 S   0.0   0.1   2:46.66 python3
3354424 root      20   0  858208 397008  46048 S   0.0   4.8  14:05.15 python3
%Cpu(s):  3.3 us,  0.3 sy,  0.0 ni, 96.5 id,  0.0 wa,  0.0 hi,  0.0 si,  0.0 st 
1447731 root      20   0 1262640 488224  58048 S   9.9   5.9   0:40.58 python3
 508568 harvest   20   0 1740848 114400  50752 S   0.0   1.4   2:09.54 python3
2724564 harvest   20   0  106064  11664   7280 S   0.0   0.1   2:46.66 python3
3354424 root      20   0  858208 397008  46048 S   0.0   4.8  14:05.15 python3
%Cpu(s): 11.2 us,  0.2 sy,  0.0 ni, 88.6 id,  0.0 wa,  0.0 hi,  0.0 si,  0.0 st 
1447731 root      20   0 1262640 488816  58048 S  43.0   5.9   0:41.01 python3
 508568 harvest   20   0 1740848 114400  50752 S   1.0   1.4   2:09.55 python3
2724564 harvest   20   0  106064  11664   7280 S   0.0   0.1   2:46.66 python3
3354424 root      20   0  858208 397008  46048 S   0.0   4.8  14:05.15 python3
%Cpu(s): 20.0 us,  1.0 sy,  0.0 ni, 79.1 id,  0.0 wa,  0.0 hi,  0.0 si,  0.0 st 
1447731 root      20   0 1262640 488816  58048 S  44.6   5.9   0:41.46 python3
 508568 harvest   20   0 1740848 114400  50752 S   1.0   1.4   2:09.56 python3
2724564 harvest   20   0  106064  11664   7280 S   0.0   0.1   2:46.66 python3
3354424 root      20   0  858208 397008  46048 S   0.0   4.8  14:05.15 python3
%Cpu(s):  6.0 us,  1.5 sy,  0.0 ni, 92.5 id,  0.0 wa,  0.0 hi,  0.0 si,  0.0 st 
1447731 root      20   0 1262640 488816  58048 S  10.9   5.9   0:41.57 python3
 508568 harvest   20   0 1740848 114400  50752 S   0.0   1.4   2:09.56 python3
2724564 harvest   20   0  106064  11664   7280 S   0.0   0.1   2:46.66 python3
3354424 root      20   0  858208 397008  46048 S   0.0   4.8  14:05.15 python3
%Cpu(s): 22.3 us,  1.2 sy,  0.0 ni, 76.2 id,  0.0 wa,  0.0 hi,  0.2 si,  0.0 st 
1447731 root      20   0 1262640 489456  58048 S  84.2   5.9   0:42.42 python3
 508568 harvest   20   0 1740848 114400  50752 S   0.0   1.4   2:09.56 python3
2724564 harvest   20   0  106064  11664   7280 S   0.0   0.1   2:46.66 python3
3354424 root      20   0  858208 397008  46048 S   0.0   4.8  14:05.15 python3
%Cpu(s): 34.3 us,  0.2 sy,  0.0 ni, 65.2 id,  0.2 wa,  0.0 hi,  0.0 si,  0.0 st 
1447731 root      20   0 1262640 489456  58048 S 134.0   5.9   0:43.76 python3
3354424 root      20   0  858208 397120  46048 S   1.0   4.8  14:05.16 python3
 508568 harvest   20   0 1740848 114400  50752 S   0.0   1.4   2:09.56 python3
2724564 harvest   20   0  106064  11664   7280 S   0.0   0.1   2:46.66 python3
%Cpu(s): 20.1 us,  0.0 sy,  0.0 ni, 79.6 id,  0.0 wa,  0.0 hi,  0.2 si,  0.0 st 
1447731 root      20   0 1262640 489456  58048 S  77.2   5.9   0:44.54 python3
 508568 harvest   20   0 1740848 114400  50752 S   1.0   1.4   2:09.57 python3
2724564 harvest   20   0  106064  11664   7280 S   0.0   0.1   2:46.66 python3
3354424 root      20   0  858208 397120  46048 S   0.0   4.8  14:05.16 python3
%Cpu(s):  2.7 us,  0.5 sy,  0.0 ni, 96.8 id,  0.0 wa,  0.0 hi,  0.0 si,  0.0 st 
1447731 root      20   0 1262640 489472  58048 S   8.9   5.9   0:44.63 python3
 508568 harvest   20   0 1740848 114400  50752 S   0.0   1.4   2:09.57 python3
2724564 harvest   20   0  106064  11664   7280 S   0.0   0.1   2:46.66 python3
3354424 root      20   0  858208 397120  46048 S   0.0   4.8  14:05.16 python3
%Cpu(s): 11.1 us,  0.0 sy,  0.0 ni, 88.6 id,  0.0 wa,  0.0 hi,  0.2 si,  0.0 st 
1447731 root      20   0 1262640 489472  58048 S  40.6   5.9   0:45.04 python3
 508568 harvest   20   0 1740848 114400  50752 S   0.0   1.4   2:09.57 python3
2724564 harvest   20   0  106064  11664   7280 S   0.0   0.1   2:46.66 python3
3354424 root      20   0  858208 397120  46048 S   0.0   4.8  14:05.16 python3
%Cpu(s): 11.8 us,  0.0 sy,  0.0 ni, 88.2 id,  0.0 wa,  0.0 hi,  0.0 si,  0.0 st 
1447731 root      20   0 1262640 489472  58048 S  45.0   5.9   0:45.49 python3
3354424 root      20   0  858208 397120  46048 S   1.0   4.8  14:05.17 python3
 508568 harvest   20   0 1740848 114400  50752 S   0.0   1.4   2:09.57 python3
2724564 harvest   20   0  106064  11664   7280 S   0.0   0.1   2:46.66 python3
%Cpu(s):  2.5 us,  0.5 sy,  0.0 ni, 97.0 id,  0.0 wa,  0.0 hi,  0.0 si,  0.0 st 
1447731 root      20   0 1262640 489472  58048 S   8.9   5.9   0:45.58 python3
 508568 harvest   20   0 1740848 114400  50752 S   0.0   1.4   2:09.57 python3
2724564 harvest   20   0  106064  11664   7280 S   0.0   0.1   2:46.66 python3
3354424 root      20   0  858208 397120  46048 S   0.0   4.8  14:05.17 python3
%Cpu(s):  3.0 us,  0.0 sy,  0.0 ni, 96.8 id,  0.2 wa,  0.0 hi,  0.0 si,  0.0 st 
1447731 root      20   0 1262640 489472  58048 S   9.9   5.9   0:45.68 python3
 508568 harvest   20   0 1740848 114400  50752 S   0.0   1.4   2:09.57 python3
2724564 harvest   20   0  106064  11664   7280 S   0.0   0.1   2:46.66 python3
3354424 root      20   0  858208 397120  46048 S   0.0   4.8  14:05.17 python3
%Cpu(s): 26.8 us,  0.2 sy,  0.0 ni, 72.7 id,  0.0 wa,  0.0 hi,  0.2 si,  0.0 st 
1447731 root      20   0 1262640 489984  58048 S 103.0   5.9   0:46.71 python3
 508568 harvest   20   0 1740848 114400  50752 S   1.0   1.4   2:09.58 python3
2724564 harvest   20   0  106064  11664   7280 S   0.0   0.1   2:46.66 python3
3354424 root      20   0  858208 397120  46048 S   0.0   4.8  14:05.17 python3
%Cpu(s): 26.8 us,  1.0 sy,  0.0 ni, 72.2 id,  0.0 wa,  0.0 hi,  0.0 si,  0.0 st 
1447731 root      20   0 1262640 489984  58048 S 101.0   5.9   0:47.73 python3
 508568 harvest   20   0 1740848 114400  50752 S   0.0   1.4   2:09.58 python3
2724564 harvest   20   0  106064  11664   7280 S   0.0   0.1   2:46.66 python3
3354424 root      20   0  858208 397120  46048 S   0.0   4.8  14:05.17 python3
%Cpu(s):  9.4 us,  0.7 sy,  0.0 ni, 89.6 id,  0.0 wa,  0.0 hi,  0.2 si,  0.0 st 
1447731 root      20   0 1262640 489984  58048 S  31.7   5.9   0:48.05 python3
 508568 harvest   20   0 1740848 114400  50752 S   0.0   1.4   2:09.58 python3
2724564 harvest   20   0  106064  11664   7280 S   0.0   0.1   2:46.66 python3
3354424 root      20   0  858208 397120  46048 S   0.0   4.8  14:05.17 python3
%Cpu(s):  2.2 us,  0.2 sy,  0.0 ni, 97.5 id,  0.0 wa,  0.0 hi,  0.0 si,  0.0 st 
1447731 root      20   0 1262640 489984  58048 S   5.0   5.9   0:48.10 python3
 508568 harvest   20   0 1740848 114400  50752 S   0.0   1.4   2:09.58 python3
2724564 harvest   20   0  106064  11664   7280 S   0.0   0.1   2:46.66 python3
3354424 root      20   0  858208 397008  46048 S   0.0   4.8  14:05.17 python3
%Cpu(s):  1.7 us,  0.2 sy,  0.0 ni, 98.0 id,  0.0 wa,  0.0 hi,  0.0 si,  0.0 st 
1447731 root      20   0 1262640 489984  58048 S   5.0   5.9   0:48.15 python3
 508568 harvest   20   0 1740848 114400  50752 S   0.0   1.4   2:09.58 python3
2724564 harvest   20   0  106064  11664   7280 S   0.0   0.1   2:46.66 python3
3354424 root      20   0  858208 397008  46048 S   0.0   4.8  14:05.17 python3
%Cpu(s): 23.2 us,  1.0 sy,  0.0 ni, 75.8 id,  0.0 wa,  0.0 hi,  0.0 si,  0.0 st 
1447731 root      20   0 1262640 490048  58048 S  83.0   5.9   0:48.98 python3
 508568 harvest   20   0 1740848 114400  50752 S   0.0   1.4   2:09.58 python3
2724564 harvest   20   0  106064  11664   7280 S   0.0   0.1   2:46.66 python3
3354424 root      20   0  858208 397008  46048 S   0.0   4.8  14:05.17 python3
%Cpu(s): 17.1 us,  1.0 sy,  0.0 ni, 81.9 id,  0.0 wa,  0.0 hi,  0.0 si,  0.0 st 
1447731 root      20   0 1262672 490192  58048 S  60.4   5.9   0:49.59 python3
3354424 root      20   0  858208 397008  46048 S   1.0   4.8  14:05.18 python3
 508568 harvest   20   0 1740848 114400  50752 S   0.0   1.4   2:09.58 python3
2724564 harvest   20   0  106064  11664   7280 S   0.0   0.1   2:46.66 python3
%Cpu(s): 14.6 us,  0.7 sy,  0.0 ni, 84.4 id,  0.0 wa,  0.0 hi,  0.2 si,  0.0 st 
1447731 root      20   0 1336480 490496  58048 S  18.8   5.9   0:49.78 python3
 508568 harvest   20   0 1740848 114400  50752 S   0.0   1.4   2:09.58 python3
2724564 harvest   20   0  106064  11664   7280 S   0.0   0.1   2:46.66 python3
3354424 root      20   0  858208 397104  46048 S   0.0   4.8  14:05.18 python3
%Cpu(s):  4.7 us,  0.5 sy,  0.0 ni, 94.8 id,  0.0 wa,  0.0 hi,  0.0 si,  0.0 st 
1447731 root      20   0 1410288 490784  58048 S  16.8   5.9   0:49.95 python3
 508568 harvest   20   0 1740848 114400  50752 S   0.0   1.4   2:09.58 python3
2724564 harvest   20   0  106064  11664   7280 S   0.0   0.1   2:46.66 python3
3354424 root      20   0  858208 397104  46048 S   0.0   4.8  14:05.18 python3
%Cpu(s): 21.2 us,  0.5 sy,  0.0 ni, 78.3 id,  0.0 wa,  0.0 hi,  0.0 si,  0.0 st 
1447731 root      20   0 1410288 491936  58048 R  79.2   6.0   0:50.75 python3
 508568 harvest   20   0 1740848 114400  50752 S   1.0   1.4   2:09.59 python3
2724564 harvest   20   0  106064  11664   7280 S   0.0   0.1   2:46.66 python3
3354424 root      20   0  858208 397104  46048 S   0.0   4.8  14:05.18 python3
%Cpu(s): 23.9 us,  0.5 sy,  0.0 ni, 75.6 id,  0.0 wa,  0.0 hi,  0.0 si,  0.0 st 
1447731 root      20   0 1410288 492032  58048 R  91.1   6.0   0:51.67 python3
 508568 harvest   20   0 1740848 114400  50752 S   0.0   1.4   2:09.59 python3
2724564 harvest   20   0  106064  11664   7280 S   0.0   0.1   2:46.66 python3
3354424 root      20   0  858208 397104  46048 S   0.0   4.8  14:05.18 python3
%Cpu(s):  7.5 us,  1.0 sy,  0.0 ni, 91.3 id,  0.0 wa,  0.0 hi,  0.2 si,  0.0 st 
1447731 root      20   0 1410288 492144  58048 S  23.8   6.0   0:51.91 python3
 508568 harvest   20   0 1740848 114400  50752 S   0.0   1.4   2:09.59 python3
2724564 harvest   20   0  106064  11664   7280 S   0.0   0.1   2:46.66 python3
3354424 root      20   0  858208 397104  46048 S   0.0   4.8  14:05.18 python3
%Cpu(s): 55.9 us,  0.7 sy,  0.0 ni, 43.4 id,  0.0 wa,  0.0 hi,  0.0 si,  0.0 st 
1447731 root      20   0 1410288 495600  58048 R 216.8   6.0   0:54.10 python3
 508568 harvest   20   0 1740848 114400  50752 S   0.0   1.4   2:09.59 python3
2724564 harvest   20   0  106064  11664   7280 S   0.0   0.1   2:46.66 python3
3354424 root      20   0  858208 397104  46048 S   0.0   4.8  14:05.18 python3
%Cpu(s): 49.8 us,  0.5 sy,  0.0 ni, 49.5 id,  0.0 wa,  0.0 hi,  0.2 si,  0.0 st 
1447731 root      20   0 1410288 496368  58048 S 191.1   6.0   0:56.03 python3
3354424 root      20   0  858208 397104  46048 S   1.0   4.8  14:05.19 python3
 508568 harvest   20   0 1740848 114400  50752 S   0.0   1.4   2:09.59 python3
2724564 harvest   20   0  106064  11664   7280 S   0.0   0.1   2:46.66 python3
%Cpu(s): 16.5 us,  0.3 sy,  0.0 ni, 83.2 id,  0.0 wa,  0.0 hi,  0.0 si,  0.0 st 
1447731 root      20   0 1410288 496368  58048 S  63.4   6.0   0:56.67 python3
 508568 harvest   20   0 1740848 114400  50752 S   0.0   1.4   2:09.59 python3
2724564 harvest   20   0  106064  11664   7280 S   0.0   0.1   2:46.66 python3
3354424 root      20   0  858208 397104  46048 S   0.0   4.8  14:05.19 python3
%Cpu(s):  5.0 us,  0.5 sy,  0.0 ni, 94.3 id,  0.0 wa,  0.0 hi,  0.2 si,  0.0 st 
1447731 root      20   0 1410288 496384  58048 S  18.0   6.0   0:56.85 python3
 508568 harvest   20   0 1740848 114400  50752 S   0.0   1.4   2:09.59 python3
2724564 harvest   20   0  106064  11664   7280 S   0.0   0.1   2:46.66 python3
3354424 root      20   0  858208 397104  46048 S   0.0   4.8  14:05.19 python3
%Cpu(s): 13.5 us,  1.0 sy,  0.0 ni, 85.5 id,  0.0 wa,  0.0 hi,  0.0 si,  0.0 st 
1447731 root      20   0 1410288 496400  58048 S  18.8   6.0   0:57.04 python3
 508568 harvest   20   0 1740848 114400  50752 S   1.0   1.4   2:09.60 python3
2724564 harvest   20   0  106064  11664   7280 S   0.0   0.1   2:46.66 python3
3354424 root      20   0  858208 397104  46048 S   0.0   4.8  14:05.19 python3
%Cpu(s): 23.6 us,  0.5 sy,  0.0 ni, 74.9 id,  1.0 wa,  0.0 hi,  0.0 si,  0.0 st 
1447731 root      20   0 1410288 497696  58048 S  91.1   6.0   0:57.96 python3
 508568 harvest   20   0 1740848 114400  50752 S   0.0   1.4   2:09.60 python3
2724564 harvest   20   0  106064  11664   7280 S   0.0   0.1   2:46.66 python3
3354424 root      20   0  858208 397104  46048 S   0.0   4.8  14:05.19 python3
%Cpu(s):  6.0 us,  1.2 sy,  0.0 ni, 92.8 id,  0.0 wa,  0.0 hi,  0.0 si,  0.0 st 
1447731 root      20   0 1410288 497760  58048 S  19.0   6.0   0:58.15 python3
 508568 harvest   20   0 1740848 114400  50752 S   0.0   1.4   2:09.60 python3
2724564 harvest   20   0  106064  11664   7280 S   0.0   0.1   2:46.66 python3
3354424 root      20   0  858208 397104  46048 S   0.0   4.8  14:05.19 python3
%Cpu(s): 17.4 us,  0.5 sy,  0.0 ni, 82.1 id,  0.0 wa,  0.0 hi,  0.0 si,  0.0 st 
1447731 root      20   0 1410288 500688  58048 R  65.3   6.1   0:58.81 python3
 508568 harvest   20   0 1740848 114400  50752 S   0.0   1.4   2:09.60 python3
2724564 harvest   20   0  106064  11664   7280 S   0.0   0.1   2:46.66 python3
3354424 root      20   0  858208 397104  46048 S   0.0   4.8  14:05.19 python3
%Cpu(s): 89.1 us,  2.0 sy,  0.0 ni,  8.9 id,  0.0 wa,  0.0 hi,  0.0 si,  0.0 st 
1447731 root      20   0 1410288 501888  58048 R 336.6   6.1   1:02.21 python3
1452876 harvest   20   0   16992  13456   4400 R  12.9   0.2   0:00.13 python3
3354424 root      20   0  858208 397104  46048 S   1.0   4.8  14:05.20 python3
 508568 harvest   20   0 1740848 114400  50752 S   0.0   1.4   2:09.60 python3
2724564 harvest   20   0  106064  11664   7280 S   0.0   0.1   2:46.66 python3
%Cpu(s): 93.6 us,  5.4 sy,  0.0 ni,  1.0 id,  0.0 wa,  0.0 hi,  0.0 si,  0.0 st 
1447731 root      20   0 1410288 502240  58048 R 276.5   6.1   1:05.03 python3
 508568 harvest   20   0 1740848 114400  50752 S   2.0   1.4   2:09.62 python3
2724564 harvest   20   0  106064  11664   7280 S   0.0   0.1   2:46.66 python3
3354424 root      20   0  858208 397104  46048 S   0.0   4.8  14:05.20 python3
%Cpu(s): 71.8 us,  1.2 sy,  0.0 ni, 26.9 id,  0.0 wa,  0.0 hi,  0.0 si,  0.0 st 
1447731 root      20   0 1443072 517808  58048 S 278.2   6.3   1:07.84 python3
 508568 harvest   20   0 1740848 114400  50752 S   0.0   1.4   2:09.62 python3
2724564 harvest   20   0  106064  11664   7280 S   0.0   0.1   2:46.66 python3
3354424 root      20   0  858208 397104  46048 S   0.0   4.8  14:05.20 python3
%Cpu(s):  1.7 us,  0.5 sy,  0.0 ni, 97.8 id,  0.0 wa,  0.0 hi,  0.0 si,  0.0 st 
1447731 root      20   0 1443072 517808  58048 S   5.9   6.3   1:07.90 python3
3354424 root      20   0  858208 397104  46048 S   1.0   4.8  14:05.21 python3
 508568 harvest   20   0 1740848 114400  50752 S   0.0   1.4   2:09.62 python3
2724564 harvest   20   0  106064  11664   7280 S   0.0   0.1   2:46.66 python3
%Cpu(s):  2.0 us,  0.2 sy,  0.0 ni, 97.8 id,  0.0 wa,  0.0 hi,  0.0 si,  0.0 st 
1447731 root      20   0 1443072 517808  58048 S   4.0   6.3   1:07.94 python3
 508568 harvest   20   0 1740848 114400  50752 S   0.0   1.4   2:09.62 python3
2724564 harvest   20   0  106064  11664   7280 S   0.0   0.1   2:46.66 python3
3354424 root      20   0  858208 397104  46048 S   0.0   4.8  14:05.21 python3
%Cpu(s): 21.3 us,  0.5 sy,  0.0 ni, 78.2 id,  0.0 wa,  0.0 hi,  0.0 si,  0.0 st 
1447731 root      20   0 1443072 518368  58048 S  86.0   6.3   1:08.80 python3
 508568 harvest   20   0 1740848 114400  50752 S   0.0   1.4   2:09.62 python3
2724564 harvest   20   0  106064  11664   7280 S   0.0   0.1   2:46.66 python3
3354424 root      20   0  858208 397104  46048 S   0.0   4.8  14:05.21 python3
