09-08-2026 20:02:39 RAM 2893/7620MB (lfb 4x4MB) SWAP 757/3810MB (cached 1MB) CPU [0%@1728,0%@1728,2%@1728,0%@1728,0%@1728,9%@1728] GR3D_FREQ 0% cpu@59.218C soc2@58.25C soc0@58.625C gpu@59.593C tj@59.687C soc1@59.687C VDD_IN 7656mW/7656mW VDD_CPU_GPU_CV 2019mW/2019mW VDD_SOC 2467mW/2467mW
09-08-2026 20:02:40 RAM 2895/7620MB (lfb 4x4MB) SWAP 757/3810MB (cached 1MB) CPU [2%@1728,3%@1728,1%@1728,4%@1728,18%@1728,3%@1728] GR3D_FREQ 0% cpu@59.093C soc2@58.25C soc0@58.718C gpu@59.718C tj@59.718C soc1@59.656C VDD_IN 7697mW/7677mW VDD_CPU_GPU_CV 2059mW/2039mW VDD_SOC 2467mW/2467mW
09-08-2026 20:02:41 RAM 2895/7620MB (lfb 4x4MB) SWAP 757/3810MB (cached 1MB) CPU [0%@1728,0%@1728,0%@1728,0%@1728,9%@1728,2%@1728] GR3D_FREQ 0% cpu@59C soc2@58.312C soc0@58.437C gpu@59.687C tj@59.718C soc1@59.718C VDD_IN 7616mW/7656mW VDD_CPU_GPU_CV 1978mW/2019mW VDD_SOC 2467mW/2467mW
09-08-2026 20:02:42 RAM 2894/7620MB (lfb 4x4MB) SWAP 757/3810MB (cached 1MB) CPU [0%@1728,0%@1728,2%@1728,0%@1728,9%@1728,0%@1728] GR3D_FREQ 0% cpu@58.906C soc2@58.218C soc0@58.437C gpu@59.843C tj@59.843C soc1@59.75C VDD_IN 7575mW/7636mW VDD_CPU_GPU_CV 1978mW/2009mW VDD_SOC 2467mW/2467mW
09-08-2026 20:02:43 RAM 2894/7620MB (lfb 4x4MB) SWAP 757/3810MB (cached 1MB) CPU [0%@1728,0%@1728,0%@1728,1%@1728,10%@1728,0%@1728] GR3D_FREQ 0% cpu@58.906C soc2@58.218C soc0@58.531C gpu@59.656C tj@59.781C soc1@59.781C VDD_IN 7575mW/7624mW VDD_CPU_GPU_CV 1978mW/2002mW VDD_SOC 2467mW/2467mW
09-08-2026 20:02:44 RAM 2894/7620MB (lfb 4x4MB) SWAP 757/3810MB (cached 1MB) CPU [0%@1728,0%@1728,0%@1728,0%@1728,9%@1728,1%@1728] GR3D_FREQ 0% cpu@58.906C soc2@58.531C soc0@58.531C gpu@59.75C tj@59.75C soc1@59.656C VDD_IN 7656mW/7629mW VDD_CPU_GPU_CV 2059mW/2012mW VDD_SOC 2467mW/2467mW
09-08-2026 20:02:46 RAM 2894/7620MB (lfb 4x4MB) SWAP 757/3810MB (cached 1MB) CPU [0%@1728,0%@1728,1%@1728,0%@1728,9%@1728,0%@1728] GR3D_FREQ 0% cpu@58.906C soc2@58.281C soc0@58.531C gpu@59.843C tj@59.843C soc1@59.687C VDD_IN 7737mW/7645mW VDD_CPU_GPU_CV 2099mW/2024mW VDD_SOC 2467mW/2467mW
09-08-2026 20:02:47 RAM 2894/7620MB (lfb 4x4MB) SWAP 757/3810MB (cached 1MB) CPU [0%@1728,0%@1728,0%@1728,0%@1728,9%@1728,3%@1728] GR3D_FREQ 21% cpu@59C soc2@58.312C soc0@58.468C gpu@59.375C tj@59.75C soc1@59.75C VDD_IN 7778mW/7661mW VDD_CPU_GPU_CV 2099mW/2034mW VDD_SOC 2467mW/2467mW
09-08-2026 20:02:48 RAM 2894/7620MB (lfb 4x4MB) SWAP 757/3810MB (cached 1MB) CPU [0%@1728,0%@1728,0%@1728,0%@1728,7%@1728,5%@1728] GR3D_FREQ 4% cpu@59.031C soc2@58.343C soc0@58.531C gpu@59.437C tj@59.75C soc1@59.75C VDD_IN 7737mW/7670mW VDD_CPU_GPU_CV 2099mW/2041mW VDD_SOC 2467mW/2467mW
09-08-2026 20:02:49 RAM 2894/7620MB (lfb 4x4MB) SWAP 757/3810MB (cached 1MB) CPU [0%@1728,1%@1728,2%@1728,1%@1728,5%@1728,8%@1728] GR3D_FREQ 31% cpu@59.093C soc2@58.25C soc0@58.531C gpu@59.406C tj@59.875C soc1@59.875C VDD_IN 7778mW/7681mW VDD_CPU_GPU_CV 2099mW/2047mW VDD_SOC 2507mW/2471mW
09-08-2026 20:02:50 RAM 2894/7620MB (lfb 4x4MB) SWAP 757/3810MB (cached 1MB) CPU [0%@1728,0%@1728,2%@1728,1%@1728,10%@1728,0%@1728] GR3D_FREQ 31% cpu@58.875C soc2@58.375C soc0@58.593C gpu@59.406C tj@59.656C soc1@59.656C VDD_IN 7737mW/7686mW VDD_CPU_GPU_CV 2059mW/2048mW VDD_SOC 2467mW/2471mW
09-08-2026 20:02:51 RAM 2894/7620MB (lfb 4x4MB) SWAP 757/3810MB (cached 1MB) CPU [1%@1728,0%@1728,1%@1728,2%@1728,9%@1728,0%@1728] GR3D_FREQ 0% cpu@59.031C soc2@58.281C soc0@58.656C gpu@59.468C tj@59.687C soc1@59.687C VDD_IN 7737mW/7690mW VDD_CPU_GPU_CV 2099mW/2052mW VDD_SOC 2467mW/2470mW
09-08-2026 20:02:52 RAM 2894/7620MB (lfb 4x4MB) SWAP 757/3810MB (cached 1MB) CPU [0%@1728,0%@1728,0%@1728,3%@1728,9%@1728,0%@1728] GR3D_FREQ 0% cpu@59.125C soc2@58.281C soc0@58.718C gpu@59.468C tj@59.718C soc1@59.718C VDD_IN 7697mW/7690mW VDD_CPU_GPU_CV 2059mW/2053mW VDD_SOC 2467mW/2470mW
09-08-2026 20:02:53 RAM 2891/7620MB (lfb 4x4MB) SWAP 757/3810MB (cached 1MB) CPU [5%@1728,1%@1728,3%@1728,0%@1728,9%@1728,1%@1728] GR3D_FREQ 0% cpu@59.062C soc2@58.375C soc0@58.625C gpu@59.593C tj@59.812C soc1@59.812C VDD_IN 8291mW/7733mW VDD_CPU_GPU_CV 2423mW/2079mW VDD_SOC 2588mW/2479mW
09-08-2026 20:02:54 RAM 2891/7620MB (lfb 4x4MB) SWAP 757/3810MB (cached 1MB) CPU [1%@1728,1%@1728,3%@1728,1%@1728,9%@1728,0%@1728] GR3D_FREQ 0% cpu@59.187C soc2@58.406C soc0@58.593C gpu@59.5C tj@59.781C soc1@59.781C VDD_IN 7766mW/7736mW VDD_CPU_GPU_CV 2099mW/2080mW VDD_SOC 2507mW/2480mW
09-08-2026 20:02:55 RAM 2891/7620MB (lfb 4x4MB) SWAP 757/3810MB (cached 1MB) CPU [1%@1728,0%@1728,2%@1728,0%@1728,9%@1728,0%@1728] GR3D_FREQ 0% cpu@58.968C soc2@58.343C soc0@58.625C gpu@59.75C tj@59.906C soc1@59.906C VDD_IN 7697mW/7733mW VDD_CPU_GPU_CV 2059mW/2079mW VDD_SOC 2467mW/2480mW
09-08-2026 20:02:56 RAM 2891/7620MB (lfb 4x4MB) SWAP 757/3810MB (cached 1MB) CPU [2%@1728,2%@1728,1%@1728,1%@1728,9%@1728,0%@1728] GR3D_FREQ 0% cpu@59.062C soc2@58.406C soc0@58.656C gpu@59.656C tj@59.687C soc1@59.687C VDD_IN 7737mW/7733mW VDD_CPU_GPU_CV 2059mW/2078mW VDD_SOC 2467mW/2479mW
09-08-2026 20:02:57 RAM 2892/7620MB (lfb 4x4MB) SWAP 757/3810MB (cached 1MB) CPU [5%@1728,3%@1728,1%@1728,0%@1728,10%@1728,1%@1728] GR3D_FREQ 0% cpu@59.187C soc2@58.437C soc0@58.718C gpu@59.781C tj@59.781C soc1@59.781C VDD_IN 8372mW/7769mW VDD_CPU_GPU_CV 2503mW/2102mW VDD_SOC 2588mW/2485mW
09-08-2026 20:02:58 RAM 2892/7620MB (lfb 4x4MB) SWAP 757/3810MB (cached 1MB) CPU [0%@1728,1%@1728,2%@1728,2%@1728,9%@1728,0%@1728] GR3D_FREQ 0% cpu@59.093C soc2@58.375C soc0@58.687C gpu@59.687C tj@59.718C soc1@59.718C VDD_IN 7725mW/7767mW VDD_CPU_GPU_CV 2099mW/2101mW VDD_SOC 2467mW/2484mW
09-08-2026 20:02:59 RAM 2892/7620MB (lfb 4x4MB) SWAP 757/3810MB (cached 1MB) CPU [3%@1728,0%@1728,2%@1728,0%@1728,9%@1728,0%@1728] GR3D_FREQ 0% cpu@59.093C soc2@58.25C soc0@58.812C gpu@59.718C tj@59.843C soc1@59.843C VDD_IN 7697mW/7763mW VDD_CPU_GPU_CV 2059mW/2099mW VDD_SOC 2467mW/2483mW
09-08-2026 20:03:00 RAM 2892/7620MB (lfb 4x4MB) SWAP 757/3810MB (cached 1MB) CPU [0%@1728,4%@1728,0%@1728,0%@1728,9%@1728,0%@1728] GR3D_FREQ 0% cpu@58.875C soc2@58.343C soc0@58.5C gpu@59.687C tj@59.843C soc1@59.843C VDD_IN 7656mW/7758mW VDD_CPU_GPU_CV 2019mW/2095mW VDD_SOC 2467mW/2482mW
09-08-2026 20:03:01 RAM 2893/7620MB (lfb 4x4MB) SWAP 757/3810MB (cached 1MB) CPU [1%@1728,3%@1728,0%@1728,0%@1728,9%@1728,0%@1728] GR3D_FREQ 0% cpu@59.187C soc2@58.437C soc0@58.593C gpu@59.781C tj@59.812C soc1@59.812C VDD_IN 7656mW/7753mW VDD_CPU_GPU_CV 2019mW/2092mW VDD_SOC 2467mW/2482mW
09-08-2026 20:03:02 RAM 2893/7620MB (lfb 4x4MB) SWAP 757/3810MB (cached 1MB) CPU [1%@1728,1%@1728,0%@1728,3%@1728,9%@1728,0%@1728] GR3D_FREQ 0% cpu@58.906C soc2@58.375C soc0@58.593C gpu@59.718C tj@59.718C soc1@59.687C VDD_IN 7616mW/7747mW VDD_CPU_GPU_CV 2019mW/2089mW VDD_SOC 2467mW/2481mW
09-08-2026 20:03:03 RAM 2893/7620MB (lfb 4x4MB) SWAP 757/3810MB (cached 1MB) CPU [6%@1728,2%@1728,0%@1728,0%@1728,9%@1728,1%@1728] GR3D_FREQ 0% cpu@59.093C soc2@58.312C soc0@58.625C gpu@59.875C tj@59.875C soc1@59.718C VDD_IN 7846mW/7751mW VDD_CPU_GPU_CV 2140mW/2091mW VDD_SOC 2507mW/2482mW
09-08-2026 20:03:04 RAM 2893/7620MB (lfb 4x4MB) SWAP 757/3810MB (cached 1MB) CPU [1%@1728,0%@1728,1%@1728,2%@1728,9%@1728,0%@1728] GR3D_FREQ 0% cpu@59.187C soc2@58.625C soc0@58.656C gpu@59.843C tj@59.843C soc1@59.75C VDD_IN 7697mW/7749mW VDD_CPU_GPU_CV 2059mW/2090mW VDD_SOC 2507mW/2483mW
09-08-2026 20:03:05 RAM 2897/7620MB (lfb 4x4MB) SWAP 757/3810MB (cached 1MB) CPU [2%@1728,0%@1728,1%@1728,5%@1728,10%@1728,0%@1728] GR3D_FREQ 24% cpu@59.25C soc2@58.437C soc0@58.5C gpu@59.875C tj@59.875C soc1@59.812C VDD_IN 7859mW/7754mW VDD_CPU_GPU_CV 2140mW/2092mW VDD_SOC 2507mW/2484mW
09-08-2026 20:03:06 RAM 2890/7620MB (lfb 4x4MB) SWAP 757/3810MB (cached 1MB) CPU [3%@1728,13%@1728,2%@1728,4%@1728,9%@1728,3%@1728] GR3D_FREQ 8% cpu@59.187C soc2@58.437C soc0@58.562C gpu@59.937C tj@59.937C soc1@59.781C VDD_IN 8291mW/7773mW VDD_CPU_GPU_CV 2463mW/2105mW VDD_SOC 2588mW/2488mW
09-08-2026 20:03:07 RAM 2890/7620MB (lfb 4x4MB) SWAP 757/3810MB (cached 1MB) CPU [2%@1728,2%@1728,0%@1728,0%@1728,9%@1728,0%@1728] GR3D_FREQ 31% cpu@58.968C soc2@58.375C soc0@58.593C gpu@59.437C tj@59.781C soc1@59.781C VDD_IN 7806mW/7775mW VDD_CPU_GPU_CV 2140mW/2107mW VDD_SOC 2507mW/2489mW
09-08-2026 20:03:08 RAM 2890/7620MB (lfb 4x4MB) SWAP 757/3810MB (cached 1MB) CPU [0%@1728,2%@1728,0%@1728,0%@1728,9%@1728,0%@1728] GR3D_FREQ 31% cpu@58.968C soc2@58.375C soc0@58.562C gpu@59.437C tj@59.656C soc1@59.656C VDD_IN 7737mW/7773mW VDD_CPU_GPU_CV 2059mW/2105mW VDD_SOC 2467mW/2488mW
09-08-2026 20:03:09 RAM 2892/7620MB (lfb 4x4MB) SWAP 757/3810MB (cached 1MB) CPU [6%@1728,2%@1728,1%@1728,6%@1728,9%@1728,1%@1728] GR3D_FREQ 31% cpu@58.906C soc2@58.343C soc0@58.656C gpu@59.468C tj@59.75C soc1@59.75C VDD_IN 8008mW/7781mW VDD_CPU_GPU_CV 2261mW/2110mW VDD_SOC 2548mW/2490mW
09-08-2026 20:03:10 RAM 2892/7620MB (lfb 4x4MB) SWAP 757/3810MB (cached 1MB) CPU [0%@1728,1%@1728,0%@1728,3%@1728,9%@1728,0%@1728] GR3D_FREQ 0% cpu@59.031C soc2@58.343C soc0@58.625C gpu@59.5C tj@59.687C soc1@59.687C VDD_IN 7737mW/7780mW VDD_CPU_GPU_CV 2099mW/2110mW VDD_SOC 2467mW/2489mW
09-08-2026 20:03:11 RAM 2892/7620MB (lfb 4x4MB) SWAP 757/3810MB (cached 1MB) CPU [1%@1728,2%@1728,1%@1728,2%@1728,9%@1728,0%@1728] GR3D_FREQ 10% cpu@59.187C soc2@58.312C soc0@58.531C gpu@59.437C tj@59.718C soc1@59.718C VDD_IN 7737mW/7778mW VDD_CPU_GPU_CV 2059mW/2108mW VDD_SOC 2467mW/2488mW
09-08-2026 20:03:12 RAM 2892/7620MB (lfb 4x4MB) SWAP 757/3810MB (cached 1MB) CPU [1%@1728,0%@1728,2%@1728,1%@1728,9%@1728,0%@1728] GR3D_FREQ 0% cpu@58.968C soc2@58.312C soc0@58.531C gpu@59.468C tj@59.781C soc1@59.781C VDD_IN 7697mW/7776mW VDD_CPU_GPU_CV 2059mW/2107mW VDD_SOC 2467mW/2488mW
09-08-2026 20:03:13 RAM 2892/7620MB (lfb 4x4MB) SWAP 757/3810MB (cached 1MB) CPU [0%@1728,1%@1728,2%@1728,3%@1728,9%@1728,1%@1728] GR3D_FREQ 0% cpu@58.906C soc2@58.312C soc0@58.531C gpu@59.5C tj@59.906C soc1@59.906C VDD_IN 7697mW/7774mW VDD_CPU_GPU_CV 2059mW/2105mW VDD_SOC 2467mW/2487mW
09-08-2026 20:03:14 RAM 2892/7620MB (lfb 4x4MB) SWAP 757/3810MB (cached 1MB) CPU [2%@1728,2%@1728,1%@1728,0%@1728,10%@1728,0%@1728] GR3D_FREQ 0% cpu@59C soc2@58.375C soc0@58.593C gpu@59.406C tj@59.656C soc1@59.656C VDD_IN 7697mW/7771mW VDD_CPU_GPU_CV 2059mW/2104mW VDD_SOC 2467mW/2487mW
09-08-2026 20:03:15 RAM 2892/7620MB (lfb 4x4MB) SWAP 757/3810MB (cached 1MB) CPU [4%@1728,1%@1728,3%@1728,0%@1728,9%@1728,0%@1728] GR3D_FREQ 0% cpu@59.093C soc2@58.406C soc0@58.531C gpu@59.531C tj@59.75C soc1@59.75C VDD_IN 7968mW/7777mW VDD_CPU_GPU_CV 2221mW/2107mW VDD_SOC 2507mW/2487mW
09-08-2026 20:03:16 RAM 2892/7620MB (lfb 4x4MB) SWAP 757/3810MB (cached 1MB) CPU [1%@1728,0%@1728,3%@1728,1%@1728,8%@1728,2%@1728] GR3D_FREQ 0% cpu@59.187C soc2@58.281C soc0@58.718C gpu@59.468C tj@59.75C soc1@59.75C VDD_IN 7697mW/7775mW VDD_CPU_GPU_CV 2059mW/2106mW VDD_SOC 2467mW/2487mW
09-08-2026 20:03:17 RAM 2892/7620MB (lfb 4x4MB) SWAP 757/3810MB (cached 1MB) CPU [0%@1728,4%@1728,0%@1728,1%@1728,7%@1728,2%@1728] GR3D_FREQ 0% cpu@59.062C soc2@58.218C soc0@58.5C gpu@59.468C tj@59.687C soc1@59.687C VDD_IN 7697mW/7773mW VDD_CPU_GPU_CV 2059mW/2105mW VDD_SOC 2467mW/2486mW
09-08-2026 20:03:18 RAM 2892/7620MB (lfb 4x4MB) SWAP 757/3810MB (cached 1MB) CPU [3%@1728,0%@1728,0%@1728,3%@1728,9%@1728,1%@1728] GR3D_FREQ 0% cpu@59C soc2@58.656C soc0@58.593C gpu@59.5C tj@59.843C soc1@59.843C VDD_IN 7697mW/7771mW VDD_CPU_GPU_CV 2099mW/2105mW VDD_SOC 2507mW/2487mW
09-08-2026 20:03:19 RAM 2892/7620MB (lfb 4x4MB) SWAP 757/3810MB (cached 1MB) CPU [2%@1728,3%@1728,0%@1728,1%@1728,8%@1728,2%@1728] GR3D_FREQ 0% cpu@59.031C soc2@58.312C soc0@58.531C gpu@59.593C tj@59.906C soc1@59.906C VDD_IN 7766mW/7771mW VDD_CPU_GPU_CV 2099mW/2104mW VDD_SOC 2507mW/2487mW
09-08-2026 20:03:20 RAM 2893/7620MB (lfb 4x4MB) SWAP 757/3810MB (cached 1MB) CPU [0%@1728,5%@1728,1%@1728,0%@1728,8%@1728,2%@1728] GR3D_FREQ 0% cpu@58.937C soc2@58.437C soc0@58.656C gpu@59.531C tj@59.75C soc1@59.656C VDD_IN 7656mW/7768mW VDD_CPU_GPU_CV 2059mW/2103mW VDD_SOC 2467mW/2487mW
09-08-2026 20:03:21 RAM 2893/7620MB (lfb 4x4MB) SWAP 757/3810MB (cached 1MB) CPU [0%@1728,2%@1728,0%@1728,3%@1728,8%@1728,1%@1728] GR3D_FREQ 0% cpu@58.968C soc2@58.343C soc0@58.593C gpu@59.75C tj@59.75C soc1@59.75C VDD_IN 7656mW/7765mW VDD_CPU_GPU_CV 2019mW/2101mW VDD_SOC 2467mW/2486mW
09-08-2026 20:03:22 RAM 2893/7620MB (lfb 4x4MB) SWAP 757/3810MB (cached 1MB) CPU [2%@1728,0%@1728,0%@1728,1%@1728,8%@1728,2%@1728] GR3D_FREQ 0% cpu@59.125C soc2@58.375C soc0@58.718C gpu@59.718C tj@59.781C soc1@59.781C VDD_IN 7616mW/7762mW VDD_CPU_GPU_CV 2019mW/2099mW VDD_SOC 2467mW/2486mW
09-08-2026 20:03:23 RAM 2893/7620MB (lfb 4x4MB) SWAP 757/3810MB (cached 1MB) CPU [1%@1728,0%@1728,2%@1728,0%@1728,9%@1728,1%@1728] GR3D_FREQ 0% cpu@59.062C soc2@58.687C soc0@58.531C gpu@59.781C tj@59.812C soc1@59.812C VDD_IN 7616mW/7758mW VDD_CPU_GPU_CV 2019mW/2098mW VDD_SOC 2467mW/2485mW
09-08-2026 20:03:24 RAM 2893/7620MB (lfb 4x4MB) SWAP 757/3810MB (cached 1MB) CPU [1%@1728,0%@1728,2%@1728,2%@1728,9%@1728,1%@1728] GR3D_FREQ 19% cpu@59.156C soc2@58.437C soc0@58.531C gpu@59.937C tj@59.937C soc1@59.875C VDD_IN 7778mW/7759mW VDD_CPU_GPU_CV 2099mW/2098mW VDD_SOC 2507mW/2486mW
09-08-2026 20:03:25 RAM 2892/7620MB (lfb 4x4MB) SWAP 757/3810MB (cached 1MB) CPU [5%@1728,1%@1728,0%@1728,2%@1728,9%@1728,0%@1728] GR3D_FREQ 2% cpu@58.968C soc2@58.5C soc0@58.687C gpu@60C tj@60C soc1@59.937C VDD_IN 8089mW/7766mW VDD_CPU_GPU_CV 2301mW/2102mW VDD_SOC 2548mW/2487mW
09-08-2026 20:03:26 RAM 2895/7620MB (lfb 4x4MB) SWAP 757/3810MB (cached 1MB) CPU [0%@1728,2%@1728,0%@1728,3%@1728,8%@1728,1%@1728] GR3D_FREQ 31% cpu@59C soc2@58.343C soc0@58.687C gpu@59.968C tj@59.968C soc1@59.781C VDD_IN 7806mW/7767mW VDD_CPU_GPU_CV 2099mW/2102mW VDD_SOC 2507mW/2488mW
09-08-2026 20:03:27 RAM 2895/7620MB (lfb 4x4MB) SWAP 757/3810MB (cached 1MB) CPU [1%@1728,0%@1728,0%@1728,2%@1728,7%@1728,3%@1728] GR3D_FREQ 31% cpu@59.031C soc2@58.343C soc0@58.687C gpu@59.906C tj@59.906C soc1@59.843C VDD_IN 7737mW/7766mW VDD_CPU_GPU_CV 2059mW/2101mW VDD_SOC 2467mW/2487mW
09-08-2026 20:03:28 RAM 2895/7620MB (lfb 4x4MB) SWAP 757/3810MB (cached 1MB) CPU [2%@1728,0%@1728,0%@1728,3%@1728,9%@1728,0%@1728] GR3D_FREQ 31% cpu@59.156C soc2@58.437C soc0@58.781C gpu@59.531C tj@59.812C soc1@59.812C VDD_IN 7737mW/7766mW VDD_CPU_GPU_CV 2099mW/2101mW VDD_SOC 2467mW/2487mW
09-08-2026 20:03:29 RAM 2894/7620MB (lfb 4x4MB) SWAP 757/3810MB (cached 1MB) CPU [4%@1728,2%@1728,1%@1728,3%@1728,9%@1728,1%@1728] GR3D_FREQ 0% cpu@59.218C soc2@58.437C soc0@58.656C gpu@59.562C tj@59.906C soc1@59.906C VDD_IN 8332mW/7777mW VDD_CPU_GPU_CV 2463mW/2108mW VDD_SOC 2588mW/2489mW
09-08-2026 20:03:30 RAM 2895/7620MB (lfb 4x4MB) SWAP 757/3810MB (cached 1MB) CPU [0%@1728,0%@1728,0%@1728,3%@1728,9%@1728,1%@1728] GR3D_FREQ 16% cpu@59.031C soc2@58.437C soc0@58.625C gpu@59.593C tj@59.875C soc1@59.875C VDD_IN 7778mW/7777mW VDD_CPU_GPU_CV 2099mW/2108mW VDD_SOC 2507mW/2489mW
09-08-2026 20:03:31 RAM 2895/7620MB (lfb 4x4MB) SWAP 757/3810MB (cached 1MB) CPU [2%@1728,1%@1728,0%@1728,2%@1728,9%@1728,0%@1728] GR3D_FREQ 0% cpu@59.125C soc2@58.468C soc0@58.687C gpu@59.468C tj@59.968C soc1@59.968C VDD_IN 7737mW/7776mW VDD_CPU_GPU_CV 2059mW/2107mW VDD_SOC 2467mW/2489mW
09-08-2026 20:03:32 RAM 2895/7620MB (lfb 4x4MB) SWAP 757/3810MB (cached 1MB) CPU [1%@1728,1%@1728,0%@1728,0%@1728,10%@1728,0%@1728] GR3D_FREQ 0% cpu@59.031C soc2@58.5C soc0@58.718C gpu@59.625C tj@59.906C soc1@59.906C VDD_IN 7697mW/7775mW VDD_CPU_GPU_CV 2059mW/2106mW VDD_SOC 2467mW/2488mW
09-08-2026 20:03:33 RAM 2895/7620MB (lfb 4x4MB) SWAP 757/3810MB (cached 1MB) CPU [1%@1728,3%@1728,0%@1728,0%@1728,8%@1728,2%@1728] GR3D_FREQ 0% cpu@59.093C soc2@58.437C soc0@58.718C gpu@59.562C tj@59.875C soc1@59.875C VDD_IN 7737mW/7774mW VDD_CPU_GPU_CV 2059mW/2105mW VDD_SOC 2467mW/2488mW
09-08-2026 20:03:34 RAM 2895/7620MB (lfb 4x4MB) SWAP 757/3810MB (cached 1MB) CPU [1%@1728,3%@1728,0%@1728,6%@1728,9%@1728,0%@1728] GR3D_FREQ 0% cpu@59.281C soc2@58.375C soc0@58.812C gpu@59.625C tj@59.875C soc1@59.875C VDD_IN 7927mW/7777mW VDD_CPU_GPU_CV 2221mW/2107mW VDD_SOC 2507mW/2488mW
09-08-2026 20:03:35 RAM 2895/7620MB (lfb 4x4MB) SWAP 757/3810MB (cached 1MB) CPU [2%@1728,4%@1728,2%@1728,2%@1728,8%@1728,2%@1728] GR3D_FREQ 0% cpu@59.218C soc2@58.562C soc0@58.687C gpu@59.531C tj@59.875C soc1@59.875C VDD_IN 7818mW/7777mW VDD_CPU_GPU_CV 2140mW/2108mW VDD_SOC 2507mW/2489mW
09-08-2026 20:03:36 RAM 2890/7620MB (lfb 4x4MB) SWAP 757/3810MB (cached 1MB) CPU [2%@1728,2%@1728,0%@1728,1%@1728,5%@1728,14%@1728] GR3D_FREQ 0% cpu@59.343C soc2@58.562C soc0@58.656C gpu@59.562C tj@59.937C soc1@59.937C VDD_IN 7737mW/7777mW VDD_CPU_GPU_CV 2059mW/2107mW VDD_SOC 2467mW/2488mW
09-08-2026 20:03:37 RAM 2890/7620MB (lfb 4x4MB) SWAP 757/3810MB (cached 1MB) CPU [1%@1728,0%@1728,0%@1728,3%@1728,1%@1728,8%@1728] GR3D_FREQ 0% cpu@59.125C soc2@58.531C soc0@58.718C gpu@59.625C tj@60.062C soc1@60.062C VDD_IN 7656mW/7775mW VDD_CPU_GPU_CV 2059mW/2106mW VDD_SOC 2467mW/2488mW
09-08-2026 20:03:38 RAM 2890/7620MB (lfb 4x4MB) SWAP 757/3810MB (cached 1MB) CPU [0%@1728,0%@1728,0%@1728,2%@1728,1%@1728,8%@1728] GR3D_FREQ 0% cpu@59.031C soc2@58.468C soc0@58.718C gpu@59.593C tj@59.875C soc1@59.875C VDD_IN 7656mW/7773mW VDD_CPU_GPU_CV 2019mW/2105mW VDD_SOC 2467mW/2487mW
09-08-2026 20:03:39 RAM 2890/7620MB (lfb 4x4MB) SWAP 757/3810MB (cached 1MB) CPU [3%@1728,0%@1728,1%@1728,5%@1728,3%@1728,7%@1728] GR3D_FREQ 0% cpu@59.312C soc2@58.437C soc0@58.843C gpu@59.687C tj@59.75C soc1@59.75C VDD_IN 7656mW/7771mW VDD_CPU_GPU_CV 2019mW/2103mW VDD_SOC 2467mW/2487mW
09-08-2026 20:03:40 RAM 2890/7620MB (lfb 4x4MB) SWAP 757/3810MB (cached 1MB) CPU [0%@1728,2%@1728,0%@1728,3%@1728,0%@1728,9%@1728] GR3D_FREQ 0% cpu@59.187C soc2@58.531C soc0@58.843C gpu@59.687C tj@59.875C soc1@59.875C VDD_IN 7656mW/7769mW VDD_CPU_GPU_CV 2019mW/2102mW VDD_SOC 2467mW/2487mW
09-08-2026 20:03:41 RAM 2890/7620MB (lfb 4x4MB) SWAP 757/3810MB (cached 1MB) CPU [5%@1728,2%@1728,1%@1728,1%@1728,4%@1728,7%@1728] GR3D_FREQ 0% cpu@59.437C soc2@58.468C soc0@58.718C gpu@59.718C tj@59.875C soc1@59.906C VDD_IN 7846mW/7770mW VDD_CPU_GPU_CV 2140mW/2103mW VDD_SOC 2507mW/2487mW
09-08-2026 20:03:42 RAM 2890/7620MB (lfb 4x4MB) SWAP 757/3810MB (cached 1MB) CPU [1%@1728,1%@1728,1%@1728,0%@1728,4%@1728,6%@1728] GR3D_FREQ 0% cpu@59.093C soc2@58.656C soc0@58.718C gpu@59.687C tj@59.968C soc1@59.968C VDD_IN 7697mW/7769mW VDD_CPU_GPU_CV 2059mW/2102mW VDD_SOC 2507mW/2487mW
09-08-2026 20:03:43 RAM 2890/7620MB (lfb 4x4MB) SWAP 757/3810MB (cached 1MB) CPU [0%@1728,2%@1728,1%@1728,2%@1728,0%@1728,10%@1728] GR3D_FREQ 7% cpu@58.968C soc2@58.625C soc0@58.718C gpu@59.781C tj@59.968C soc1@59.968C VDD_IN 7766mW/7769mW VDD_CPU_GPU_CV 2099mW/2102mW VDD_SOC 2507mW/2488mW
09-08-2026 20:03:44 RAM 2890/7620MB (lfb 4x4MB) SWAP 757/3810MB (cached 1MB) CPU [1%@1728,0%@1728,0%@1728,3%@1728,0%@1728,9%@1728] GR3D_FREQ 0% cpu@59.093C soc2@58.562C soc0@58.718C gpu@59.781C tj@59.906C soc1@59.75C VDD_IN 7778mW/7769mW VDD_CPU_GPU_CV 2099mW/2102mW VDD_SOC 2507mW/2488mW
09-08-2026 20:03:45 RAM 2890/7620MB (lfb 4x4MB) SWAP 757/3810MB (cached 1MB) CPU [1%@1728,0%@1728,1%@1728,3%@1728,1%@1728,9%@1728] GR3D_FREQ 31% cpu@59.187C soc2@58.375C soc0@58.843C gpu@59.968C tj@59.968C soc1@59.781C VDD_IN 7778mW/7769mW VDD_CPU_GPU_CV 2099mW/2102mW VDD_SOC 2507mW/2488mW
09-08-2026 20:03:46 RAM 2890/7620MB (lfb 4x4MB) SWAP 757/3810MB (cached 1MB) CPU [0%@1728,3%@1728,0%@1728,2%@1728,1%@1728,10%@1728] GR3D_FREQ 31% cpu@59.406C soc2@58.5C soc0@58.812C gpu@59.968C tj@59.968C soc1@59.937C VDD_IN 7778mW/7769mW VDD_CPU_GPU_CV 2099mW/2102mW VDD_SOC 2507mW/2489mW
09-08-2026 20:03:47 RAM 2890/7620MB (lfb 4x4MB) SWAP 757/3810MB (cached 1MB) CPU [1%@1728,0%@1728,1%@1728,0%@1728,2%@1728,8%@1728] GR3D_FREQ 0% cpu@59.093C soc2@58.5C soc0@58.718C gpu@60C tj@60C soc1@59.906C VDD_IN 7737mW/7769mW VDD_CPU_GPU_CV 2099mW/2102mW VDD_SOC 2507mW/2489mW
09-08-2026 20:03:48 RAM 2890/7620MB (lfb 4x4MB) SWAP 757/3810MB (cached 1MB) CPU [1%@1728,0%@1728,0%@1728,2%@1728,5%@1728,4%@1728] GR3D_FREQ 13% cpu@59.156C soc2@58.468C soc0@58.75C gpu@60.062C tj@60.062C soc1@60C VDD_IN 7737mW/7768mW VDD_CPU_GPU_CV 2099mW/2102mW VDD_SOC 2467mW/2489mW
09-08-2026 20:03:49 RAM 2891/7620MB (lfb 4x4MB) SWAP 757/3810MB (cached 1MB) CPU [3%@1728,0%@1728,4%@1728,1%@1728,4%@1728,2%@1728] GR3D_FREQ 0% cpu@59.187C soc2@58.531C soc0@58.687C gpu@59.593C tj@60.031C soc1@60.031C VDD_IN 7778mW/7769mW VDD_CPU_GPU_CV 2099mW/2102mW VDD_SOC 2507mW/2489mW
09-08-2026 20:03:50 RAM 2891/7620MB (lfb 4x4MB) SWAP 757/3810MB (cached 1MB) CPU [1%@1728,4%@1728,9%@1728,5%@1728,0%@1728,0%@1728] GR3D_FREQ 0% cpu@59.281C soc2@58.687C soc0@58.843C gpu@59.687C tj@59.812C soc1@59.812C VDD_IN 8494mW/7779mW VDD_CPU_GPU_CV 2544mW/2108mW VDD_SOC 2588mW/2490mW
09-08-2026 20:03:51 RAM 2891/7620MB (lfb 4x4MB) SWAP 757/3810MB (cached 1MB) CPU [0%@1728,1%@1728,10%@1728,2%@1728,0%@1728,0%@1728] GR3D_FREQ 0% cpu@59.187C soc2@58.5C soc0@58.812C gpu@59.656C tj@59.906C soc1@59.906C VDD_IN 7766mW/7779mW VDD_CPU_GPU_CV 2099mW/2108mW VDD_SOC 2507mW/2490mW
09-08-2026 20:03:52 RAM 2891/7620MB (lfb 4x4MB) SWAP 757/3810MB (cached 1MB) CPU [3%@1728,0%@1728,11%@1728,0%@1728,0%@1728,0%@1728] GR3D_FREQ 0% cpu@59.281C soc2@58.531C soc0@58.875C gpu@59.687C tj@59.906C soc1@59.906C VDD_IN 7697mW/7777mW VDD_CPU_GPU_CV 2059mW/2107mW VDD_SOC 2467mW/2490mW
09-08-2026 20:03:53 RAM 2891/7620MB (lfb 4x4MB) SWAP 757/3810MB (cached 1MB) CPU [1%@1728,0%@1728,11%@1728,1%@1728,0%@1728,1%@1728] GR3D_FREQ 0% cpu@59.343C soc2@58.468C soc0@58.718C gpu@59.75C tj@59.937C soc1@59.937C VDD_IN 7697mW/7776mW VDD_CPU_GPU_CV 2059mW/2106mW VDD_SOC 2467mW/2490mW
09-08-2026 20:03:54 RAM 2890/7620MB (lfb 4x4MB) SWAP 757/3810MB (cached 1MB) CPU [13%@1728,0%@1728,2%@1728,5%@1728,1%@1728,0%@1728] GR3D_FREQ 0% cpu@59.25C soc2@58.625C soc0@58.812C gpu@59.75C tj@60C soc1@60C VDD_IN 7697mW/7775mW VDD_CPU_GPU_CV 2059mW/2106mW VDD_SOC 2467mW/2489mW
09-08-2026 20:03:55 RAM 2890/7620MB (lfb 4x4MB) SWAP 757/3810MB (cached 1MB) CPU [11%@1728,1%@1728,1%@1728,2%@1728,0%@1728,1%@1728] GR3D_FREQ 0% cpu@59.218C soc2@58.593C soc0@58.781C gpu@59.718C tj@60.093C soc1@60.093C VDD_IN 7656mW/7774mW VDD_CPU_GPU_CV 2019mW/2105mW VDD_SOC 2467mW/2489mW
09-08-2026 20:03:56 RAM 2890/7620MB (lfb 4x4MB) SWAP 757/3810MB (cached 1MB) CPU [11%@1728,2%@1728,2%@1728,0%@1728,0%@1728,0%@1728] GR3D_FREQ 0% cpu@59.125C soc2@58.562C soc0@58.812C gpu@59.75C tj@60C soc1@60C VDD_IN 7697mW/7773mW VDD_CPU_GPU_CV 2059mW/2104mW VDD_SOC 2467mW/2489mW
09-08-2026 20:03:57 RAM 2890/7620MB (lfb 4x4MB) SWAP 757/3810MB (cached 1MB) CPU [9%@1728,2%@1728,1%@1728,0%@1728,0%@1728,0%@1728] GR3D_FREQ 0% cpu@59.187C soc2@58.562C soc0@58.937C gpu@59.718C tj@59.968C soc1@59.968C VDD_IN 7656mW/7771mW VDD_CPU_GPU_CV 2019mW/2103mW VDD_SOC 2467mW/2489mW
09-08-2026 20:03:58 RAM 2890/7620MB (lfb 4x4MB) SWAP 757/3810MB (cached 1MB) CPU [10%@1728,2%@1728,6%@1728,3%@1728,0%@1728,0%@1728] GR3D_FREQ 0% cpu@59.281C soc2@58.531C soc0@59.062C gpu@59.812C tj@60.031C soc1@60.031C VDD_IN 7887mW/7773mW VDD_CPU_GPU_CV 2180mW/2104mW VDD_SOC 2507mW/2489mW
09-08-2026 20:03:59 RAM 2890/7620MB (lfb 4x4MB) SWAP 757/3810MB (cached 1MB) CPU [9%@1728,1%@1728,2%@1728,2%@1728,0%@1728,1%@1728] GR3D_FREQ 0% cpu@59.312C soc2@58.625C soc0@58.812C gpu@59.937C tj@60.062C soc1@60.062C VDD_IN 7656mW/7771mW VDD_CPU_GPU_CV 2019mW/2103mW VDD_SOC 2467mW/2489mW
09-08-2026 20:04:00 RAM 2890/7620MB (lfb 4x4MB) SWAP 757/3810MB (cached 1MB) CPU [9%@1728,0%@1728,0%@1728,4%@1728,0%@1728,0%@1728] GR3D_FREQ 0% cpu@59.156C soc2@58.593C soc0@58.843C gpu@59.781C tj@60.093C soc1@60.093C VDD_IN 7616mW/7769mW VDD_CPU_GPU_CV 2019mW/2102mW VDD_SOC 2467mW/2488mW
09-08-2026 20:04:01 RAM 2890/7620MB (lfb 4x4MB) SWAP 757/3810MB (cached 1MB) CPU [10%@1728,0%@1728,1%@1728,3%@1728,0%@1728,0%@1728] GR3D_FREQ 0% cpu@59.218C soc2@58.656C soc0@58.781C gpu@59.812C tj@59.906C soc1@59.906C VDD_IN 7656mW/7768mW VDD_CPU_GPU_CV 2019mW/2101mW VDD_SOC 2467mW/2488mW
09-08-2026 20:04:02 RAM 2890/7620MB (lfb 4x4MB) SWAP 757/3810MB (cached 1MB) CPU [12%@1728,0%@1728,0%@1728,1%@1728,0%@1728,0%@1728] GR3D_FREQ 0% cpu@59.312C soc2@58.687C soc0@58.718C gpu@59.812C tj@59.968C soc1@59.968C VDD_IN 7737mW/7768mW VDD_CPU_GPU_CV 2099mW/2101mW VDD_SOC 2507mW/2488mW
09-08-2026 20:04:03 RAM 2890/7620MB (lfb 4x4MB) SWAP 757/3810MB (cached 1MB) CPU [10%@1728,1%@1728,0%@1728,2%@1728,0%@1728,0%@1728] GR3D_FREQ 0% cpu@59.468C soc2@58.656C soc0@58.875C gpu@59.875C tj@59.968C soc1@59.968C VDD_IN 7778mW/7768mW VDD_CPU_GPU_CV 2099mW/2101mW VDD_SOC 2507mW/2489mW
09-08-2026 20:04:04 RAM 2890/7620MB (lfb 4x4MB) SWAP 757/3810MB (cached 1MB) CPU [9%@1728,0%@1728,1%@1728,3%@1728,0%@1728,0%@1728] GR3D_FREQ 31% cpu@59.468C soc2@58.656C soc0@59.062C gpu@59.843C tj@60.062C soc1@60.062C VDD_IN 7778mW/7768mW VDD_CPU_GPU_CV 2099mW/2101mW VDD_SOC 2507mW/2489mW
09-08-2026 20:04:05 RAM 2888/7620MB (lfb 4x4MB) SWAP 757/3810MB (cached 1MB) CPU [8%@1728,8%@1728,9%@1728,1%@1728,0%@1728,0%@1728] GR3D_FREQ 31% cpu@59.687C soc2@58.781C soc0@58.937C gpu@59.875C tj@60.093C soc1@60.093C VDD_IN 8494mW/7776mW VDD_CPU_GPU_CV 2584mW/2106mW VDD_SOC 2588mW/2490mW
09-08-2026 20:04:06 RAM 2889/7620MB (lfb 4x4MB) SWAP 757/3810MB (cached 1MB) CPU [8%@1728,1%@1728,12%@1728,1%@1728,0%@1728,1%@1728] GR3D_FREQ 5% cpu@59.593C soc2@58.656C soc0@58.906C gpu@59.812C tj@60.187C soc1@60.187C VDD_IN 7846mW/7777mW VDD_CPU_GPU_CV 2140mW/2107mW VDD_SOC 2507mW/2490mW
09-08-2026 20:04:07 RAM 2890/7620MB (lfb 4x4MB) SWAP 757/3810MB (cached 1MB) CPU [0%@1728,3%@1728,10%@1728,0%@1728,0%@1728,0%@1728] GR3D_FREQ 22% cpu@59.281C soc2@58.718C soc0@58.906C gpu@59.968C tj@60.25C soc1@60.25C VDD_IN 7737mW/7777mW VDD_CPU_GPU_CV 2099mW/2107mW VDD_SOC 2507mW/2490mW
09-08-2026 20:04:08 RAM 2890/7620MB (lfb 4x4MB) SWAP 757/3810MB (cached 1MB) CPU [1%@1728,0%@1728,9%@1728,4%@1728,0%@1728,0%@1728] GR3D_FREQ 0% cpu@59.437C soc2@58.687C soc0@58.968C gpu@59.937C tj@60C soc1@60C VDD_IN 7818mW/7777mW VDD_CPU_GPU_CV 2140mW/2107mW VDD_SOC 2507mW/2490mW
09-08-2026 20:04:09 RAM 2888/7620MB (lfb 4x4MB) SWAP 757/3810MB (cached 1MB) CPU [1%@1728,1%@1728,10%@1728,3%@1728,1%@1728,0%@1728] GR3D_FREQ 0% cpu@59.406C soc2@58.687C soc0@58.968C gpu@59.968C tj@60C soc1@60C VDD_IN 7737mW/7777mW VDD_CPU_GPU_CV 2099mW/2107mW VDD_SOC 2507mW/2491mW
09-08-2026 20:04:10 RAM 2888/7620MB (lfb 4x4MB) SWAP 757/3810MB (cached 1MB) CPU [4%@1728,2%@1728,4%@1728,2%@1728,0%@1728,1%@1728] GR3D_FREQ 0% cpu@59.406C soc2@58.625C soc0@59.031C gpu@59.937C tj@60.031C soc1@60.093C VDD_IN 7737mW/7776mW VDD_CPU_GPU_CV 2059mW/2106mW VDD_SOC 2507mW/2491mW
09-08-2026 20:04:11 RAM 2890/7620MB (lfb 4x4MB) SWAP 757/3810MB (cached 1MB) CPU [10%@1728,3%@1728,0%@1728,1%@1728,0%@1728,0%@1728] GR3D_FREQ 0% cpu@59.593C soc2@58.687C soc0@58.875C gpu@59.968C tj@60.093C soc1@60.093C VDD_IN 7737mW/7776mW VDD_CPU_GPU_CV 2059mW/2106mW VDD_SOC 2467mW/2491mW
09-08-2026 20:04:12 RAM 2888/7620MB (lfb 4x4MB) SWAP 757/3810MB (cached 1MB) CPU [10%@1728,1%@1728,8%@1728,2%@1728,1%@1728,0%@1728] GR3D_FREQ 0% cpu@59.281C soc2@58.718C soc0@58.906C gpu@59.937C tj@60.187C soc1@60.187C VDD_IN 7927mW/7777mW VDD_CPU_GPU_CV 2221mW/2107mW VDD_SOC 2507mW/2491mW
09-08-2026 20:04:13 RAM 2888/7620MB (lfb 4x4MB) SWAP 757/3810MB (cached 1MB) CPU [9%@1728,1%@1728,0%@1728,3%@1728,1%@1728,0%@1728] GR3D_FREQ 0% cpu@59.343C soc2@58.718C soc0@58.843C gpu@59.843C tj@60.25C soc1@60.25C VDD_IN 7697mW/7777mW VDD_CPU_GPU_CV 2059mW/2107mW VDD_SOC 2467mW/2490mW
09-08-2026 20:04:14 RAM 2888/7620MB (lfb 4x4MB) SWAP 757/3810MB (cached 1MB) CPU [9%@1728,0%@1728,1%@1728,3%@1728,0%@1728,1%@1728] GR3D_FREQ 0% cpu@59.281C soc2@58.718C soc0@58.906C gpu@59.75C tj@60C soc1@60C VDD_IN 7697mW/7776mW VDD_CPU_GPU_CV 2059mW/2106mW VDD_SOC 2507mW/2491mW
09-08-2026 20:04:15 RAM 2888/7620MB (lfb 4x4MB) SWAP 757/3810MB (cached 1MB) CPU [13%@1728,0%@1728,0%@1728,1%@1728,0%@1728,0%@1728] GR3D_FREQ 0% cpu@59.281C soc2@58.718C soc0@58.937C gpu@59.812C tj@60.062C soc1@60.062C VDD_IN 7656mW/7774mW VDD_CPU_GPU_CV 2059mW/2106mW VDD_SOC 2467mW/2490mW
09-08-2026 20:04:16 RAM 2888/7620MB (lfb 4x4MB) SWAP 757/3810MB (cached 1MB) CPU [11%@1728,0%@1728,2%@1728,1%@1728,0%@1728,0%@1728] GR3D_FREQ 0% cpu@59.5C soc2@58.687C soc0@58.968C gpu@59.875C tj@60.093C soc1@60.093C VDD_IN 7697mW/7774mW VDD_CPU_GPU_CV 2059mW/2105mW VDD_SOC 2467mW/2490mW
09-08-2026 20:04:17 RAM 2888/7620MB (lfb 4x4MB) SWAP 757/3810MB (cached 1MB) CPU [9%@1728,1%@1728,2%@1728,1%@1728,0%@1728,0%@1728] GR3D_FREQ 0% cpu@59.312C soc2@58.687C soc0@58.875C gpu@59.812C tj@60.125C soc1@60.125C VDD_IN 7656mW/7772mW VDD_CPU_GPU_CV 2019mW/2104mW VDD_SOC 2467mW/2490mW
09-08-2026 20:04:18 RAM 2888/7620MB (lfb 4x4MB) SWAP 757/3810MB (cached 1MB) CPU [9%@1728,2%@1728,1%@1728,1%@1728,0%@1728,0%@1728] GR3D_FREQ 0% cpu@59.375C soc2@58.718C soc0@58.812C gpu@59.812C tj@60.093C soc1@60.093C VDD_IN 7616mW/7771mW VDD_CPU_GPU_CV 2019mW/2103mW VDD_SOC 2467mW/2490mW
09-08-2026 20:04:19 RAM 2888/7620MB (lfb 4x4MB) SWAP 757/3810MB (cached 1MB) CPU [10%@1728,1%@1728,6%@1728,4%@1728,0%@1728,0%@1728] GR3D_FREQ 0% cpu@59.218C soc2@58.718C soc0@59C gpu@59.875C tj@60.25C soc1@60.25C VDD_IN 8089mW/7774mW VDD_CPU_GPU_CV 2301mW/2105mW VDD_SOC 2548mW/2490mW
09-08-2026 20:04:20 RAM 2888/7620MB (lfb 4x4MB) SWAP 757/3810MB (cached 1MB) CPU [10%@1728,1%@1728,0%@1728,2%@1728,0%@1728,0%@1728] GR3D_FREQ 0% cpu@59.437C soc2@58.625C soc0@58.906C gpu@59.812C tj@60C soc1@60C VDD_IN 7656mW/7773mW VDD_CPU_GPU_CV 2019mW/2105mW VDD_SOC 2467mW/2490mW
09-08-2026 20:04:21 RAM 2890/7620MB (lfb 4x4MB) SWAP 757/3810MB (cached 1MB) CPU [10%@1728,3%@1728,1%@1728,1%@1728,0%@1728,0%@1728] GR3D_FREQ 0% cpu@59.406C soc2@59.062C soc0@59C gpu@59.843C tj@60.031C soc1@60.031C VDD_IN 7737mW/7773mW VDD_CPU_GPU_CV 2099mW/2105mW VDD_SOC 2507mW/2490mW
09-08-2026 20:04:22 RAM 2890/7620MB (lfb 4x4MB) SWAP 757/3810MB (cached 1MB) CPU [10%@1728,1%@1728,2%@1728,0%@1728,0%@1728,0%@1728] GR3D_FREQ 0% cpu@59.468C soc2@58.687C soc0@58.843C gpu@59.843C tj@60.093C soc1@60.093C VDD_IN 7766mW/7772mW VDD_CPU_GPU_CV 2099mW/2104mW VDD_SOC 2507mW/2490mW
09-08-2026 20:04:23 RAM 2890/7620MB (lfb 4x4MB) SWAP 757/3810MB (cached 1MB) CPU [11%@1728,0%@1728,2%@1728,0%@1728,0%@1728,0%@1728] GR3D_FREQ 31% cpu@59.5C soc2@58.75C soc0@58.937C gpu@59.843C tj@60.125C soc1@60.125C VDD_IN 7737mW/7772mW VDD_CPU_GPU_CV 2059mW/2104mW VDD_SOC 2467mW/2490mW
09-08-2026 20:04:24 RAM 2890/7620MB (lfb 4x4MB) SWAP 757/3810MB (cached 1MB) CPU [9%@1728,2%@1728,2%@1728,0%@1728,0%@1728,0%@1728] GR3D_FREQ 31% cpu@59.312C soc2@58.687C soc0@58.843C gpu@59.906C tj@60.25C soc1@60.25C VDD_IN 7778mW/7772mW VDD_CPU_GPU_CV 2099mW/2104mW VDD_SOC 2507mW/2490mW
09-08-2026 20:04:25 RAM 2890/7620MB (lfb 4x4MB) SWAP 757/3810MB (cached 1MB) CPU [1%@1728,12%@1728,0%@1728,1%@1728,0%@1728,0%@1728] GR3D_FREQ 12% cpu@59.218C soc2@58.687C soc0@58.875C gpu@59.937C tj@60C soc1@60C VDD_IN 7737mW/7772mW VDD_CPU_GPU_CV 2099mW/2104mW VDD_SOC 2507mW/2490mW
09-08-2026 20:04:26 RAM 2890/7620MB (lfb 4x4MB) SWAP 757/3810MB (cached 1MB) CPU [1%@1728,11%@1728,6%@1728,2%@1728,0%@1728,0%@1728] GR3D_FREQ 29% cpu@59.281C soc2@58.718C soc0@58.906C gpu@59.875C tj@60C soc1@60C VDD_IN 7927mW/7773mW VDD_CPU_GPU_CV 2221mW/2105mW VDD_SOC 2507mW/2491mW
09-08-2026 20:04:27 RAM 2888/7620MB (lfb 4x4MB) SWAP 757/3810MB (cached 1MB) CPU [0%@1728,9%@1728,1%@1728,4%@1728,0%@1728,0%@1728] GR3D_FREQ 0% cpu@59.437C soc2@58.625C soc0@59.031C gpu@59.937C tj@60C soc1@60C VDD_IN 7778mW/7773mW VDD_CPU_GPU_CV 2099mW/2105mW VDD_SOC 2507mW/2491mW
09-08-2026 20:04:28 RAM 2888/7620MB (lfb 4x4MB) SWAP 757/3810MB (cached 1MB) CPU [0%@1728,10%@1728,1%@1728,2%@1728,0%@1728,0%@1728] GR3D_FREQ 0% cpu@59.375C soc2@58.656C soc0@59.031C gpu@59.875C tj@59.937C soc1@59.937C VDD_IN 7737mW/7773mW VDD_CPU_GPU_CV 2059mW/2105mW VDD_SOC 2467mW/2491mW
09-08-2026 20:04:29 RAM 2888/7620MB (lfb 4x4MB) SWAP 757/3810MB (cached 1MB) CPU [1%@1728,11%@1728,0%@1728,3%@1728,0%@1728,0%@1728] GR3D_FREQ 0% cpu@59.343C soc2@58.687C soc0@58.812C gpu@59.906C tj@60.156C soc1@60.156C VDD_IN 7737mW/7773mW VDD_CPU_GPU_CV 2099mW/2105mW VDD_SOC 2507mW/2491mW
09-08-2026 20:04:30 RAM 2888/7620MB (lfb 4x4MB) SWAP 757/3810MB (cached 1MB) CPU [0%@1728,10%@1728,0%@1728,3%@1728,0%@1728,0%@1728] GR3D_FREQ 0% cpu@59.125C soc2@58.718C soc0@58.843C gpu@59.906C tj@60.125C soc1@60.125C VDD_IN 7697mW/7772mW VDD_CPU_GPU_CV 2059mW/2104mW VDD_SOC 2467mW/2491mW
09-08-2026 20:04:31 RAM 2888/7620MB (lfb 4x4MB) SWAP 757/3810MB (cached 1MB) CPU [4%@1728,9%@1728,0%@1728,1%@1728,0%@1728,0%@1728] GR3D_FREQ 0% cpu@59.312C soc2@58.656C soc0@58.937C gpu@59.937C tj@59.968C soc1@59.968C VDD_IN 7697mW/7771mW VDD_CPU_GPU_CV 2059mW/2104mW VDD_SOC 2507mW/2491mW
09-08-2026 20:04:32 RAM 2888/7620MB (lfb 4x4MB) SWAP 757/3810MB (cached 1MB) CPU [10%@1728,2%@1728,0%@1728,0%@1728,0%@1728,0%@1728] GR3D_FREQ 0% cpu@59.375C soc2@58.625C soc0@58.906C gpu@59.937C tj@60C soc1@60C VDD_IN 7697mW/7771mW VDD_CPU_GPU_CV 2059mW/2103mW VDD_SOC 2467mW/2490mW
09-08-2026 20:04:33 RAM 2888/7620MB (lfb 4x4MB) SWAP 757/3810MB (cached 1MB) CPU [4%@1728,13%@1728,3%@1728,1%@1728,0%@1728,0%@1728] GR3D_FREQ 0% cpu@59.312C soc2@58.687C soc0@59C gpu@60.031C tj@60.031C soc1@60.031C VDD_IN 7887mW/7772mW VDD_CPU_GPU_CV 2180mW/2104mW VDD_SOC 2507mW/2491mW
09-08-2026 20:04:34 RAM 2888/7620MB (lfb 4x4MB) SWAP 757/3810MB (cached 1MB) CPU [1%@1728,12%@1728,0%@1728,0%@1728,0%@1728,1%@1728] GR3D_FREQ 0% cpu@59.375C soc2@58.687C soc0@59.062C gpu@59.812C tj@60.031C soc1@60.031C VDD_IN 7697mW/7771mW VDD_CPU_GPU_CV 2059mW/2104mW VDD_SOC 2467mW/2490mW
09-08-2026 20:04:35 RAM 2891/7620MB (lfb 4x4MB) SWAP 757/3810MB (cached 1MB) CPU [0%@1728,12%@1728,3%@1728,7%@1728,1%@1728,1%@1728] GR3D_FREQ 0% cpu@59.625C soc2@58.656C soc0@58.875C gpu@59.812C tj@60.156C soc1@60.156C VDD_IN 7846mW/7772mW VDD_CPU_GPU_CV 2180mW/2104mW VDD_SOC 2507mW/2491mW
09-08-2026 20:04:36 RAM 2888/7620MB (lfb 4x4MB) SWAP 757/3810MB (cached 1MB) CPU [5%@1728,3%@1728,6%@1728,7%@1728,0%@1728,1%@1728] GR3D_FREQ 0% cpu@59.281C soc2@58.687C soc0@58.843C gpu@59.812C tj@60.125C soc1@60.125C VDD_IN 7697mW/7771mW VDD_CPU_GPU_CV 2059mW/2104mW VDD_SOC 2467mW/2490mW
09-08-2026 20:04:37 RAM 2887/7620MB (lfb 4x4MB) SWAP 757/3810MB (cached 1MB) CPU [1%@1728,2%@1728,10%@1728,1%@1728,0%@1728,0%@1728] GR3D_FREQ 0% cpu@59.187C soc2@58.718C soc0@58.906C gpu@59.843C tj@60.25C soc1@60.25C VDD_IN 7656mW/7770mW VDD_CPU_GPU_CV 2019mW/2103mW VDD_SOC 2467mW/2490mW
09-08-2026 20:04:38 RAM 2888/7620MB (lfb 4x4MB) SWAP 757/3810MB (cached 1MB) CPU [2%@1728,1%@1728,11%@1728,3%@1728,0%@1728,0%@1728] GR3D_FREQ 0% cpu@59.343C soc2@58.625C soc0@58.968C gpu@59.875C tj@60C soc1@60C VDD_IN 7697mW/7769mW VDD_CPU_GPU_CV 2059mW/2103mW VDD_SOC 2467mW/2490mW
09-08-2026 20:04:39 RAM 2890/7620MB (lfb 4x4MB) SWAP 757/3810MB (cached 1MB) CPU [7%@1728,0%@1728,7%@1728,1%@1728,1%@1728,0%@1728] GR3D_FREQ 0% cpu@59.468C soc2@58.625C soc0@58.906C gpu@59.781C tj@59.937C soc1@59.937C VDD_IN 7656mW/7769mW VDD_CPU_GPU_CV 2019mW/2102mW VDD_SOC 2467mW/2490mW
09-08-2026 20:04:40 RAM 2890/7620MB (lfb 4x4MB) SWAP 757/3810MB (cached 1MB) CPU [10%@1728,0%@1728,2%@1728,0%@1728,0%@1728,0%@1728] GR3D_FREQ 0% cpu@59.312C soc2@59.031C soc0@58.843C gpu@59.906C tj@60.062C soc1@60.062C VDD_IN 7697mW/7768mW VDD_CPU_GPU_CV 2059mW/2102mW VDD_SOC 2507mW/2490mW
09-08-2026 20:04:41 RAM 2890/7620MB (lfb 4x4MB) SWAP 757/3810MB (cached 1MB) CPU [11%@1728,6%@1728,0%@1728,3%@1728,0%@1728,0%@1728] GR3D_FREQ 0% cpu@59.562C soc2@58.843C soc0@58.875C gpu@59.843C tj@60.062C soc1@60.062C VDD_IN 7927mW/7769mW VDD_CPU_GPU_CV 2180mW/2102mW VDD_SOC 2507mW/2490mW
09-08-2026 20:04:42 RAM 2890/7620MB (lfb 4x4MB) SWAP 757/3810MB (cached 1MB) CPU [9%@1728,1%@1728,2%@1728,2%@1728,0%@1728,0%@1728] GR3D_FREQ 31% cpu@59.343C soc2@58.75C soc0@58.937C gpu@59.906C tj@60.187C soc1@60.218C VDD_IN 7818mW/7770mW VDD_CPU_GPU_CV 2140mW/2103mW VDD_SOC 2507mW/2490mW
09-08-2026 20:04:43 RAM 2890/7620MB (lfb 4x4MB) SWAP 757/3810MB (cached 1MB) CPU [10%@1728,0%@1728,0%@1728,1%@1728,0%@1728,0%@1728] GR3D_FREQ 16% cpu@59.375C soc2@58.75C soc0@58.875C gpu@59.937C tj@60.031C soc1@60.031C VDD_IN 7778mW/7770mW VDD_CPU_GPU_CV 2099mW/2103mW VDD_SOC 2507mW/2490mW
09-08-2026 20:04:44 RAM 2889/7620MB (lfb 4x4MB) SWAP 757/3810MB (cached 1MB) CPU [10%@1728,2%@1728,2%@1728,1%@1728,0%@1728,0%@1728] GR3D_FREQ 29% cpu@59.281C soc2@58.687C soc0@58.937C gpu@59.843C tj@59.968C soc1@59.968C VDD_IN 7737mW/7769mW VDD_CPU_GPU_CV 2099mW/2103mW VDD_SOC 2507mW/2490mW
09-08-2026 20:04:45 RAM 2889/7620MB (lfb 4x4MB) SWAP 757/3810MB (cached 1MB) CPU [9%@1728,2%@1728,2%@1728,0%@1728,0%@1728,0%@1728] GR3D_FREQ 31% cpu@59.5C soc2@58.625C soc0@59.093C gpu@59.937C tj@60C soc1@60C VDD_IN 7737mW/7769mW VDD_CPU_GPU_CV 2099mW/2103mW VDD_SOC 2507mW/2491mW
09-08-2026 20:04:46 RAM 2889/7620MB (lfb 4x4MB) SWAP 757/3810MB (cached 1MB) CPU [6%@1728,12%@1728,5%@1728,8%@1728,0%@1728,0%@1728] GR3D_FREQ 0% cpu@59.656C soc2@58.718C soc0@58.937C gpu@59.968C tj@60.125C soc1@60.125C VDD_IN 8210mW/7773mW VDD_CPU_GPU_CV 2382mW/2105mW VDD_SOC 2548mW/2491mW
09-08-2026 20:04:47 RAM 2889/7620MB (lfb 4x4MB) SWAP 757/3810MB (cached 1MB) CPU [8%@1728,6%@1728,2%@1728,2%@1728,0%@1728,0%@1728] GR3D_FREQ 0% cpu@59.281C soc2@58.718C soc0@58.875C gpu@59.906C tj@60.156C soc1@60.156C VDD_IN 7766mW/7773mW VDD_CPU_GPU_CV 2099mW/2105mW VDD_SOC 2507mW/2491mW
09-08-2026 20:04:48 RAM 2890/7620MB (lfb 4x4MB) SWAP 757/3810MB (cached 1MB) CPU [9%@1728,0%@1728,3%@1728,1%@1728,0%@1728,0%@1728] GR3D_FREQ 0% cpu@59.218C soc2@58.718C soc0@58.906C gpu@59.937C tj@60.156C soc1@60.156C VDD_IN 7737mW/7772mW VDD_CPU_GPU_CV 2059mW/2104mW VDD_SOC 2467mW/2491mW
09-08-2026 20:04:49 RAM 2890/7620MB (lfb 4x4MB) SWAP 757/3810MB (cached 1MB) CPU [6%@1728,5%@1728,1%@1728,2%@1728,1%@1728,0%@1728] GR3D_FREQ 0% cpu@59.25C soc2@58.687C soc0@58.968C gpu@59.937C tj@59.968C soc1@59.968C VDD_IN 7737mW/7772mW VDD_CPU_GPU_CV 2059mW/2104mW VDD_SOC 2467mW/2491mW
09-08-2026 20:04:50 RAM 2890/7620MB (lfb 4x4MB) SWAP 757/3810MB (cached 1MB) CPU [1%@1728,9%@1728,0%@1728,2%@1728,1%@1728,0%@1728] GR3D_FREQ 0% cpu@59.281C soc2@58.593C soc0@58.906C gpu@59.906C tj@60.031C soc1@60.031C VDD_IN 7697mW/7771mW VDD_CPU_GPU_CV 2059mW/2104mW VDD_SOC 2467mW/2491mW
09-08-2026 20:04:51 RAM 2890/7620MB (lfb 4x4MB) SWAP 757/3810MB (cached 1MB) CPU [2%@1728,10%@1728,2%@1728,1%@1728,0%@1728,0%@1728] GR3D_FREQ 0% cpu@59.531C soc2@58.625C soc0@58.937C gpu@59.875C tj@60C soc1@60C VDD_IN 7697mW/7771mW VDD_CPU_GPU_CV 2059mW/2103mW VDD_SOC 2467mW/2490mW
09-08-2026 20:04:52 RAM 2889/7620MB (lfb 4x4MB) SWAP 757/3810MB (cached 1MB) CPU [8%@1728,9%@1728,5%@1728,1%@1728,0%@1728,0%@1728] GR3D_FREQ 0% cpu@59.375C soc2@58.718C soc0@58.812C gpu@59.937C tj@60.187C soc1@60.187C VDD_IN 8291mW/7775mW VDD_CPU_GPU_CV 2463mW/2106mW VDD_SOC 2588mW/2491mW
09-08-2026 20:04:53 RAM 2889/7620MB (lfb 4x4MB) SWAP 757/3810MB (cached 1MB) CPU [5%@1728,10%@1728,0%@1728,1%@1728,1%@1728,0%@1728] GR3D_FREQ 0% cpu@59.281C soc2@58.781C soc0@58.812C gpu@59.937C tj@60.125C soc1@60.125C VDD_IN 7725mW/7774mW VDD_CPU_GPU_CV 2099mW/2106mW VDD_SOC 2507mW/2491mW
09-08-2026 20:04:54 RAM 2890/7620MB (lfb 4x4MB) SWAP 757/3810MB (cached 1MB) CPU [2%@1728,5%@1728,6%@1728,1%@1728,0%@1728,0%@1728] GR3D_FREQ 0% cpu@59.218C soc2@58.718C soc0@58.875C gpu@59.937C tj@60.156C soc1@60.156C VDD_IN 7697mW/7774mW VDD_CPU_GPU_CV 2059mW/2106mW VDD_SOC 2467mW/2491mW
09-08-2026 20:04:55 RAM 2890/7620MB (lfb 4x4MB) SWAP 757/3810MB (cached 1MB) CPU [2%@1728,1%@1728,10%@1728,0%@1728,0%@1728,0%@1728] GR3D_FREQ 0% cpu@59.312C soc2@58.687C soc0@58.843C gpu@59.968C tj@60C soc1@60C VDD_IN 7656mW/7773mW VDD_CPU_GPU_CV 2019mW/2105mW VDD_SOC 2467mW/2491mW
09-08-2026 20:04:56 RAM 2889/7620MB (lfb 4x4MB) SWAP 757/3810MB (cached 1MB) CPU [1%@1728,1%@1728,10%@1728,3%@1728,1%@1728,0%@1728] GR3D_FREQ 0% cpu@59.25C soc2@58.562C soc0@58.906C gpu@60.031C tj@60.031C soc1@60C VDD_IN 7656mW/7772mW VDD_CPU_GPU_CV 2019mW/2104mW VDD_SOC 2467mW/2491mW
09-08-2026 20:04:57 RAM 2889/7620MB (lfb 4x4MB) SWAP 757/3810MB (cached 1MB) CPU [3%@1728,4%@1728,10%@1728,1%@1728,0%@1728,1%@1728] GR3D_FREQ 0% cpu@59.375C soc2@58.625C soc0@59.031C gpu@60C tj@60.031C soc1@60.031C VDD_IN 7656mW/7771mW VDD_CPU_GPU_CV 2019mW/2104mW VDD_SOC 2467mW/2491mW
09-08-2026 20:04:58 RAM 2890/7620MB (lfb 4x4MB) SWAP 757/3810MB (cached 1MB) CPU [1%@1728,3%@1728,10%@1728,5%@1728,0%@1728,0%@1728] GR3D_FREQ 0% cpu@59.531C soc2@58.718C soc0@59.125C gpu@59.906C tj@60.062C soc1@60.062C VDD_IN 8574mW/7777mW VDD_CPU_GPU_CV 2624mW/2107mW VDD_SOC 2629mW/2492mW
09-08-2026 20:04:59 RAM 2890/7620MB (lfb 4x4MB) SWAP 757/3810MB (cached 1MB) CPU [6%@1728,3%@1728,10%@1728,3%@1728,1%@1728,0%@1728] GR3D_FREQ 0% cpu@59.375C soc2@59.093C soc0@58.906C gpu@59.875C tj@60.125C soc1@60.125C VDD_IN 7806mW/7777mW VDD_CPU_GPU_CV 2140mW/2108mW VDD_SOC 2507mW/2492mW
09-08-2026 20:05:00 RAM 2890/7620MB (lfb 4x4MB) SWAP 757/3810MB (cached 1MB) CPU [3%@1728,0%@1728,11%@1728,0%@1728,0%@1728,0%@1728] GR3D_FREQ 0% cpu@59.375C soc2@58.75C soc0@58.937C gpu@59.937C tj@60.187C soc1@60.187C VDD_IN 7766mW/7777mW VDD_CPU_GPU_CV 2099mW/2108mW VDD_SOC 2507mW/2492mW
09-08-2026 20:05:01 RAM 2890/7620MB (lfb 4x4MB) SWAP 757/3810MB (cached 1MB) CPU [3%@1728,1%@1728,9%@1728,2%@1728,0%@1728,0%@1728] GR3D_FREQ 27% cpu@59.375C soc2@58.75C soc0@58.937C gpu@59.875C tj@59.968C soc1@59.968C VDD_IN 7778mW/7777mW VDD_CPU_GPU_CV 2099mW/2108mW VDD_SOC 2507mW/2492mW
09-08-2026 20:05:02 RAM 2890/7620MB (lfb 4x4MB) SWAP 757/3810MB (cached 1MB) CPU [0%@1728,0%@1728,9%@1728,3%@1728,0%@1728,0%@1728] GR3D_FREQ 9% cpu@59.5C soc2@58.687C soc0@58.968C gpu@59.937C tj@60C soc1@60C VDD_IN 7737mW/7777mW VDD_CPU_GPU_CV 2099mW/2108mW VDD_SOC 2507mW/2492mW
09-08-2026 20:05:03 RAM 2890/7620MB (lfb 4x4MB) SWAP 757/3810MB (cached 1MB) CPU [1%@1728,0%@1728,11%@1728,1%@1728,1%@1728,0%@1728] GR3D_FREQ 31% cpu@59.5C soc2@58.656C soc0@59.062C gpu@59.906C tj@60.062C soc1@60.062C VDD_IN 7737mW/7777mW VDD_CPU_GPU_CV 2099mW/2107mW VDD_SOC 2467mW/2492mW
09-08-2026 20:05:04 RAM 2890/7620MB (lfb 4x4MB) SWAP 757/3810MB (cached 1MB) CPU [3%@1728,1%@1728,10%@1728,0%@1728,0%@1728,0%@1728] GR3D_FREQ 31% cpu@59.531C soc2@58.687C soc0@58.906C gpu@59.906C tj@60.093C soc1@60.093C VDD_IN 7737mW/7776mW VDD_CPU_GPU_CV 2099mW/2107mW VDD_SOC 2507mW/2492mW
09-08-2026 20:05:05 RAM 2891/7620MB (lfb 4x4MB) SWAP 757/3810MB (cached 1MB) CPU [7%@1728,0%@1728,9%@1728,8%@1728,1%@1728,1%@1728] GR3D_FREQ 0% cpu@59.843C soc2@58.812C soc0@58.937C gpu@59.937C tj@60.062C soc1@60.062C VDD_IN 8049mW/7778mW VDD_CPU_GPU_CV 2301mW/2109mW VDD_SOC 2507mW/2492mW
09-08-2026 20:05:06 RAM 2891/7620MB (lfb 4x4MB) SWAP 757/3810MB (cached 1MB) CPU [4%@1728,0%@1728,10%@1728,0%@1728,0%@1728,0%@1728] GR3D_FREQ 0% cpu@59.406C soc2@58.718C soc0@58.968C gpu@60C tj@60.375C soc1@60.375C VDD_IN 7725mW/7778mW VDD_CPU_GPU_CV 2099mW/2109mW VDD_SOC 2507mW/2492mW
09-08-2026 20:05:07 RAM 2891/7620MB (lfb 4x4MB) SWAP 757/3810MB (cached 1MB) CPU [0%@1728,0%@1728,8%@1728,0%@1728,0%@1728,0%@1728] GR3D_FREQ 0% cpu@59.25C soc2@58.812C soc0@58.968C gpu@59.875C tj@60.031C soc1@60.031C VDD_IN 7697mW/7777mW VDD_CPU_GPU_CV 2059mW/2108mW VDD_SOC 2467mW/2492mW
09-08-2026 20:05:08 RAM 2892/7620MB (lfb 4x4MB) SWAP 757/3810MB (cached 1MB) CPU [1%@1728,1%@1728,11%@1728,0%@1728,0%@1728,0%@1728] GR3D_FREQ 0% cpu@59.375C soc2@58.718C soc0@59.031C gpu@59.937C tj@60.093C soc1@60.093C VDD_IN 7697mW/7777mW VDD_CPU_GPU_CV 2059mW/2108mW VDD_SOC 2467mW/2492mW
09-08-2026 20:05:09 RAM 2891/7620MB (lfb 4x4MB) SWAP 757/3810MB (cached 1MB) CPU [0%@1728,0%@1728,9%@1728,0%@1728,0%@1728,0%@1728] GR3D_FREQ 0% cpu@59.437C soc2@58.718C soc0@59.093C gpu@59.906C tj@60.031C soc1@60.031C VDD_IN 7697mW/7776mW VDD_CPU_GPU_CV 2019mW/2107mW VDD_SOC 2467mW/2492mW
09-08-2026 20:05:10 RAM 2891/7620MB (lfb 4x4MB) SWAP 757/3810MB (cached 1MB) CPU [7%@1728,0%@1728,2%@1728,0%@1728,1%@1728,1%@1728] GR3D_FREQ 0% cpu@59.187C soc2@58.718C soc0@58.843C gpu@59.937C tj@60.093C soc1@60.093C VDD_IN 7656mW/7775mW VDD_CPU_GPU_CV 2019mW/2107mW VDD_SOC 2467mW/2491mW
09-08-2026 20:05:11 RAM 2891/7620MB (lfb 4x4MB) SWAP 757/3810MB (cached 1MB) CPU [9%@1728,0%@1728,1%@1728,1%@1728,0%@1728,0%@1728] GR3D_FREQ 0% cpu@59.531C soc2@58.718C soc0@58.906C gpu@59.906C tj@60.093C soc1@60.156C VDD_IN 7697mW/7775mW VDD_CPU_GPU_CV 2019mW/2106mW VDD_SOC 2467mW/2491mW
09-08-2026 20:05:12 RAM 2891/7620MB (lfb 4x4MB) SWAP 757/3810MB (cached 1MB) CPU [9%@1728,0%@1728,2%@1728,0%@1728,0%@1728,0%@1728] GR3D_FREQ 0% cpu@59.281C soc2@58.75C soc0@59.031C gpu@59.937C tj@60.25C soc1@60.25C VDD_IN 7656mW/7774mW VDD_CPU_GPU_CV 2019mW/2106mW VDD_SOC 2467mW/2491mW
09-08-2026 20:05:13 RAM 2891/7620MB (lfb 4x4MB) SWAP 757/3810MB (cached 1MB) CPU [10%@1728,0%@1728,0%@1728,0%@1728,0%@1728,0%@1728] GR3D_FREQ 0% cpu@59.218C soc2@58.718C soc0@58.968C gpu@59.937C tj@60.062C soc1@60.062C VDD_IN 7616mW/7773mW VDD_CPU_GPU_CV 2019mW/2105mW VDD_SOC 2467mW/2491mW
09-08-2026 20:05:14 RAM 2891/7620MB (lfb 4x4MB) SWAP 757/3810MB (cached 1MB) CPU [10%@1728,0%@1728,1%@1728,0%@1728,0%@1728,0%@1728] GR3D_FREQ 0% cpu@59.468C soc2@58.593C soc0@58.906C gpu@59.937C tj@60.031C soc1@60.031C VDD_IN 7616mW/7772mW VDD_CPU_GPU_CV 2019mW/2105mW VDD_SOC 2467mW/2491mW
09-08-2026 20:05:15 RAM 2891/7620MB (lfb 4x4MB) SWAP 757/3810MB (cached 1MB) CPU [9%@1728,0%@1728,0%@1728,0%@1728,0%@1728,0%@1728] GR3D_FREQ 0% cpu@59.406C soc2@58.718C soc0@58.968C gpu@59.937C tj@60.031C soc1@60.031C VDD_IN 7616mW/7771mW VDD_CPU_GPU_CV 2019mW/2104mW VDD_SOC 2467mW/2491mW
09-08-2026 20:05:16 RAM 2891/7620MB (lfb 4x4MB) SWAP 757/3810MB (cached 1MB) CPU [9%@1728,0%@1728,1%@1728,0%@1728,2%@1728,0%@1728] GR3D_FREQ 0% cpu@59.5C soc2@58.718C soc0@58.843C gpu@59.937C tj@60.25C soc1@60.25C VDD_IN 7616mW/7770mW VDD_CPU_GPU_CV 1978mW/2103mW VDD_SOC 2467mW/2491mW
09-08-2026 20:05:17 RAM 2891/7620MB (lfb 4x4MB) SWAP 757/3810MB (cached 1MB) CPU [10%@1728,0%@1728,0%@1728,0%@1728,0%@1728,0%@1728] GR3D_FREQ 0% cpu@59.187C soc2@58.687C soc0@58.906C gpu@60.031C tj@60.25C soc1@60.25C VDD_IN 7575mW/7769mW VDD_CPU_GPU_CV 1978mW/2102mW VDD_SOC 2467mW/2490mW
09-08-2026 20:05:18 RAM 2891/7620MB (lfb 4x4MB) SWAP 757/3810MB (cached 1MB) CPU [9%@1728,0%@1728,0%@1728,0%@1728,0%@1728,1%@1728] GR3D_FREQ 0% cpu@59.437C soc2@58.843C soc0@58.875C gpu@60.062C tj@60.25C soc1@60.25C VDD_IN 7616mW/7768mW VDD_CPU_GPU_CV 2019mW/2102mW VDD_SOC 2467mW/2490mW
09-08-2026 20:05:19 RAM 2892/7620MB (lfb 4x4MB) SWAP 757/3810MB (cached 1MB) CPU [9%@1728,0%@1728,0%@1728,1%@1728,0%@1728,0%@1728] GR3D_FREQ 0% cpu@59.218C soc2@58.812C soc0@58.812C gpu@60.031C tj@60.062C soc1@60.062C VDD_IN 7737mW/7768mW VDD_CPU_GPU_CV 2059mW/2102mW VDD_SOC 2507mW/2490mW
09-08-2026 20:05:20 RAM 2892/7620MB (lfb 4x4MB) SWAP 757/3810MB (cached 1MB) CPU [9%@1728,0%@1728,0%@1728,0%@1728,0%@1728,0%@1728] GR3D_FREQ 21% cpu@59.343C soc2@58.718C soc0@59C gpu@60.062C tj@60.062C soc1@59.968C VDD_IN 7737mW/7768mW VDD_CPU_GPU_CV 2059mW/2101mW VDD_SOC 2467mW/2490mW
09-08-2026 20:05:21 RAM 2892/7620MB (lfb 4x4MB) SWAP 757/3810MB (cached 1MB) CPU [10%@1728,0%@1728,0%@1728,1%@1728,0%@1728,0%@1728] GR3D_FREQ 4% cpu@59.531C soc2@58.75C soc0@59C gpu@60C tj@60.062C soc1@60.062C VDD_IN 7737mW/7767mW VDD_CPU_GPU_CV 2059mW/2101mW VDD_SOC 2507mW/2490mW
09-08-2026 20:05:22 RAM 2892/7620MB (lfb 4x4MB) SWAP 757/3810MB (cached 1MB) CPU [8%@1728,0%@1728,0%@1728,0%@1728,0%@1728,0%@1728] GR3D_FREQ 31% cpu@59.5C soc2@58.718C soc0@58.843C gpu@60.125C tj@60C soc1@60C VDD_IN 7697mW/7767mW VDD_CPU_GPU_CV 2059mW/2101mW VDD_SOC 2467mW/2490mW
09-08-2026 20:05:23 RAM 2891/7620MB (lfb 4x4MB) SWAP 757/3810MB (cached 1MB) CPU [9%@1728,0%@1728,0%@1728,0%@1728,0%@1728,0%@1728] GR3D_FREQ 31% cpu@59.437C soc2@58.718C soc0@58.906C gpu@59.843C tj@60.125C soc1@60.125C VDD_IN 7697mW/7767mW VDD_CPU_GPU_CV 2059mW/2101mW VDD_SOC 2467mW/2490mW
09-08-2026 20:05:24 RAM 2891/7620MB (lfb 4x4MB) SWAP 757/3810MB (cached 1MB) CPU [9%@1728,0%@1728,0%@1728,0%@1728,0%@1728,0%@1728] GR3D_FREQ 0% cpu@59.187C soc2@58.75C soc0@58.906C gpu@59.812C tj@60.218C soc1@60.218C VDD_IN 7697mW/7766mW VDD_CPU_GPU_CV 2059mW/2100mW VDD_SOC 2467mW/2490mW
09-08-2026 20:05:25 RAM 2891/7620MB (lfb 4x4MB) SWAP 757/3810MB (cached 1MB) CPU [9%@1728,0%@1728,0%@1728,0%@1728,1%@1728,0%@1728] GR3D_FREQ 0% cpu@59.281C soc2@58.656C soc0@58.968C gpu@59.843C tj@60.031C soc1@60.031C VDD_IN 7697mW/7766mW VDD_CPU_GPU_CV 2019mW/2100mW VDD_SOC 2467mW/2490mW
09-08-2026 20:05:26 RAM 2891/7620MB (lfb 4x4MB) SWAP 757/3810MB (cached 1MB) CPU [10%@1728,0%@1728,1%@1728,0%@1728,1%@1728,0%@1728] GR3D_FREQ 0% cpu@59.281C soc2@58.718C soc0@58.968C gpu@59.875C tj@59.968C soc1@59.968C VDD_IN 7697mW/7765mW VDD_CPU_GPU_CV 2019mW/2099mW VDD_SOC 2467mW/2490mW
09-08-2026 20:05:27 RAM 2891/7620MB (lfb 4x4MB) SWAP 757/3810MB (cached 1MB) CPU [9%@1728,1%@1728,2%@1728,0%@1728,0%@1728,0%@1728] GR3D_FREQ 0% cpu@59.375C soc2@58.718C soc0@59.062C gpu@59.843C tj@60.062C soc1@60.062C VDD_IN 7697mW/7765mW VDD_CPU_GPU_CV 2019mW/2099mW VDD_SOC 2467mW/2489mW
09-08-2026 20:05:28 RAM 2891/7620MB (lfb 4x4MB) SWAP 757/3810MB (cached 1MB) CPU [9%@1728,0%@1728,0%@1728,0%@1728,0%@1728,0%@1728] GR3D_FREQ 0% cpu@59.343C soc2@58.687C soc0@58.875C gpu@59.812C tj@60.125C soc1@60.125C VDD_IN 7656mW/7764mW VDD_CPU_GPU_CV 2019mW/2098mW VDD_SOC 2467mW/2489mW
09-08-2026 20:05:29 RAM 2891/7620MB (lfb 4x4MB) SWAP 757/3810MB (cached 1MB) CPU [9%@1728,0%@1728,1%@1728,0%@1728,0%@1728,0%@1728] GR3D_FREQ 0% cpu@59.218C soc2@58.593C soc0@58.937C gpu@59.937C tj@60.125C soc1@60.125C VDD_IN 7656mW/7764mW VDD_CPU_GPU_CV 2019mW/2098mW VDD_SOC 2467mW/2489mW
09-08-2026 20:05:30 RAM 2891/7620MB (lfb 4x4MB) SWAP 757/3810MB (cached 1MB) CPU [10%@1728,0%@1728,0%@1728,0%@1728,1%@1728,1%@1728] GR3D_FREQ 0% cpu@59.218C soc2@58.781C soc0@58.937C gpu@59.875C tj@60.031C soc1@60.031C VDD_IN 7656mW/7763mW VDD_CPU_GPU_CV 2019mW/2097mW VDD_SOC 2467mW/2489mW
09-08-2026 20:05:31 RAM 2891/7620MB (lfb 4x4MB) SWAP 757/3810MB (cached 1MB) CPU [9%@1728,0%@1728,0%@1728,1%@1728,0%@1728,0%@1728] GR3D_FREQ 0% cpu@59.281C soc2@58.687C soc0@58.937C gpu@59.875C tj@60.093C soc1@60.093C VDD_IN 7656mW/7762mW VDD_CPU_GPU_CV 2019mW/2097mW VDD_SOC 2467mW/2489mW
09-08-2026 20:05:32 RAM 2891/7620MB (lfb 4x4MB) SWAP 757/3810MB (cached 1MB) CPU [10%@1728,0%@1728,0%@1728,0%@1728,1%@1728,0%@1728] GR3D_FREQ 0% cpu@59.343C soc2@58.718C soc0@58.968C gpu@59.937C tj@60.062C soc1@60.062C VDD_IN 7616mW/7761mW VDD_CPU_GPU_CV 2019mW/2097mW VDD_SOC 2467mW/2489mW
09-08-2026 20:05:33 RAM 2891/7620MB (lfb 4x4MB) SWAP 757/3810MB (cached 1MB) CPU [9%@1728,0%@1728,0%@1728,0%@1728,0%@1728,0%@1728] GR3D_FREQ 0% cpu@59.281C soc2@58.593C soc0@59C gpu@59.906C tj@60C soc1@60C VDD_IN 7616mW/7761mW VDD_CPU_GPU_CV 2019mW/2096mW VDD_SOC 2467mW/2489mW
09-08-2026 20:05:34 RAM 2892/7620MB (lfb 4x4MB) SWAP 757/3810MB (cached 1MB) CPU [9%@1728,0%@1728,1%@1728,0%@1728,1%@1728,0%@1728] GR3D_FREQ 0% cpu@59.375C soc2@58.656C soc0@58.781C gpu@59.937C tj@60.031C soc1@60.031C VDD_IN 7616mW/7760mW VDD_CPU_GPU_CV 2019mW/2096mW VDD_SOC 2467mW/2489mW
09-08-2026 20:05:35 RAM 2898/7620MB (lfb 4x4MB) SWAP 757/3810MB (cached 1MB) CPU [10%@1728,1%@1728,1%@1728,3%@1728,0%@1728,10%@1728] GR3D_FREQ 0% cpu@59.312C soc2@58.687C soc0@58.75C gpu@59.906C tj@60.25C soc1@60.25C VDD_IN 7859mW/7760mW VDD_CPU_GPU_CV 2180mW/2096mW VDD_SOC 2507mW/2489mW
09-08-2026 20:05:36 RAM 2894/7620MB (lfb 4x4MB) SWAP 757/3810MB (cached 1MB) CPU [10%@1728,1%@1728,0%@1728,0%@1728,0%@1728,2%@1728] GR3D_FREQ 0% cpu@59.218C soc2@58.687C soc0@58.843C gpu@59.937C tj@60.25C soc1@60.25C VDD_IN 7616mW/7760mW VDD_CPU_GPU_CV 2019mW/2096mW VDD_SOC 2467mW/2489mW
09-08-2026 20:05:37 RAM 2894/7620MB (lfb 4x4MB) SWAP 757/3810MB (cached 1MB) CPU [9%@1728,0%@1728,0%@1728,0%@1728,0%@1728,0%@1728] GR3D_FREQ 0% cpu@59.343C soc2@58.781C soc0@58.843C gpu@59.937C tj@60.031C soc1@60.031C VDD_IN 7616mW/7759mW VDD_CPU_GPU_CV 2019mW/2095mW VDD_SOC 2467mW/2488mW
09-08-2026 20:05:38 RAM 2893/7620MB (lfb 4x4MB) SWAP 757/3810MB (cached 1MB) CPU [10%@1728,0%@1728,2%@1728,3%@1728,0%@1728,0%@1728] GR3D_FREQ 0% cpu@59.25C soc2@58.656C soc0@58.937C gpu@60.031C tj@60.031C soc1@59.968C VDD_IN 7778mW/7759mW VDD_CPU_GPU_CV 2099mW/2095mW VDD_SOC 2507mW/2489mW
09-08-2026 20:05:39 RAM 2893/7620MB (lfb 4x4MB) SWAP 757/3810MB (cached 1MB) CPU [9%@1728,0%@1728,2%@1728,1%@1728,0%@1728,0%@1728] GR3D_FREQ 14% cpu@59.437C soc2@58.656C soc0@58.968C gpu@59.937C tj@60.031C soc1@60.031C VDD_IN 7737mW/7759mW VDD_CPU_GPU_CV 2059mW/2095mW VDD_SOC 2507mW/2489mW
09-08-2026 20:05:40 RAM 2893/7620MB (lfb 4x4MB) SWAP 757/3810MB (cached 1MB) CPU [9%@1728,0%@1728,0%@1728,0%@1728,0%@1728,0%@1728] GR3D_FREQ 0% cpu@59.281C soc2@58.687C soc0@58.781C gpu@59.937C tj@59.968C soc1@59.968C VDD_IN 7737mW/7759mW VDD_CPU_GPU_CV 2059mW/2095mW VDD_SOC 2467mW/2489mW
09-08-2026 20:05:41 RAM 2894/7620MB (lfb 4x4MB) SWAP 757/3810MB (cached 1MB) CPU [9%@1728,1%@1728,0%@1728,0%@1728,0%@1728,0%@1728] GR3D_FREQ 31% cpu@59.531C soc2@58.687C soc0@58.843C gpu@60C tj@60.093C soc1@60.093C VDD_IN 7737mW/7759mW VDD_CPU_GPU_CV 2059mW/2095mW VDD_SOC 2467mW/2488mW
09-08-2026 20:05:42 RAM 2701/7620MB (lfb 5x4MB) SWAP 756/3810MB (cached 1MB) CPU [35%@1728,21%@1728,40%@1728,28%@1728,19%@1728,26%@1728] GR3D_FREQ 31% cpu@59.593C soc2@58.843C soc0@58.843C gpu@60.125C tj@60.187C soc1@60.187C VDD_IN 9100mW/7766mW VDD_CPU_GPU_CV 2983mW/2100mW VDD_SOC 2629mW/2489mW
09-08-2026 20:05:43 RAM 2688/7620MB (lfb 5x4MB) SWAP 756/3810MB (cached 1MB) CPU [18%@1728,8%@1728,60%@1728,3%@1728,33%@1728,14%@1728] GR3D_FREQ 0% cpu@60C soc2@58.718C soc0@58.875C gpu@60.125C tj@60.125C soc1@60.093C VDD_IN 8817mW/7772mW VDD_CPU_GPU_CV 2867mW/2104mW VDD_SOC 2588mW/2490mW
09-08-2026 20:05:44 RAM 2708/7620MB (lfb 5x4MB) SWAP 756/3810MB (cached 1MB) CPU [6%@1728,19%@1728,6%@1728,12%@1728,100%@1728,7%@1728] GR3D_FREQ 6% cpu@59.875C soc2@58.781C soc0@59C gpu@60.156C tj@60.156C soc1@60.125C VDD_IN 8858mW/7777mW VDD_CPU_GPU_CV 2907mW/2108mW VDD_SOC 2588mW/2490mW
09-08-2026 20:05:45 RAM 2745/7620MB (lfb 5x4MB) SWAP 756/3810MB (cached 1MB) CPU [1%@1728,1%@1728,0%@1728,10%@1728,14%@1728,0%@1728] GR3D_FREQ 0% cpu@59.375C soc2@58.656C soc0@59.031C gpu@60.125C tj@60.125C soc1@60.093C VDD_IN 7806mW/7778mW VDD_CPU_GPU_CV 2140mW/2108mW VDD_SOC 2507mW/2490mW
09-08-2026 20:05:46 RAM 2780/7620MB (lfb 5x4MB) SWAP 756/3810MB (cached 1MB) CPU [9%@1728,10%@1728,16%@1728,46%@1728,4%@1728,5%@1728] GR3D_FREQ 0% cpu@60.031C soc2@58.75C soc0@58.875C gpu@60.218C tj@60.218C soc1@60.156C VDD_IN 8574mW/7782mW VDD_CPU_GPU_CV 2665mW/2111mW VDD_SOC 2548mW/2491mW
09-08-2026 20:05:47 RAM 2790/7620MB (lfb 5x4MB) SWAP 756/3810MB (cached 1MB) CPU [0%@1728,2%@1728,8%@1728,35%@1728,0%@1728,0%@1728] GR3D_FREQ 0% cpu@59.375C soc2@58.75C soc0@58.937C gpu@60.25C tj@60.25C soc1@60.218C VDD_IN 7927mW/7783mW VDD_CPU_GPU_CV 2221mW/2112mW VDD_SOC 2507mW/2491mW
09-08-2026 20:05:48 RAM 2794/7620MB (lfb 5x4MB) SWAP 756/3810MB (cached 1MB) CPU [30%@1728,3%@1728,7%@1728,19%@1728,0%@1728,0%@1728] GR3D_FREQ 0% cpu@59.593C soc2@58.937C soc0@58.937C gpu@60.312C tj@60.312C soc1@60.25C VDD_IN 8210mW/7785mW VDD_CPU_GPU_CV 2423mW/2113mW VDD_SOC 2507mW/2491mW
09-08-2026 20:05:49 RAM 2762/7620MB (lfb 5x4MB) SWAP 756/3810MB (cached 1MB) CPU [6%@1728,89%@1728,5%@1728,14%@1728,2%@1728,1%@1728] GR3D_FREQ 0% cpu@60.218C soc2@58.843C soc0@59C gpu@59.968C tj@60.218C soc1@60.093C VDD_IN 8817mW/7790mW VDD_CPU_GPU_CV 2786mW/2117mW VDD_SOC 2588mW/2491mW
09-08-2026 20:05:50 RAM 2693/7620MB (lfb 5x4MB) SWAP 755/3810MB (cached 1MB) CPU [26%@1728,20%@1728,32%@1728,16%@1728,28%@1728,10%@1728] GR3D_FREQ 0% cpu@60.25C soc2@58.968C soc0@59.031C gpu@60.031C tj@60.25C soc1@60.093C VDD_IN 8817mW/7796mW VDD_CPU_GPU_CV 2786mW/2121mW VDD_SOC 2588mW/2492mW
09-08-2026 20:05:51 RAM 2704/7620MB (lfb 5x4MB) SWAP 755/3810MB (cached 1MB) CPU [43%@1728,7%@1728,2%@1728,9%@1728,58%@1728,2%@1728] GR3D_FREQ 0% cpu@59.937C soc2@58.875C soc0@58.937C gpu@60.062C tj@60.156C soc1@60.156C VDD_IN 8696mW/7800mW VDD_CPU_GPU_CV 2786mW/2124mW VDD_SOC 2548mW/2492mW
09-08-2026 20:05:52 RAM 3215/7620MB (lfb 174x1MB) SWAP 755/3810MB (cached 1MB) CPU [6%@1728,9%@1728,7%@1728,14%@1728,99%@1728,8%@1728] GR3D_FREQ 0% cpu@60C soc2@58.906C soc0@58.968C gpu@60.031C tj@60.281C soc1@60.281C VDD_IN 8939mW/7806mW VDD_CPU_GPU_CV 2705mW/2127mW VDD_SOC 2669mW/2493mW
09-08-2026 20:05:53 RAM 2844/7620MB (lfb 5x4MB) SWAP 755/3810MB (cached 1MB) CPU [1%@1728,5%@1728,2%@1728,6%@1728,73%@1728,0%@1728] GR3D_FREQ 0% cpu@59.531C soc2@58.875C soc0@59.031C gpu@60.031C tj@60.375C soc1@60.375C VDD_IN 8291mW/7809mW VDD_CPU_GPU_CV 2463mW/2129mW VDD_SOC 2548mW/2493mW
09-08-2026 20:05:54 RAM 2844/7620MB (lfb 5x4MB) SWAP 755/3810MB (cached 1MB) CPU [3%@1728,4%@1728,0%@1728,6%@1728,0%@1728,0%@1728] GR3D_FREQ 0% cpu@59.406C soc2@58.843C soc0@58.968C gpu@60.062C tj@60.125C soc1@60.125C VDD_IN 7697mW/7808mW VDD_CPU_GPU_CV 2059mW/2128mW VDD_SOC 2467mW/2493mW
09-08-2026 20:05:55 RAM 2844/7620MB (lfb 5x4MB) SWAP 755/3810MB (cached 1MB) CPU [1%@1728,4%@1728,0%@1728,6%@1728,0%@1728,0%@1728] GR3D_FREQ 0% cpu@59.437C soc2@58.812C soc0@59.062C gpu@60C tj@60.093C soc1@60.093C VDD_IN 7656mW/7807mW VDD_CPU_GPU_CV 2019mW/2128mW VDD_SOC 2467mW/2493mW
09-08-2026 20:05:56 RAM 2851/7620MB (lfb 5x4MB) SWAP 755/3810MB (cached 1MB) CPU [3%@1728,4%@1728,0%@1728,7%@1728,0%@1728,0%@1728] GR3D_FREQ 0% cpu@59.718C soc2@58.875C soc0@59.031C gpu@60.031C tj@60.156C soc1@60.156C VDD_IN 7697mW/7807mW VDD_CPU_GPU_CV 2059mW/2127mW VDD_SOC 2507mW/2493mW
09-08-2026 20:05:57 RAM 2843/7620MB (lfb 5x4MB) SWAP 755/3810MB (cached 1MB) CPU [14%@1728,21%@1728,12%@1728,14%@1728,5%@1728,6%@1728] GR3D_FREQ 0% cpu@59.531C soc2@58.812C soc0@59.187C gpu@60.062C tj@60.125C soc1@60.218C VDD_IN 7968mW/7808mW VDD_CPU_GPU_CV 2261mW/2128mW VDD_SOC 2507mW/2493mW
09-08-2026 20:05:59 RAM 2846/7620MB (lfb 5x4MB) SWAP 755/3810MB (cached 1MB) CPU [10%@1728,0%@1728,1%@1728,0%@1728,1%@1728,0%@1728] GR3D_FREQ 23% cpu@59.625C soc2@58.75C soc0@58.968C gpu@60.031C tj@60.281C soc1@60.281C VDD_IN 7778mW/7808mW VDD_CPU_GPU_CV 2099mW/2128mW VDD_SOC 2507mW/2493mW
09-08-2026 20:06:00 RAM 2846/7620MB (lfb 5x4MB) SWAP 755/3810MB (cached 1MB) CPU [9%@1728,0%@1728,0%@1728,0%@1728,0%@1728,0%@1728] GR3D_FREQ 6% cpu@59.312C soc2@58.781C soc0@58.937C gpu@60.093C tj@60.25C soc1@60.25C VDD_IN 7737mW/7807mW VDD_CPU_GPU_CV 2059mW/2128mW VDD_SOC 2507mW/2493mW
09-08-2026 20:06:01 RAM 2846/7620MB (lfb 5x4MB) SWAP 755/3810MB (cached 1MB) CPU [9%@1728,0%@1728,0%@1728,0%@1728,0%@1728,0%@1728] GR3D_FREQ 31% cpu@59.343C soc2@58.812C soc0@59C gpu@60.062C tj@60.062C soc1@60.062C VDD_IN 7737mW/7807mW VDD_CPU_GPU_CV 2059mW/2127mW VDD_SOC 2507mW/2493mW
09-08-2026 20:06:02 RAM 2849/7620MB (lfb 5x4MB) SWAP 755/3810MB (cached 1MB) CPU [9%@1728,1%@1728,0%@1728,0%@1728,0%@1728,0%@1728] GR3D_FREQ 31% cpu@59.343C soc2@58.718C soc0@59.031C gpu@60.125C tj@60.125C soc1@60.062C VDD_IN 7737mW/7806mW VDD_CPU_GPU_CV 2059mW/2127mW VDD_SOC 2467mW/2493mW
09-08-2026 20:06:03 RAM 2849/7620MB (lfb 5x4MB) SWAP 755/3810MB (cached 1MB) CPU [8%@1728,0%@1728,0%@1728,0%@1728,0%@1728,0%@1728] GR3D_FREQ 0% cpu@59.437C soc2@58.75C soc0@59.031C gpu@60C tj@60.093C soc1@60.093C VDD_IN 7697mW/7806mW VDD_CPU_GPU_CV 2059mW/2127mW VDD_SOC 2467mW/2493mW
09-08-2026 20:06:04 RAM 2851/7620MB (lfb 5x4MB) SWAP 755/3810MB (cached 1MB) CPU [14%@1728,5%@1728,4%@1728,15%@1728,1%@1728,2%@1728] GR3D_FREQ 0% cpu@60.281C soc2@58.718C soc0@59.125C gpu@60.125C tj@60.281C soc1@60.125C VDD_IN 8210mW/7808mW VDD_CPU_GPU_CV 2423mW/2128mW VDD_SOC 2548mW/2493mW
09-08-2026 20:06:05 RAM 2869/7620MB (lfb 5x4MB) SWAP 755/3810MB (cached 1MB) CPU [6%@1728,5%@1728,17%@1728,3%@1728,6%@1728,19%@1728] GR3D_FREQ 0% cpu@59.531C soc2@58.781C soc0@58.812C gpu@60.031C tj@60.187C soc1@60.187C VDD_IN 7887mW/7808mW VDD_CPU_GPU_CV 2221mW/2129mW VDD_SOC 2507mW/2493mW
09-08-2026 20:06:06 RAM 2870/7620MB (lfb 5x4MB) SWAP 755/3810MB (cached 1MB) CPU [0%@1728,0%@1728,13%@1728,4%@1728,1%@1728,10%@1728] GR3D_FREQ 0% cpu@59.625C soc2@58.718C soc0@59C gpu@60.156C tj@60.281C soc1@60.281C VDD_IN 8008mW/7809mW VDD_CPU_GPU_CV 2261mW/2129mW VDD_SOC 2507mW/2494mW
09-08-2026 20:06:07 RAM 2870/7620MB (lfb 5x4MB) SWAP 755/3810MB (cached 1MB) CPU [5%@1728,0%@1728,7%@1728,1%@1728,0%@1728,0%@1728] GR3D_FREQ 0% cpu@59.312C soc2@58.718C soc0@58.937C gpu@60.125C tj@60.281C soc1@60.281C VDD_IN 7737mW/7809mW VDD_CPU_GPU_CV 2059mW/2129mW VDD_SOC 2467mW/2493mW
09-08-2026 20:06:08 RAM 2870/7620MB (lfb 5x4MB) SWAP 755/3810MB (cached 1MB) CPU [6%@1728,0%@1728,7%@1728,2%@1728,0%@1728,0%@1728] GR3D_FREQ 0% cpu@59.437C soc2@58.625C soc0@59C gpu@60.125C tj@60.125C soc1@60.125C VDD_IN 7697mW/7808mW VDD_CPU_GPU_CV 2059mW/2129mW VDD_SOC 2467mW/2493mW
09-08-2026 20:06:09 RAM 2872/7620MB (lfb 5x4MB) SWAP 755/3810MB (cached 1MB) CPU [4%@1728,2%@1728,9%@1728,2%@1728,0%@1728,0%@1728] GR3D_FREQ 0% cpu@59.375C soc2@58.75C soc0@59.062C gpu@60.156C tj@60.156C soc1@60.093C VDD_IN 7697mW/7808mW VDD_CPU_GPU_CV 2059mW/2128mW VDD_SOC 2467mW/2493mW
09-08-2026 20:06:10 RAM 2872/7620MB (lfb 5x4MB) SWAP 755/3810MB (cached 1MB) CPU [1%@1728,1%@1728,8%@1728,4%@1728,0%@1728,0%@1728] GR3D_FREQ 0% cpu@59.406C soc2@58.687C soc0@58.875C gpu@60.25C tj@60.25C soc1@59.968C VDD_IN 7656mW/7807mW VDD_CPU_GPU_CV 2019mW/2128mW VDD_SOC 2467mW/2493mW
09-08-2026 20:06:11 RAM 2915/7620MB (lfb 2x4MB) SWAP 755/3810MB (cached 1MB) CPU [17%@1728,1%@1728,6%@1728,6%@1728,0%@1728,0%@1728] GR3D_FREQ 0% cpu@59.437C soc2@58.812C soc0@58.937C gpu@60.25C tj@60.25C soc1@60.25C VDD_IN 8332mW/7810mW VDD_CPU_GPU_CV 2463mW/2129mW VDD_SOC 2588mW/2493mW
09-08-2026 20:06:12 RAM 2916/7620MB (lfb 2x4MB) SWAP 755/3810MB (cached 1MB) CPU [10%@1728,1%@1728,1%@1728,6%@1728,0%@1728,0%@1728] GR3D_FREQ 0% cpu@59.375C soc2@58.75C soc0@58.937C gpu@59.937C tj@60.156C soc1@60.281C VDD_IN 7725mW/7809mW VDD_CPU_GPU_CV 2059mW/2129mW VDD_SOC 2507mW/2494mW
09-08-2026 20:06:13 RAM 2915/7620MB (lfb 2x4MB) SWAP 755/3810MB (cached 1MB) CPU [7%@1728,1%@1728,2%@1728,5%@1728,0%@1728,0%@1728] GR3D_FREQ 0% cpu@59.187C soc2@58.812C soc0@58.875C gpu@59.968C tj@60C soc1@60C VDD_IN 7656mW/7809mW VDD_CPU_GPU_CV 2019mW/2128mW VDD_SOC 2467mW/2493mW
09-08-2026 20:06:14 RAM 2915/7620MB (lfb 2x4MB) SWAP 755/3810MB (cached 1MB) CPU [8%@1728,1%@1728,0%@1728,6%@1728,1%@1728,1%@1728] GR3D_FREQ 0% cpu@59.343C soc2@58.625C soc0@59C gpu@59.937C tj@60.125C soc1@60.125C VDD_IN 7656mW/7808mW VDD_CPU_GPU_CV 2019mW/2128mW VDD_SOC 2467mW/2493mW
09-08-2026 20:06:15 RAM 2916/7620MB (lfb 2x4MB) SWAP 755/3810MB (cached 1MB) CPU [9%@1728,5%@1728,0%@1728,5%@1728,0%@1728,1%@1728] GR3D_FREQ 0% cpu@59.437C soc2@58.718C soc0@59.187C gpu@60.062C tj@60.125C soc1@60.125C VDD_IN 8291mW/7810mW VDD_CPU_GPU_CV 2463mW/2129mW VDD_SOC 2588mW/2494mW
09-08-2026 20:06:16 RAM 2916/7620MB (lfb 2x4MB) SWAP 755/3810MB (cached 1MB) CPU [8%@1728,0%@1728,3%@1728,2%@1728,0%@1728,0%@1728] GR3D_FREQ 0% cpu@59.437C soc2@58.75C soc0@58.843C gpu@59.968C tj@60.062C soc1@60.062C VDD_IN 7697mW/7810mW VDD_CPU_GPU_CV 2059mW/2129mW VDD_SOC 2507mW/2494mW
09-08-2026 20:06:17 RAM 2918/7620MB (lfb 2x4MB) SWAP 755/3810MB (cached 1MB) CPU [10%@1728,0%@1728,8%@1728,3%@1728,0%@1728,0%@1728] GR3D_FREQ 0% cpu@60.25C soc2@58.843C soc0@58.875C gpu@60.062C tj@60.25C soc1@60.125C VDD_IN 7927mW/7810mW VDD_CPU_GPU_CV 2221mW/2130mW VDD_SOC 2548mW/2494mW
09-08-2026 20:06:18 RAM 2918/7620MB (lfb 2x4MB) SWAP 755/3810MB (cached 1MB) CPU [8%@1728,0%@1728,7%@1728,4%@1728,0%@1728,0%@1728] GR3D_FREQ 16% cpu@59.375C soc2@58.843C soc0@59C gpu@60C tj@60.187C soc1@60.187C VDD_IN 7846mW/7810mW VDD_CPU_GPU_CV 2140mW/2130mW VDD_SOC 2507mW/2494mW
09-08-2026 20:06:19 RAM 2920/7620MB (lfb 2x4MB) SWAP 755/3810MB (cached 1MB) CPU [9%@1728,0%@1728,1%@1728,6%@1728,0%@1728,0%@1728] GR3D_FREQ 0% cpu@59.343C soc2@58.781C soc0@58.906C gpu@60.156C tj@60.156C soc1@60C VDD_IN 7818mW/7810mW VDD_CPU_GPU_CV 2099mW/2129mW VDD_SOC 2507mW/2494mW
09-08-2026 20:06:20 RAM 2920/7620MB (lfb 2x4MB) SWAP 755/3810MB (cached 1MB) CPU [8%@1728,0%@1728,0%@1728,5%@1728,0%@1728,0%@1728] GR3D_FREQ 31% cpu@59.5C soc2@58.781C soc0@59.031C gpu@60.062C tj@60.062C soc1@60.062C VDD_IN 7778mW/7810mW VDD_CPU_GPU_CV 2099mW/2129mW VDD_SOC 2507mW/2494mW
09-08-2026 20:06:21 RAM 2922/7620MB (lfb 2x4MB) SWAP 755/3810MB (cached 1MB) CPU [4%@1728,5%@1728,3%@1728,7%@1728,0%@1728,1%@1728] GR3D_FREQ 31% cpu@59.468C soc2@58.718C soc0@59.156C gpu@60.093C tj@60.093C soc1@60.062C VDD_IN 7968mW/7811mW VDD_CPU_GPU_CV 2221mW/2130mW VDD_SOC 2507mW/2494mW
09-08-2026 20:06:22 RAM 2922/7620MB (lfb 2x4MB) SWAP 755/3810MB (cached 1MB) CPU [1%@1728,1%@1728,3%@1728,9%@1728,0%@1728,0%@1728] GR3D_FREQ 0% cpu@59.562C soc2@58.75C soc0@58.875C gpu@60.093C tj@60.125C soc1@60.125C VDD_IN 7778mW/7811mW VDD_CPU_GPU_CV 2099mW/2130mW VDD_SOC 2507mW/2494mW
09-08-2026 20:06:23 RAM 2922/7620MB (lfb 2x4MB) SWAP 755/3810MB (cached 1MB) CPU [0%@1728,0%@1728,2%@1728,11%@1728,0%@1728,0%@1728] GR3D_FREQ 1% cpu@59.375C soc2@58.75C soc0@58.875C gpu@60.125C tj@60.187C soc1@60.187C VDD_IN 7737mW/7810mW VDD_CPU_GPU_CV 2059mW/2129mW VDD_SOC 2467mW/2494mW
09-08-2026 20:06:24 RAM 2923/7620MB (lfb 2x4MB) SWAP 755/3810MB (cached 1MB) CPU [8%@1728,5%@1728,2%@1728,3%@1728,0%@1728,0%@1728] GR3D_FREQ 0% cpu@59.406C soc2@58.812C soc0@59.062C gpu@60.187C tj@60.25C soc1@60.25C VDD_IN 8170mW/7812mW VDD_CPU_GPU_CV 2342mW/2130mW VDD_SOC 2548mW/2494mW
09-08-2026 20:06:25 RAM 2922/7620MB (lfb 2x4MB) SWAP 755/3810MB (cached 1MB) CPU [0%@1728,10%@1728,3%@1728,0%@1728,0%@1728,0%@1728] GR3D_FREQ 0% cpu@59.375C soc2@58.75C soc0@59.062C gpu@60.062C tj@60.062C soc1@60C VDD_IN 7725mW/7812mW VDD_CPU_GPU_CV 2059mW/2130mW VDD_SOC 2467mW/2494mW
09-08-2026 20:06:26 RAM 2922/7620MB (lfb 2x4MB) SWAP 755/3810MB (cached 1MB) CPU [7%@1728,2%@1728,3%@1728,0%@1728,0%@1728,0%@1728] GR3D_FREQ 0% cpu@59.312C soc2@58.687C soc0@59C gpu@60.156C tj@60.156C soc1@60.125C VDD_IN 7697mW/7811mW VDD_CPU_GPU_CV 2059mW/2130mW VDD_SOC 2467mW/2494mW
09-08-2026 20:06:27 RAM 2922/7620MB (lfb 2x4MB) SWAP 755/3810MB (cached 1MB) CPU [10%@1728,4%@1728,4%@1728,1%@1728,0%@1728,0%@1728] GR3D_FREQ 0% cpu@59.625C soc2@58.718C soc0@59.031C gpu@60.187C tj@60.187C soc1@60.093C VDD_IN 7887mW/7811mW VDD_CPU_GPU_CV 2180mW/2130mW VDD_SOC 2507mW/2494mW
09-08-2026 20:06:28 RAM 2922/7620MB (lfb 2x4MB) SWAP 755/3810MB (cached 1MB) CPU [5%@1728,8%@1728,1%@1728,0%@1728,0%@1728,0%@1728] GR3D_FREQ 0% cpu@59.406C soc2@58.687C soc0@58.875C gpu@60.218C tj@60.218C soc1@60.187C VDD_IN 7697mW/7811mW VDD_CPU_GPU_CV 2059mW/2129mW VDD_SOC 2467mW/2494mW
09-08-2026 20:06:29 RAM 2922/7620MB (lfb 2x4MB) SWAP 755/3810MB (cached 1MB) CPU [6%@1728,3%@1728,4%@1728,2%@1728,0%@1728,0%@1728] GR3D_FREQ 0% cpu@59.593C soc2@58.75C soc0@58.875C gpu@60.187C tj@60.187C soc1@60.156C VDD_IN 7697mW/7810mW VDD_CPU_GPU_CV 2059mW/2129mW VDD_SOC 2467mW/2494mW
09-08-2026 20:06:30 RAM 2922/7620MB (lfb 2x4MB) SWAP 755/3810MB (cached 1MB) CPU [8%@1728,1%@1728,3%@1728,0%@1728,0%@1728,1%@1728] GR3D_FREQ 0% cpu@59.312C soc2@58.75C soc0@58.906C gpu@60.156C tj@60.218C soc1@60.218C VDD_IN 7656mW/7810mW VDD_CPU_GPU_CV 2019mW/2129mW VDD_SOC 2467mW/2494mW
09-08-2026 20:06:31 RAM 2922/7620MB (lfb 2x4MB) SWAP 755/3810MB (cached 1MB) CPU [2%@1728,0%@1728,8%@1728,0%@1728,0%@1728,3%@1728] GR3D_FREQ 0% cpu@59.312C soc2@58.812C soc0@59C gpu@60.218C tj@60.218C soc1@60.093C VDD_IN 7656mW/7809mW VDD_CPU_GPU_CV 2019mW/2128mW VDD_SOC 2467mW/2494mW
09-08-2026 20:06:32 RAM 2922/7620MB (lfb 2x4MB) SWAP 755/3810MB (cached 1MB) CPU [7%@1728,0%@1728,2%@1728,3%@1728,0%@1728,3%@1728] GR3D_FREQ 0% cpu@59.343C soc2@58.656C soc0@58.968C gpu@60.218C tj@60.218C soc1@60.093C VDD_IN 7656mW/7808mW VDD_CPU_GPU_CV 2019mW/2128mW VDD_SOC 2467mW/2494mW
09-08-2026 20:06:33 RAM 2922/7620MB (lfb 2x4MB) SWAP 755/3810MB (cached 1MB) CPU [7%@1728,0%@1728,3%@1728,0%@1728,5%@1728,3%@1728] GR3D_FREQ 0% cpu@59.406C soc2@58.687C soc0@59.156C gpu@59.875C tj@60.093C soc1@60.093C VDD_IN 7927mW/7809mW VDD_CPU_GPU_CV 2180mW/2128mW VDD_SOC 2507mW/2494mW
09-08-2026 20:06:34 RAM 2922/7620MB (lfb 2x4MB) SWAP 755/3810MB (cached 1MB) CPU [7%@1728,0%@1728,5%@1728,0%@1728,3%@1728,0%@1728] GR3D_FREQ 0% cpu@59.593C soc2@58.812C soc0@58.906C gpu@59.875C tj@60.187C soc1@60.187C VDD_IN 7697mW/7808mW VDD_CPU_GPU_CV 2059mW/2128mW VDD_SOC 2467mW/2494mW
09-08-2026 20:06:35 RAM 2922/7620MB (lfb 2x4MB) SWAP 755/3810MB (cached 1MB) CPU [7%@1728,0%@1728,3%@1728,0%@1728,4%@1728,0%@1728] GR3D_FREQ 0% cpu@59.468C soc2@58.718C soc0@58.937C gpu@59.968C tj@60.218C soc1@60.281C VDD_IN 7656mW/7808mW VDD_CPU_GPU_CV 2019mW/2127mW VDD_SOC 2467mW/2494mW
09-08-2026 20:06:36 RAM 2924/7620MB (lfb 2x4MB) SWAP 755/3810MB (cached 1MB) CPU [17%@1728,1%@1728,7%@1728,4%@1728,3%@1728,0%@1728] GR3D_FREQ 0% cpu@59.687C soc2@59.156C soc0@59C gpu@60.062C tj@60.281C soc1@60.281C VDD_IN 8939mW/7813mW VDD_CPU_GPU_CV 2903mW/2131mW VDD_SOC 2669mW/2494mW
09-08-2026 20:06:37 RAM 2924/7620MB (lfb 2x4MB) SWAP 755/3810MB (cached 1MB) CPU [2%@1728,2%@1728,2%@1728,1%@1728,3%@1728,7%@1728] GR3D_FREQ 11% cpu@59.312C soc2@58.812C soc0@59.031C gpu@60.031C tj@60.156C soc1@60.156C VDD_IN 7887mW/7813mW VDD_CPU_GPU_CV 2180mW/2131mW VDD_SOC 2507mW/2494mW
09-08-2026 20:06:38 RAM 2924/7620MB (lfb 2x4MB) SWAP 755/3810MB (cached 1MB) CPU [0%@1728,2%@1728,0%@1728,0%@1728,1%@1728,9%@1728] GR3D_FREQ 0% cpu@59.468C soc2@58.75C soc0@59.125C gpu@60C tj@60.187C soc1@60.187C VDD_IN 7806mW/7813mW VDD_CPU_GPU_CV 2140mW/2131mW VDD_SOC 2507mW/2494mW
09-08-2026 20:06:39 RAM 2923/7620MB (lfb 2x4MB) SWAP 755/3810MB (cached 1MB) CPU [1%@1728,4%@1728,2%@1728,4%@1728,1%@1728,8%@1728] GR3D_FREQ 31% cpu@59.656C soc2@58.843C soc0@59.187C gpu@60.031C tj@60.156C soc1@60.156C VDD_IN 7818mW/7813mW VDD_CPU_GPU_CV 2140mW/2131mW VDD_SOC 2507mW/2494mW
09-08-2026 20:06:40 RAM 2923/7620MB (lfb 2x4MB) SWAP 755/3810MB (cached 1MB) CPU [0%@1728,3%@1728,0%@1728,0%@1728,0%@1728,11%@1728] GR3D_FREQ 31% cpu@59.531C soc2@58.75C soc0@58.968C gpu@60.062C tj@60.156C soc1@60.156C VDD_IN 7737mW/7813mW VDD_CPU_GPU_CV 2099mW/2131mW VDD_SOC 2507mW/2494mW
09-08-2026 20:06:41 RAM 2924/7620MB (lfb 2x4MB) SWAP 755/3810MB (cached 1MB) CPU [1%@1728,2%@1728,0%@1728,0%@1728,0%@1728,9%@1728] GR3D_FREQ 0% cpu@59.531C soc2@58.812C soc0@58.906C gpu@60.093C tj@60.187C soc1@60.187C VDD_IN 7737mW/7812mW VDD_CPU_GPU_CV 2059mW/2130mW VDD_SOC 2467mW/2494mW
09-08-2026 20:06:42 RAM 2927/7620MB (lfb 2x4MB) SWAP 755/3810MB (cached 1MB) CPU [0%@1728,1%@1728,3%@1728,0%@1728,0%@1728,9%@1728] GR3D_FREQ 8% cpu@59.375C soc2@58.781C soc0@59.031C gpu@60.093C tj@60.343C soc1@60.343C VDD_IN 7737mW/7812mW VDD_CPU_GPU_CV 2059mW/2130mW VDD_SOC 2467mW/2494mW
09-08-2026 20:06:43 RAM 2927/7620MB (lfb 2x4MB) SWAP 755/3810MB (cached 1MB) CPU [2%@1728,3%@1728,1%@1728,5%@1728,0%@1728,9%@1728] GR3D_FREQ 0% cpu@59.468C soc2@58.906C soc0@59.031C gpu@60.125C tj@60.156C soc1@60.156C VDD_IN 7927mW/7812mW VDD_CPU_GPU_CV 2221mW/2130mW VDD_SOC 2507mW/2494mW
09-08-2026 20:06:44 RAM 2927/7620MB (lfb 2x4MB) SWAP 755/3810MB (cached 1MB) CPU [0%@1728,0%@1728,3%@1728,1%@1728,0%@1728,10%@1728] GR3D_FREQ 0% cpu@59.406C soc2@58.718C soc0@59.031C gpu@60.125C tj@60.125C soc1@60.031C VDD_IN 7737mW/7812mW VDD_CPU_GPU_CV 2099mW/2130mW VDD_SOC 2507mW/2494mW
09-08-2026 20:06:45 RAM 2927/7620MB (lfb 2x4MB) SWAP 755/3810MB (cached 1MB) CPU [0%@1728,0%@1728,3%@1728,0%@1728,0%@1728,9%@1728] GR3D_FREQ 0% cpu@59.406C soc2@58.656C soc0@59.156C gpu@60.093C tj@60.187C soc1@60.187C VDD_IN 7697mW/7812mW VDD_CPU_GPU_CV 2059mW/2130mW VDD_SOC 2467mW/2494mW
09-08-2026 20:06:46 RAM 2927/7620MB (lfb 2x4MB) SWAP 755/3810MB (cached 1MB) CPU [0%@1728,1%@1728,3%@1728,1%@1728,1%@1728,9%@1728] GR3D_FREQ 0% cpu@59.5C soc2@58.75C soc0@59C gpu@60.156C tj@60.156C soc1@60.156C VDD_IN 7697mW/7811mW VDD_CPU_GPU_CV 2059mW/2130mW VDD_SOC 2467mW/2494mW
09-08-2026 20:06:47 RAM 2927/7620MB (lfb 2x4MB) SWAP 755/3810MB (cached 1MB) CPU [6%@1728,2%@1728,2%@1728,0%@1728,2%@1728,5%@1728] GR3D_FREQ 0% cpu@59.656C soc2@58.75C soc0@59.031C gpu@60.125C tj@60.218C soc1@60.218C VDD_IN 8089mW/7812mW VDD_CPU_GPU_CV 2301mW/2130mW VDD_SOC 2548mW/2494mW
09-08-2026 20:06:48 RAM 2927/7620MB (lfb 2x4MB) SWAP 755/3810MB (cached 1MB) CPU [3%@1728,0%@1728,0%@1728,0%@1728,9%@1728,0%@1728] GR3D_FREQ 0% cpu@59.312C soc2@58.812C soc0@58.937C gpu@60.25C tj@60.281C soc1@60.281C VDD_IN 7737mW/7812mW VDD_CPU_GPU_CV 2059mW/2130mW VDD_SOC 2467mW/2494mW
09-08-2026 20:06:49 RAM 2927/7620MB (lfb 2x4MB) SWAP 755/3810MB (cached 1MB) CPU [3%@1728,0%@1728,1%@1728,1%@1728,10%@1728,0%@1728] GR3D_FREQ 0% cpu@59.312C soc2@58.718C soc0@59.125C gpu@60.25C tj@60.25C soc1@60.187C VDD_IN 7697mW/7812mW VDD_CPU_GPU_CV 2059mW/2130mW VDD_SOC 2467mW/2494mW
09-08-2026 20:06:50 RAM 2927/7620MB (lfb 2x4MB) SWAP 755/3810MB (cached 1MB) CPU [3%@1728,0%@1728,1%@1728,0%@1728,9%@1728,0%@1728] GR3D_FREQ 0% cpu@59.437C soc2@58.625C soc0@59.031C gpu@60.125C tj@60.125C soc1@60.125C VDD_IN 7697mW/7811mW VDD_CPU_GPU_CV 2019mW/2129mW VDD_SOC 2467mW/2494mW
09-08-2026 20:06:51 RAM 2927/7620MB (lfb 2x4MB) SWAP 755/3810MB (cached 1MB) CPU [1%@1728,0%@1728,0%@1728,2%@1728,10%@1728,0%@1728] GR3D_FREQ 0% cpu@59.437C soc2@58.687C soc0@59.031C gpu@60.218C tj@60.218C soc1@60.093C VDD_IN 7656mW/7810mW VDD_CPU_GPU_CV 2019mW/2129mW VDD_SOC 2467mW/2494mW
09-08-2026 20:06:52 RAM 2927/7620MB (lfb 2x4MB) SWAP 755/3810MB (cached 1MB) CPU [3%@1728,2%@1728,1%@1728,3%@1728,3%@1728,6%@1728] GR3D_FREQ 0% cpu@59.5C soc2@58.812C soc0@59.187C gpu@60.281C tj@60.281C soc1@60.187C VDD_IN 7806mW/7810mW VDD_CPU_GPU_CV 2099mW/2129mW VDD_SOC 2507mW/2494mW
09-08-2026 20:06:53 RAM 2927/7620MB (lfb 2x4MB) SWAP 755/3810MB (cached 1MB) CPU [0%@1728,1%@1728,1%@1728,2%@1728,0%@1728,11%@1728] GR3D_FREQ 0% cpu@59.312C soc2@58.812C soc0@58.968C gpu@60.312C tj@60.312C soc1@60.312C VDD_IN 7697mW/7810mW VDD_CPU_GPU_CV 2059mW/2129mW VDD_SOC 2467mW/2494mW
09-08-2026 20:06:54 RAM 2927/7620MB (lfb 2x4MB) SWAP 755/3810MB (cached 1MB) CPU [1%@1728,4%@1728,1%@1728,0%@1728,0%@1728,10%@1728] GR3D_FREQ 0% cpu@59.406C soc2@58.687C soc0@59C gpu@59.875C tj@60.312C soc1@60.312C VDD_IN 7656mW/7809mW VDD_CPU_GPU_CV 2019mW/2128mW VDD_SOC 2467mW/2494mW
09-08-2026 20:06:55 RAM 2927/7620MB (lfb 2x4MB) SWAP 755/3810MB (cached 1MB) CPU [0%@1728,3%@1728,0%@1728,1%@1728,0%@1728,9%@1728] GR3D_FREQ 0% cpu@59.312C soc2@59.156C soc0@58.968C gpu@59.906C tj@60.093C soc1@60.093C VDD_IN 7737mW/7809mW VDD_CPU_GPU_CV 2099mW/2128mW VDD_SOC 2507mW/2494mW
09-08-2026 20:06:56 RAM 2927/7620MB (lfb 2x4MB) SWAP 755/3810MB (cached 1MB) CPU [2%@1728,2%@1728,1%@1728,0%@1728,0%@1728,10%@1728] GR3D_FREQ 4% cpu@59.406C soc2@58.718C soc0@58.968C gpu@59.843C tj@60.093C soc1@60.093C VDD_IN 7806mW/7809mW VDD_CPU_GPU_CV 2140mW/2128mW VDD_SOC 2507mW/2494mW
09-08-2026 20:06:57 RAM 2927/7620MB (lfb 2x4MB) SWAP 755/3810MB (cached 1MB) CPU [0%@1728,5%@1728,0%@1728,0%@1728,0%@1728,9%@1728] GR3D_FREQ 0% cpu@59.531C soc2@58.781C soc0@59.218C gpu@59.875C tj@60.093C soc1@60.093C VDD_IN 7818mW/7809mW VDD_CPU_GPU_CV 2099mW/2128mW VDD_SOC 2507mW/2494mW
09-08-2026 20:06:58 RAM 2927/7620MB (lfb 2x4MB) SWAP 755/3810MB (cached 1MB) CPU [2%@1728,2%@1728,0%@1728,1%@1728,0%@1728,10%@1728] GR3D_FREQ 31% cpu@59.281C soc2@58.718C soc0@58.968C gpu@59.875C tj@60.187C soc1@60.187C VDD_IN 7818mW/7809mW VDD_CPU_GPU_CV 2140mW/2128mW VDD_SOC 2507mW/2494mW
09-08-2026 20:06:59 RAM 2927/7620MB (lfb 2x4MB) SWAP 755/3810MB (cached 1MB) CPU [5%@1728,3%@1728,3%@1728,1%@1728,0%@1728,9%@1728] GR3D_FREQ 31% cpu@59.625C soc2@58.75C soc0@58.937C gpu@60.062C tj@60.281C soc1@60.281C VDD_IN 7887mW/7809mW VDD_CPU_GPU_CV 2180mW/2128mW VDD_SOC 2507mW/2494mW
09-08-2026 20:07:00 RAM 2927/7620MB (lfb 2x4MB) SWAP 755/3810MB (cached 1MB) CPU [1%@1728,1%@1728,0%@1728,1%@1728,4%@1728,6%@1728] GR3D_FREQ 0% cpu@59.375C soc2@58.718C soc0@58.906C gpu@59.968C tj@60.093C soc1@60.093C VDD_IN 7778mW/7809mW VDD_CPU_GPU_CV 2099mW/2128mW VDD_SOC 2507mW/2494mW
09-08-2026 20:07:01 RAM 2927/7620MB (lfb 2x4MB) SWAP 755/3810MB (cached 1MB) CPU [2%@1728,0%@1728,0%@1728,1%@1728,1%@1728,7%@1728] GR3D_FREQ 14% cpu@59.25C soc2@58.625C soc0@58.937C gpu@60.062C tj@60.093C soc1@60.093C VDD_IN 7737mW/7809mW VDD_CPU_GPU_CV 2059mW/2128mW VDD_SOC 2467mW/2494mW
09-08-2026 20:07:02 RAM 2927/7620MB (lfb 2x4MB) SWAP 755/3810MB (cached 1MB) CPU [2%@1728,0%@1728,1%@1728,4%@1728,0%@1728,9%@1728] GR3D_FREQ 0% cpu@59.531C soc2@58.718C soc0@58.968C gpu@60.031C tj@60.031C soc1@60.031C VDD_IN 7737mW/7809mW VDD_CPU_GPU_CV 2059mW/2128mW VDD_SOC 2507mW/2494mW
09-08-2026 20:07:03 RAM 2927/7620MB (lfb 2x4MB) SWAP 755/3810MB (cached 1MB) CPU [1%@1728,0%@1728,0%@1728,3%@1728,0%@1728,9%@1728] GR3D_FREQ 0% cpu@59.468C soc2@58.718C soc0@59.062C gpu@60.031C tj@60.062C soc1@60.062C VDD_IN 7697mW/7808mW VDD_CPU_GPU_CV 2059mW/2127mW VDD_SOC 2467mW/2494mW
09-08-2026 20:07:04 RAM 2927/7620MB (lfb 2x4MB) SWAP 755/3810MB (cached 1MB) CPU [0%@1728,0%@1728,1%@1728,3%@1728,1%@1728,10%@1728] GR3D_FREQ 0% cpu@59.562C soc2@58.718C soc0@58.875C gpu@60.062C tj@60.25C soc1@60.25C VDD_IN 7737mW/7808mW VDD_CPU_GPU_CV 2059mW/2127mW VDD_SOC 2467mW/2494mW
09-08-2026 20:07:05 RAM 2927/7620MB (lfb 2x4MB) SWAP 755/3810MB (cached 1MB) CPU [2%@1728,0%@1728,0%@1728,2%@1728,0%@1728,8%@1728] GR3D_FREQ 0% cpu@59.312C soc2@58.687C soc0@58.843C gpu@60.031C tj@60.156C soc1@60.156C VDD_IN 7697mW/7808mW VDD_CPU_GPU_CV 2059mW/2127mW VDD_SOC 2467mW/2494mW
09-08-2026 20:07:06 RAM 2924/7620MB (lfb 2x4MB) SWAP 755/3810MB (cached 1MB) CPU [4%@1728,2%@1728,1%@1728,4%@1728,1%@1728,16%@1728] GR3D_FREQ 0% cpu@59.375C soc2@58.75C soc0@58.906C gpu@59.968C tj@60.312C soc1@60.312C VDD_IN 7927mW/7808mW VDD_CPU_GPU_CV 2221mW/2127mW VDD_SOC 2507mW/2494mW
09-08-2026 20:07:07 RAM 2925/7620MB (lfb 2x4MB) SWAP 755/3810MB (cached 1MB) CPU [1%@1728,2%@1728,1%@1728,10%@1728,0%@1728,0%@1728] GR3D_FREQ 0% cpu@59.343C soc2@58.718C soc0@58.937C gpu@60.031C tj@60.093C soc1@60.093C VDD_IN 7697mW/7808mW VDD_CPU_GPU_CV 2059mW/2127mW VDD_SOC 2467mW/2494mW
09-08-2026 20:07:08 RAM 2928/7620MB (lfb 2x4MB) SWAP 755/3810MB (cached 1MB) CPU [9%@1728,1%@1728,1%@1728,8%@1728,0%@1728,0%@1728] GR3D_FREQ 0% cpu@59.406C soc2@58.718C soc0@59C gpu@60.125C tj@60.125C soc1@60.062C VDD_IN 8089mW/7809mW VDD_CPU_GPU_CV 2301mW/2128mW VDD_SOC 2548mW/2494mW
09-08-2026 20:07:09 RAM 2928/7620MB (lfb 2x4MB) SWAP 755/3810MB (cached 1MB) CPU [8%@1728,2%@1728,2%@1728,6%@1728,0%@1728,0%@1728] GR3D_FREQ 0% cpu@59.531C soc2@58.75C soc0@58.968C gpu@60.062C tj@60.093C soc1@60.093C VDD_IN 7737mW/7808mW VDD_CPU_GPU_CV 2059mW/2127mW VDD_SOC 2467mW/2494mW
09-08-2026 20:07:10 RAM 2928/7620MB (lfb 2x4MB) SWAP 755/3810MB (cached 1MB) CPU [0%@1728,0%@1728,0%@1728,13%@1728,0%@1728,0%@1728] GR3D_FREQ 0% cpu@59.468C soc2@58.75C soc0@58.875C gpu@60.062C tj@60.125C soc1@60.125C VDD_IN 7656mW/7808mW VDD_CPU_GPU_CV 2019mW/2127mW VDD_SOC 2467mW/2494mW
09-08-2026 20:07:11 RAM 2928/7620MB (lfb 2x4MB) SWAP 755/3810MB (cached 1MB) CPU [1%@1728,2%@1728,1%@1728,11%@1728,0%@1728,0%@1728] GR3D_FREQ 0% cpu@59.375C soc2@58.687C soc0@58.906C gpu@60.156C tj@60.187C soc1@60.187C VDD_IN 7656mW/7807mW VDD_CPU_GPU_CV 2019mW/2127mW VDD_SOC 2467mW/2494mW
09-08-2026 20:07:12 RAM 2928/7620MB (lfb 2x4MB) SWAP 755/3810MB (cached 1MB) CPU [2%@1728,4%@1728,2%@1728,6%@1728,0%@1728,0%@1728] GR3D_FREQ 0% cpu@59.25C soc2@58.718C soc0@58.937C gpu@60.218C tj@60.25C soc1@60.25C VDD_IN 7656mW/7807mW VDD_CPU_GPU_CV 2019mW/2126mW VDD_SOC 2467mW/2493mW
09-08-2026 20:07:13 RAM 2928/7620MB (lfb 2x4MB) SWAP 755/3810MB (cached 1MB) CPU [2%@1728,3%@1728,2%@1728,9%@1728,0%@1728,0%@1728] GR3D_FREQ 0% cpu@59.5C soc2@58.687C soc0@58.937C gpu@60.187C tj@60.187C soc1@60.031C VDD_IN 7656mW/7806mW VDD_CPU_GPU_CV 2019mW/2126mW VDD_SOC 2467mW/2493mW
09-08-2026 20:07:14 RAM 2922/7620MB (lfb 2x4MB) SWAP 755/3810MB (cached 1MB) CPU [2%@1728,6%@1728,2%@1728,6%@1728,0%@1728,0%@1728] GR3D_FREQ 0% cpu@59.468C soc2@59.031C soc0@59.031C gpu@60.25C tj@60.25C soc1@60C VDD_IN 7737mW/7806mW VDD_CPU_GPU_CV 2099mW/2126mW VDD_SOC 2507mW/2493mW
09-08-2026 20:07:15 RAM 2922/7620MB (lfb 2x4MB) SWAP 755/3810MB (cached 1MB) CPU [7%@1728,4%@1728,0%@1728,6%@1728,0%@1728,0%@1728] GR3D_FREQ 50% cpu@59.593C soc2@59.187C soc0@59.125C gpu@59.906C tj@60.156C soc1@60.156C VDD_IN 8170mW/7807mW VDD_CPU_GPU_CV 2382mW/2127mW VDD_SOC 2548mW/2494mW
09-08-2026 20:07:16 RAM 2922/7620MB (lfb 2x4MB) SWAP 755/3810MB (cached 1MB) CPU [7%@1728,3%@1728,0%@1728,7%@1728,0%@1728,0%@1728] GR3D_FREQ 0% cpu@59.437C soc2@58.718C soc0@58.906C gpu@59.843C tj@60.187C soc1@60.187C VDD_IN 7887mW/7808mW VDD_CPU_GPU_CV 2180mW/2127mW VDD_SOC 2507mW/2494mW
09-08-2026 20:07:17 RAM 2924/7620MB (lfb 2x4MB) SWAP 755/3810MB (cached 1MB) CPU [9%@1728,1%@1728,2%@1728,3%@1728,0%@1728,0%@1728] GR3D_FREQ 31% cpu@59.437C soc2@58.812C soc0@58.906C gpu@59.843C tj@60.218C soc1@60.218C VDD_IN 7778mW/7807mW VDD_CPU_GPU_CV 2099mW/2127mW VDD_SOC 2507mW/2494mW
09-08-2026 20:07:18 RAM 2924/7620MB (lfb 2x4MB) SWAP 755/3810MB (cached 1MB) CPU [6%@1728,1%@1728,3%@1728,4%@1728,0%@1728,0%@1728] GR3D_FREQ 31% cpu@59.25C soc2@58.75C soc0@58.968C gpu@59.875C tj@60.218C soc1@60.031C VDD_IN 7725mW/7807mW VDD_CPU_GPU_CV 2099mW/2127mW VDD_SOC 2507mW/2494mW
09-08-2026 20:07:19 RAM 2923/7620MB (lfb 2x4MB) SWAP 755/3810MB (cached 1MB) CPU [5%@1728,1%@1728,6%@1728,4%@1728,0%@1728,0%@1728] GR3D_FREQ 4% cpu@59.5C soc2@58.687C soc0@58.875C gpu@59.875C tj@60.062C soc1@60.062C VDD_IN 7778mW/7807mW VDD_CPU_GPU_CV 2099mW/2126mW VDD_SOC 2507mW/2494mW
09-08-2026 20:07:20 RAM 2923/7620MB (lfb 2x4MB) SWAP 755/3810MB (cached 1MB) CPU [0%@1728,1%@1728,10%@1728,2%@1728,0%@1728,0%@1728] GR3D_FREQ 22% cpu@59.343C soc2@58.656C soc0@59.031C gpu@59.875C tj@60.031C soc1@60.031C VDD_IN 7737mW/7807mW VDD_CPU_GPU_CV 2099mW/2126mW VDD_SOC 2507mW/2494mW
09-08-2026 20:07:21 RAM 2923/7620MB (lfb 2x4MB) SWAP 755/3810MB (cached 1MB) CPU [4%@1728,5%@1728,4%@1728,0%@1728,0%@1728,0%@1728] GR3D_FREQ 0% cpu@59.281C soc2@58.687C soc0@58.812C gpu@59.812C tj@60.093C soc1@60.093C VDD_IN 7737mW/7807mW VDD_CPU_GPU_CV 2059mW/2126mW VDD_SOC 2507mW/2494mW
09-08-2026 20:07:22 RAM 2928/7620MB (lfb 2x4MB) SWAP 755/3810MB (cached 1MB) CPU [7%@1728,7%@1728,0%@1728,0%@1728,0%@1728,0%@1728] GR3D_FREQ 0% cpu@59.531C soc2@58.718C soc0@58.875C gpu@59.812C tj@60.125C soc1@60.125C VDD_IN 7737mW/7806mW VDD_CPU_GPU_CV 2059mW/2126mW VDD_SOC 2467mW/2494mW
09-08-2026 20:07:23 RAM 2927/7620MB (lfb 2x4MB) SWAP 755/3810MB (cached 1MB) CPU [14%@1728,4%@1728,2%@1728,0%@1728,0%@1728,0%@1728] GR3D_FREQ 0% cpu@59.343C soc2@58.687C soc0@58.968C gpu@59.781C tj@60.156C soc1@60.25C VDD_IN 7968mW/7807mW VDD_CPU_GPU_CV 2221mW/2126mW VDD_SOC 2548mW/2494mW
09-08-2026 20:07:24 RAM 2927/7620MB (lfb 2x4MB) SWAP 755/3810MB (cached 1MB) CPU [2%@1728,9%@1728,2%@1728,1%@1728,0%@1728,0%@1728] GR3D_FREQ 0% cpu@59.312C soc2@58.718C soc0@58.968C gpu@59.843C tj@60.062C soc1@60.062C VDD_IN 7737mW/7807mW VDD_CPU_GPU_CV 2059mW/2126mW VDD_SOC 2467mW/2494mW
09-08-2026 20:07:25 RAM 2927/7620MB (lfb 2x4MB) SWAP 755/3810MB (cached 1MB) CPU [1%@1728,9%@1728,1%@1728,2%@1728,0%@1728,0%@1728] GR3D_FREQ 0% cpu@59.218C soc2@58.687C soc0@58.906C gpu@59.875C tj@60.062C soc1@60.062C VDD_IN 7697mW/7806mW VDD_CPU_GPU_CV 2059mW/2126mW VDD_SOC 2467mW/2494mW
09-08-2026 20:07:26 RAM 2927/7620MB (lfb 2x4MB) SWAP 755/3810MB (cached 1MB) CPU [2%@1728,9%@1728,1%@1728,1%@1728,0%@1728,0%@1728] GR3D_FREQ 0% cpu@59.25C soc2@58.687C soc0@59.093C gpu@59.812C tj@60.031C soc1@60.031C VDD_IN 7656mW/7806mW VDD_CPU_GPU_CV 2019mW/2125mW VDD_SOC 2467mW/2494mW
09-08-2026 20:07:27 RAM 2927/7620MB (lfb 2x4MB) SWAP 755/3810MB (cached 1MB) CPU [1%@1728,10%@1728,2%@1728,1%@1728,0%@1728,0%@1728] GR3D_FREQ 0% cpu@59.437C soc2@58.718C soc0@59.062C gpu@59.875C tj@60.031C soc1@60.031C VDD_IN 7697mW/7805mW VDD_CPU_GPU_CV 2019mW/2125mW VDD_SOC 2467mW/2494mW
09-08-2026 20:07:28 RAM 2928/7620MB (lfb 2x4MB) SWAP 755/3810MB (cached 1MB) CPU [1%@1728,10%@1728,2%@1728,2%@1728,0%@1728,0%@1728] GR3D_FREQ 0% cpu@59.187C soc2@58.687C soc0@58.843C gpu@59.906C tj@60.125C soc1@60.125C VDD_IN 7656mW/7805mW VDD_CPU_GPU_CV 2019mW/2125mW VDD_SOC 2467mW/2494mW
09-08-2026 20:07:29 RAM 2928/7620MB (lfb 2x4MB) SWAP 755/3810MB (cached 1MB) CPU [3%@1728,11%@1728,6%@1728,1%@1728,0%@1728,0%@1728] GR3D_FREQ 0% cpu@59.562C soc2@58.812C soc0@58.906C gpu@60.187C tj@60.25C soc1@60.25C VDD_IN 8494mW/7807mW VDD_CPU_GPU_CV 2584mW/2126mW VDD_SOC 2629mW/2494mW
09-08-2026 20:07:30 RAM 2928/7620MB (lfb 2x4MB) SWAP 755/3810MB (cached 1MB) CPU [1%@1728,4%@1728,3%@1728,6%@1728,0%@1728,0%@1728] GR3D_FREQ 0% cpu@59.25C soc2@58.687C soc0@58.875C gpu@60.031C tj@60.031C soc1@60.031C VDD_IN 7697mW/7807mW VDD_CPU_GPU_CV 2059mW/2126mW VDD_SOC 2467mW/2494mW
09-08-2026 20:07:31 RAM 2928/7620MB (lfb 2x4MB) SWAP 755/3810MB (cached 1MB) CPU [1%@1728,1%@1728,1%@1728,10%@1728,0%@1728,0%@1728] GR3D_FREQ 0% cpu@59.437C soc2@58.656C soc0@58.875C gpu@60.062C tj@60.062C soc1@59.968C VDD_IN 7656mW/7806mW VDD_CPU_GPU_CV 2019mW/2126mW VDD_SOC 2467mW/2494mW
09-08-2026 20:07:32 RAM 2928/7620MB (lfb 2x4MB) SWAP 755/3810MB (cached 1MB) CPU [9%@1728,2%@1728,1%@1728,3%@1728,0%@1728,0%@1728] GR3D_FREQ 0% cpu@59.562C soc2@58.687C soc0@58.968C gpu@60.156C tj@60.156C soc1@60.093C VDD_IN 7656mW/7806mW VDD_CPU_GPU_CV 2019mW/2125mW VDD_SOC 2467mW/2494mW
09-08-2026 20:07:33 RAM 2928/7620MB (lfb 2x4MB) SWAP 755/3810MB (cached 1MB) CPU [2%@1728,0%@1728,1%@1728,8%@1728,0%@1728,0%@1728] GR3D_FREQ 0% cpu@59.343C soc2@58.781C soc0@59.031C gpu@60.218C tj@60.218C soc1@60.156C VDD_IN 7697mW/7805mW VDD_CPU_GPU_CV 2059mW/2125mW VDD_SOC 2507mW/2494mW
09-08-2026 20:07:34 RAM 2928/7620MB (lfb 2x4MB) SWAP 755/3810MB (cached 1MB) CPU [7%@1728,0%@1728,4%@1728,4%@1728,0%@1728,0%@1728] GR3D_FREQ 0% cpu@59.593C soc2@58.75C soc0@58.906C gpu@60.218C tj@60.218C soc1@60.187C VDD_IN 7778mW/7805mW VDD_CPU_GPU_CV 2099mW/2125mW VDD_SOC 2507mW/2494mW
09-08-2026 20:07:35 RAM 2928/7620MB (lfb 2x4MB) SWAP 755/3810MB (cached 1MB) CPU [8%@1728,1%@1728,3%@1728,2%@1728,0%@1728,0%@1728] GR3D_FREQ 0% cpu@59.375C soc2@58.75C soc0@58.875C gpu@59.781C tj@60.187C soc1@60.187C VDD_IN 7766mW/7805mW VDD_CPU_GPU_CV 2099mW/2125mW VDD_SOC 2507mW/2494mW
09-08-2026 20:07:36 RAM 2924/7620MB (lfb 2x4MB) SWAP 755/3810MB (cached 1MB) CPU [15%@1728,2%@1728,3%@1728,9%@1728,0%@1728,0%@1728] GR3D_FREQ 31% cpu@59.468C soc2@58.875C soc0@58.906C gpu@59.812C tj@60.281C soc1@60.093C VDD_IN 8049mW/7806mW VDD_CPU_GPU_CV 2301mW/2125mW VDD_SOC 2507mW/2494mW
09-08-2026 20:07:37 RAM 2925/7620MB (lfb 2x4MB) SWAP 755/3810MB (cached 1MB) CPU [4%@1728,4%@1728,9%@1728,2%@1728,0%@1728,0%@1728] GR3D_FREQ 31% cpu@59.406C soc2@58.718C soc0@58.968C gpu@59.906C tj@60.031C soc1@60.031C VDD_IN 7968mW/7807mW VDD_CPU_GPU_CV 2221mW/2126mW VDD_SOC 2507mW/2494mW
09-08-2026 20:07:38 RAM 2925/7620MB (lfb 2x4MB) SWAP 755/3810MB (cached 1MB) CPU [5%@1728,1%@1728,6%@1728,0%@1728,0%@1728,0%@1728] GR3D_FREQ 11% cpu@59.468C soc2@58.656C soc0@59.031C gpu@59.906C tj@60.093C soc1@60.093C VDD_IN 7778mW/7807mW VDD_CPU_GPU_CV 2099mW/2126mW VDD_SOC 2507mW/2494mW
09-08-2026 20:07:39 RAM 2927/7620MB (lfb 2x4MB) SWAP 755/3810MB (cached 1MB) CPU [4%@1728,0%@1728,10%@1728,2%@1728,0%@1728,0%@1728] GR3D_FREQ 28% cpu@59.656C soc2@58.781C soc0@58.843C gpu@59.781C tj@60.093C soc1@60.093C VDD_IN 7778mW/7806mW VDD_CPU_GPU_CV 2099mW/2126mW VDD_SOC 2507mW/2494mW
09-08-2026 20:07:40 RAM 2927/7620MB (lfb 2x4MB) SWAP 755/3810MB (cached 1MB) CPU [1%@1728,1%@1728,10%@1728,3%@1728,0%@1728,0%@1728] GR3D_FREQ 0% cpu@59.312C soc2@58.687C soc0@58.906C gpu@59.906C tj@60.218C soc1@60.218C VDD_IN 7737mW/7806mW VDD_CPU_GPU_CV 2099mW/2125mW VDD_SOC 2507mW/2494mW
09-08-2026 20:07:41 RAM 2927/7620MB (lfb 2x4MB) SWAP 755/3810MB (cached 1MB) CPU [0%@1728,3%@1728,11%@1728,1%@1728,0%@1728,0%@1728] GR3D_FREQ 0% cpu@59.343C soc2@58.687C soc0@59C gpu@59.875C tj@60.187C soc1@60.281C VDD_IN 7737mW/7806mW VDD_CPU_GPU_CV 2059mW/2125mW VDD_SOC 2467mW/2494mW
09-08-2026 20:07:42 RAM 2923/7620MB (lfb 2x4MB) SWAP 755/3810MB (cached 1MB) CPU [8%@1728,1%@1728,4%@1728,1%@1728,0%@1728,0%@1728] GR3D_FREQ 0% cpu@59.281C soc2@58.718C soc0@58.937C gpu@59.812C tj@60C soc1@60C VDD_IN 7697mW/7806mW VDD_CPU_GPU_CV 2059mW/2125mW VDD_SOC 2467mW/2494mW
09-08-2026 20:07:43 RAM 2923/7620MB (lfb 2x4MB) SWAP 755/3810MB (cached 1MB) CPU [15%@1728,2%@1728,1%@1728,3%@1728,0%@1728,0%@1728] GR3D_FREQ 0% cpu@59.406C soc2@58.718C soc0@59C gpu@59.937C tj@60.031C soc1@60.031C VDD_IN 8574mW/7808mW VDD_CPU_GPU_CV 2624mW/2127mW VDD_SOC 2629mW/2494mW
09-08-2026 20:07:44 RAM 2923/7620MB (lfb 2x4MB) SWAP 755/3810MB (cached 1MB) CPU [1%@1728,3%@1728,10%@1728,1%@1728,0%@1728,0%@1728] GR3D_FREQ 0% cpu@59.375C soc2@58.718C soc0@59.125C gpu@59.906C tj@60.125C soc1@60.125C VDD_IN 7766mW/7808mW VDD_CPU_GPU_CV 2099mW/2127mW VDD_SOC 2507mW/2494mW
09-08-2026 20:07:45 RAM 2923/7620MB (lfb 2x4MB) SWAP 755/3810MB (cached 1MB) CPU [1%@1728,4%@1728,10%@1728,0%@1728,0%@1728,0%@1728] GR3D_FREQ 0% cpu@59.437C soc2@58.656C soc0@58.843C gpu@59.875C tj@60.031C soc1@60.031C VDD_IN 7697mW/7808mW VDD_CPU_GPU_CV 2059mW/2126mW VDD_SOC 2467mW/2494mW
09-08-2026 20:07:46 RAM 2923/7620MB (lfb 2x4MB) SWAP 755/3810MB (cached 1MB) CPU [1%@1728,2%@1728,9%@1728,1%@1728,0%@1728,0%@1728] GR3D_FREQ 0% cpu@59.312C soc2@58.625C soc0@58.843C gpu@59.812C tj@60.093C soc1@60.093C VDD_IN 7656mW/7807mW VDD_CPU_GPU_CV 2019mW/2126mW VDD_SOC 2467mW/2494mW
09-08-2026 20:07:47 RAM 2926/7620MB (lfb 2x4MB) SWAP 755/3810MB (cached 1MB) CPU [10%@1728,2%@1728,1%@1728,2%@1728,0%@1728,0%@1728] GR3D_FREQ 0% cpu@59.281C soc2@58.718C soc0@58.937C gpu@59.781C tj@60.25C soc1@60.25C VDD_IN 7656mW/7807mW VDD_CPU_GPU_CV 2019mW/2126mW VDD_SOC 2467mW/2494mW
09-08-2026 20:07:48 RAM 2926/7620MB (lfb 2x4MB) SWAP 755/3810MB (cached 1MB) CPU [11%@1728,1%@1728,0%@1728,0%@1728,0%@1728,0%@1728] GR3D_FREQ 0% cpu@59.187C soc2@58.718C soc0@58.875C gpu@59.875C tj@60.031C soc1@60.031C VDD_IN 7656mW/7806mW VDD_CPU_GPU_CV 2019mW/2125mW VDD_SOC 2467mW/2494mW
09-08-2026 20:07:49 RAM 2926/7620MB (lfb 2x4MB) SWAP 755/3810MB (cached 1MB) CPU [12%@1728,0%@1728,1%@1728,2%@1728,0%@1728,0%@1728] GR3D_FREQ 0% cpu@59.25C soc2@58.562C soc0@58.937C gpu@59.812C tj@60C soc1@60C VDD_IN 7656mW/7806mW VDD_CPU_GPU_CV 2019mW/2125mW VDD_SOC 2467mW/2494mW
09-08-2026 20:07:50 RAM 2926/7620MB (lfb 2x4MB) SWAP 755/3810MB (cached 1MB) CPU [10%@1728,5%@1728,2%@1728,3%@1728,0%@1728,0%@1728] GR3D_FREQ 0% cpu@59.468C soc2@58.75C soc0@59.093C gpu@59.937C tj@60.062C soc1@60.062C VDD_IN 8615mW/7808mW VDD_CPU_GPU_CV 2624mW/2127mW VDD_SOC 2629mW/2494mW
09-08-2026 20:07:51 RAM 2926/7620MB (lfb 2x4MB) SWAP 755/3810MB (cached 1MB) CPU [10%@1728,1%@1728,0%@1728,3%@1728,0%@1728,0%@1728] GR3D_FREQ 0% cpu@59.437C soc2@58.687C soc0@58.906C gpu@60.062C tj@60.062C soc1@60.062C VDD_IN 7737mW/7808mW VDD_CPU_GPU_CV 2059mW/2126mW VDD_SOC 2467mW/2494mW
09-08-2026 20:07:52 RAM 2926/7620MB (lfb 2x4MB) SWAP 755/3810MB (cached 1MB) CPU [5%@1728,6%@1728,2%@1728,0%@1728,0%@1728,0%@1728] GR3D_FREQ 0% cpu@59.5C soc2@58.937C soc0@58.937C gpu@60.125C tj@60.187C soc1@60.187C VDD_IN 7656mW/7808mW VDD_CPU_GPU_CV 2059mW/2126mW VDD_SOC 2507mW/2494mW
09-08-2026 20:07:53 RAM 2925/7620MB (lfb 2x4MB) SWAP 755/3810MB (cached 1MB) CPU [6%@1728,6%@1728,1%@1728,2%@1728,0%@1728,0%@1728] GR3D_FREQ 0% cpu@59.281C soc2@58.75C soc0@58.843C gpu@60.218C tj@60.218C soc1@60.218C VDD_IN 7766mW/7807mW VDD_CPU_GPU_CV 2099mW/2126mW VDD_SOC 2507mW/2494mW
09-08-2026 20:07:54 RAM 2921/7620MB (lfb 2x4MB) SWAP 755/3810MB (cached 1MB) CPU [7%@1728,6%@1728,1%@1728,2%@1728,0%@1728,1%@1728] GR3D_FREQ 0% cpu@59.343C soc2@58.781C soc0@58.968C gpu@60.187C tj@60.187C soc1@59.968C VDD_IN 7818mW/7807mW VDD_CPU_GPU_CV 2099mW/2126mW VDD_SOC 2507mW/2494mW
09-08-2026 20:07:55 RAM 2921/7620MB (lfb 2x4MB) SWAP 755/3810MB (cached 1MB) CPU [4%@1728,10%@1728,4%@1728,1%@1728,0%@1728,0%@1728] GR3D_FREQ 31% cpu@59.5C soc2@58.656C soc0@58.937C gpu@60.281C tj@60.281C soc1@60C VDD_IN 7818mW/7807mW VDD_CPU_GPU_CV 2140mW/2126mW VDD_SOC 2507mW/2494mW
09-08-2026 20:07:56 RAM 2921/7620MB (lfb 2x4MB) SWAP 755/3810MB (cached 1MB) CPU [4%@1728,8%@1728,2%@1728,1%@1728,0%@1728,0%@1728] GR3D_FREQ 29% cpu@59.375C soc2@58.656C soc0@58.968C gpu@59.812C tj@60C soc1@60C VDD_IN 7778mW/7807mW VDD_CPU_GPU_CV 2099mW/2126mW VDD_SOC 2507mW/2494mW
09-08-2026 20:07:57 RAM 2921/7620MB (lfb 2x4MB) SWAP 755/3810MB (cached 1MB) CPU [3%@1728,11%@1728,1%@1728,1%@1728,0%@1728,0%@1728] GR3D_FREQ 18% cpu@59.437C soc2@58.656C soc0@59.062C gpu@59.812C tj@60.062C soc1@60.062C VDD_IN 7766mW/7807mW VDD_CPU_GPU_CV 2099mW/2126mW VDD_SOC 2507mW/2495mW
09-08-2026 20:07:58 RAM 2921/7620MB (lfb 2x4MB) SWAP 755/3810MB (cached 1MB) CPU [4%@1728,4%@1728,11%@1728,3%@1728,0%@1728,0%@1728] GR3D_FREQ 31% cpu@59.375C soc2@58.75C soc0@58.906C gpu@59.906C tj@60.156C soc1@60.156C VDD_IN 8372mW/7809mW VDD_CPU_GPU_CV 2503mW/2127mW VDD_SOC 2588mW/2495mW
09-08-2026 20:07:59 RAM 2922/7620MB (lfb 2x4MB) SWAP 755/3810MB (cached 1MB) CPU [3%@1728,1%@1728,13%@1728,0%@1728,0%@1728,0%@1728] GR3D_FREQ 0% cpu@59.343C soc2@58.687C soc0@58.937C gpu@59.812C tj@60.187C soc1@60.187C VDD_IN 7806mW/7809mW VDD_CPU_GPU_CV 2140mW/2127mW VDD_SOC 2507mW/2495mW
09-08-2026 20:08:00 RAM 2922/7620MB (lfb 2x4MB) SWAP 755/3810MB (cached 1MB) CPU [7%@1728,0%@1728,3%@1728,3%@1728,0%@1728,0%@1728] GR3D_FREQ 0% cpu@59.343C soc2@58.75C soc0@59C gpu@59.812C tj@59.968C soc1@60C VDD_IN 7737mW/7809mW VDD_CPU_GPU_CV 2099mW/2127mW VDD_SOC 2507mW/2495mW
09-08-2026 20:08:01 RAM 2922/7620MB (lfb 2x4MB) SWAP 755/3810MB (cached 1MB) CPU [4%@1728,2%@1728,2%@1728,7%@1728,0%@1728,0%@1728] GR3D_FREQ 0% cpu@59.437C soc2@58.656C soc0@58.968C gpu@59.843C tj@60.062C soc1@60.062C VDD_IN 7737mW/7809mW VDD_CPU_GPU_CV 2059mW/2127mW VDD_SOC 2507mW/2495mW
09-08-2026 20:08:02 RAM 2922/7620MB (lfb 2x4MB) SWAP 755/3810MB (cached 1MB) CPU [6%@1728,0%@1728,1%@1728,7%@1728,0%@1728,0%@1728] GR3D_FREQ 0% cpu@59.437C soc2@58.593C soc0@59.031C gpu@59.937C tj@59.968C soc1@59.968C VDD_IN 7697mW/7808mW VDD_CPU_GPU_CV 2059mW/2127mW VDD_SOC 2467mW/2495mW
09-08-2026 20:08:03 RAM 2922/7620MB (lfb 2x4MB) SWAP 755/3810MB (cached 1MB) CPU [6%@1728,0%@1728,2%@1728,7%@1728,0%@1728,0%@1728] GR3D_FREQ 47% cpu@59.531C soc2@59.187C soc0@58.875C gpu@59.937C tj@60.031C soc1@60.031C VDD_IN 8089mW/7809mW VDD_CPU_GPU_CV 2342mW/2127mW VDD_SOC 2548mW/2495mW
09-08-2026 20:08:04 RAM 2922/7620MB (lfb 2x4MB) SWAP 755/3810MB (cached 1MB) CPU [10%@1728,4%@1728,7%@1728,4%@1728,0%@1728,0%@1728] GR3D_FREQ 0% cpu@59.562C soc2@58.718C soc0@58.843C gpu@59.875C tj@60.062C soc1@60.062C VDD_IN 7846mW/7809mW VDD_CPU_GPU_CV 2140mW/2127mW VDD_SOC 2507mW/2495mW
09-08-2026 20:08:05 RAM 2922/7620MB (lfb 2x4MB) SWAP 755/3810MB (cached 1MB) CPU [9%@1728,2%@1728,5%@1728,2%@1728,0%@1728,0%@1728] GR3D_FREQ 0% cpu@59.281C soc2@58.718C soc0@58.906C gpu@59.75C tj@60.125C soc1@60.25C VDD_IN 7737mW/7809mW VDD_CPU_GPU_CV 2059mW/2127mW VDD_SOC 2467mW/2495mW
09-08-2026 20:08:06 RAM 2912/7620MB (lfb 2x4MB) SWAP 755/3810MB (cached 1MB) CPU [2%@1728,10%@1728,2%@1728,14%@1728,1%@1728,1%@1728] GR3D_FREQ 0% cpu@59.343C soc2@58.718C soc0@58.968C gpu@59.843C tj@60.031C soc1@60.031C VDD_IN 7927mW/7809mW VDD_CPU_GPU_CV 2221mW/2127mW VDD_SOC 2507mW/2495mW
09-08-2026 20:08:07 RAM 2915/7620MB (lfb 2x4MB) SWAP 755/3810MB (cached 1MB) CPU [2%@1728,11%@1728,0%@1728,1%@1728,0%@1728,0%@1728] GR3D_FREQ 0% cpu@59.25C soc2@58.593C soc0@58.968C gpu@59.906C tj@60C soc1@60C VDD_IN 7656mW/7809mW VDD_CPU_GPU_CV 2019mW/2127mW VDD_SOC 2467mW/2495mW
09-08-2026 20:08:08 RAM 2915/7620MB (lfb 2x4MB) SWAP 755/3810MB (cached 1MB) CPU [0%@1728,10%@1728,5%@1728,1%@1728,0%@1728,0%@1728] GR3D_FREQ 0% cpu@59.281C soc2@58.625C soc0@59.062C gpu@59.875C tj@60.062C soc1@60.062C VDD_IN 7697mW/7809mW VDD_CPU_GPU_CV 2059mW/2127mW VDD_SOC 2467mW/2495mW
09-08-2026 20:08:09 RAM 2917/7620MB (lfb 2x4MB) SWAP 755/3810MB (cached 1MB) CPU [2%@1728,7%@1728,2%@1728,6%@1728,0%@1728,0%@1728] GR3D_FREQ 0% cpu@59.531C soc2@58.718C soc0@58.875C gpu@59.843C tj@60.031C soc1@60.031C VDD_IN 7656mW/7808mW VDD_CPU_GPU_CV 2019mW/2127mW VDD_SOC 2467mW/2495mW
09-08-2026 20:08:10 RAM 2919/7620MB (lfb 2x4MB) SWAP 755/3810MB (cached 1MB) CPU [6%@1728,2%@1728,5%@1728,13%@1728,0%@1728,1%@1728] GR3D_FREQ 0% cpu@59.406C soc2@58.718C soc0@58.875C gpu@59.937C tj@60.281C soc1@60.281C VDD_IN 7887mW/7808mW VDD_CPU_GPU_CV 2180mW/2127mW VDD_SOC 2507mW/2495mW
09-08-2026 20:08:11 RAM 2919/7620MB (lfb 2x4MB) SWAP 755/3810MB (cached 1MB) CPU [3%@1728,1%@1728,10%@1728,0%@1728,0%@1728,0%@1728] GR3D_FREQ 0% cpu@59.281C soc2@58.812C soc0@58.937C gpu@59.843C tj@60.218C soc1@60.218C VDD_IN 7656mW/7808mW VDD_CPU_GPU_CV 2019mW/2126mW VDD_SOC 2507mW/2495mW
09-08-2026 20:08:12 RAM 2919/7620MB (lfb 2x4MB) SWAP 755/3810MB (cached 1MB) CPU [4%@1728,0%@1728,9%@1728,2%@1728,1%@1728,0%@1728] GR3D_FREQ 0% cpu@59.625C soc2@58.812C soc0@58.906C gpu@59.937C tj@60.062C soc1@60.062C VDD_IN 7778mW/7808mW VDD_CPU_GPU_CV 2099mW/2126mW VDD_SOC 2507mW/2495mW
09-08-2026 20:08:13 RAM 2919/7620MB (lfb 2x4MB) SWAP 755/3810MB (cached 1MB) CPU [2%@1728,1%@1728,9%@1728,1%@1728,0%@1728,0%@1728] GR3D_FREQ 0% cpu@59.625C soc2@58.75C soc0@59.031C gpu@59.937C tj@60.093C soc1@60.093C VDD_IN 7778mW/7808mW VDD_CPU_GPU_CV 2099mW/2126mW VDD_SOC 2507mW/2495mW
09-08-2026 20:08:14 RAM 2921/7620MB (lfb 2x4MB) SWAP 755/3810MB (cached 1MB) CPU [11%@1728,5%@1728,9%@1728,0%@1728,1%@1728,1%@1728] GR3D_FREQ 31% cpu@59.75C soc2@58.718C soc0@59.062C gpu@59.968C tj@60.312C soc1@60.062C VDD_IN 8089mW/7809mW VDD_CPU_GPU_CV 2301mW/2127mW VDD_SOC 2548mW/2495mW
09-08-2026 20:08:15 RAM 2921/7620MB (lfb 2x4MB) SWAP 755/3810MB (cached 1MB) CPU [7%@1728,0%@1728,4%@1728,0%@1728,0%@1728,3%@1728] GR3D_FREQ 24% cpu@59.656C soc2@58.656C soc0@58.906C gpu@60.218C tj@60.218C soc1@60.156C VDD_IN 7806mW/7809mW VDD_CPU_GPU_CV 2140mW/2127mW VDD_SOC 2507mW/2495mW
09-08-2026 20:08:16 RAM 2921/7620MB (lfb 2x4MB) SWAP 755/3810MB (cached 1MB) CPU [5%@1728,0%@1728,5%@1728,0%@1728,0%@1728,3%@1728] GR3D_FREQ 24% cpu@59.343C soc2@58.781C soc0@58.968C gpu@60.25C tj@60.281C soc1@60.281C VDD_IN 7778mW/7808mW VDD_CPU_GPU_CV 2099mW/2127mW VDD_SOC 2507mW/2495mW
09-08-2026 20:08:17 RAM 2921/7620MB (lfb 2x4MB) SWAP 755/3810MB (cached 1MB) CPU [4%@1728,1%@1728,5%@1728,0%@1728,0%@1728,3%@1728] GR3D_FREQ 31% cpu@59.312C soc2@58.812C soc0@58.968C gpu@59.843C tj@60.25C soc1@60.25C VDD_IN 7737mW/7808mW VDD_CPU_GPU_CV 2099mW/2127mW VDD_SOC 2507mW/2495mW
09-08-2026 20:08:18 RAM 2921/7620MB (lfb 2x4MB) SWAP 755/3810MB (cached 1MB) CPU [7%@1728,0%@1728,4%@1728,2%@1728,0%@1728,3%@1728] GR3D_FREQ 0% cpu@59.343C soc2@58.75C soc0@59C gpu@59.718C tj@60.031C soc1@60.031C VDD_IN 7737mW/7808mW VDD_CPU_GPU_CV 2059mW/2126mW VDD_SOC 2467mW/2495mW
09-08-2026 20:08:19 RAM 2921/7620MB (lfb 2x4MB) SWAP 755/3810MB (cached 1MB) CPU [5%@1728,1%@1728,6%@1728,0%@1728,0%@1728,3%@1728] GR3D_FREQ 0% cpu@59.375C soc2@58.718C soc0@59.093C gpu@59.875C tj@60.031C soc1@60.031C VDD_IN 7737mW/7808mW VDD_CPU_GPU_CV 2099mW/2126mW VDD_SOC 2507mW/2495mW
09-08-2026 20:08:20 RAM 2921/7620MB (lfb 2x4MB) SWAP 755/3810MB (cached 1MB) CPU [3%@1728,0%@1728,12%@1728,0%@1728,0%@1728,1%@1728] GR3D_FREQ 0% cpu@59.5C soc2@58.781C soc0@59.125C gpu@59.812C tj@60.125C soc1@60.125C VDD_IN 8049mW/7809mW VDD_CPU_GPU_CV 2261mW/2127mW VDD_SOC 2548mW/2495mW
09-08-2026 20:08:21 RAM 2921/7620MB (lfb 2x4MB) SWAP 755/3810MB (cached 1MB) CPU [0%@1728,0%@1728,9%@1728,0%@1728,0%@1728,0%@1728] GR3D_FREQ 0% cpu@59.406C soc2@58.718C soc0@59.156C gpu@59.843C tj@60.093C soc1@60.093C VDD_IN 7697mW/7808mW VDD_CPU_GPU_CV 2059mW/2126mW VDD_SOC 2467mW/2495mW
09-08-2026 20:08:22 RAM 2921/7620MB (lfb 2x4MB) SWAP 755/3810MB (cached 1MB) CPU [1%@1728,1%@1728,9%@1728,0%@1728,0%@1728,0%@1728] GR3D_FREQ 0% cpu@59.531C soc2@58.593C soc0@58.875C gpu@59.906C tj@60.218C soc1@60.218C VDD_IN 7656mW/7808mW VDD_CPU_GPU_CV 2019mW/2126mW VDD_SOC 2467mW/2495mW
09-08-2026 20:08:23 RAM 2921/7620MB (lfb 2x4MB) SWAP 755/3810MB (cached 1MB) CPU [0%@1728,0%@1728,9%@1728,0%@1728,0%@1728,0%@1728] GR3D_FREQ 0% cpu@59.218C soc2@58.656C soc0@58.937C gpu@59.843C tj@60.281C soc1@60.281C VDD_IN 7656mW/7807mW VDD_CPU_GPU_CV 2019mW/2126mW VDD_SOC 2467mW/2495mW
09-08-2026 20:08:24 RAM 2921/7620MB (lfb 2x4MB) SWAP 755/3810MB (cached 1MB) CPU [0%@1728,1%@1728,9%@1728,1%@1728,0%@1728,0%@1728] GR3D_FREQ 0% cpu@59.343C soc2@58.593C soc0@59.031C gpu@59.812C tj@60.062C soc1@60.062C VDD_IN 7656mW/7807mW VDD_CPU_GPU_CV 2019mW/2126mW VDD_SOC 2467mW/2495mW
09-08-2026 20:08:25 RAM 2921/7620MB (lfb 2x4MB) SWAP 755/3810MB (cached 1MB) CPU [1%@1728,0%@1728,8%@1728,0%@1728,0%@1728,0%@1728] GR3D_FREQ 0% cpu@59.406C soc2@58.625C soc0@59.031C gpu@59.812C tj@60.062C soc1@60.062C VDD_IN 7616mW/7806mW VDD_CPU_GPU_CV 2019mW/2125mW VDD_SOC 2467mW/2495mW
09-08-2026 20:08:26 RAM 2921/7620MB (lfb 2x4MB) SWAP 755/3810MB (cached 1MB) CPU [0%@1728,0%@1728,9%@1728,0%@1728,0%@1728,0%@1728] GR3D_FREQ 0% cpu@59.468C soc2@58.687C soc0@59.031C gpu@59.875C tj@60.125C soc1@60.125C VDD_IN 7616mW/7806mW VDD_CPU_GPU_CV 1978mW/2125mW VDD_SOC 2467mW/2495mW
09-08-2026 20:08:27 RAM 2921/7620MB (lfb 2x4MB) SWAP 755/3810MB (cached 1MB) CPU [2%@1728,1%@1728,9%@1728,0%@1728,0%@1728,0%@1728] GR3D_FREQ 0% cpu@59.468C soc2@58.718C soc0@59.125C gpu@59.812C tj@60.093C soc1@60.093C VDD_IN 7656mW/7805mW VDD_CPU_GPU_CV 2019mW/2125mW VDD_SOC 2467mW/2495mW
09-08-2026 20:08:28 RAM 2920/7620MB (lfb 2x4MB) SWAP 755/3810MB (cached 1MB) CPU [0%@1728,0%@1728,10%@1728,0%@1728,0%@1728,0%@1728] GR3D_FREQ 0% cpu@59.187C soc2@58.656C soc0@58.906C gpu@59.843C tj@60.156C soc1@60.156C VDD_IN 7616mW/7805mW VDD_CPU_GPU_CV 1978mW/2124mW VDD_SOC 2467mW/2495mW
09-08-2026 20:08:29 RAM 2922/7620MB (lfb 2x4MB) SWAP 755/3810MB (cached 1MB) CPU [1%@1728,0%@1728,9%@1728,0%@1728,0%@1728,0%@1728] GR3D_FREQ 0% cpu@59.218C soc2@58.718C soc0@58.812C gpu@59.875C tj@60.218C soc1@60.218C VDD_IN 7616mW/7804mW VDD_CPU_GPU_CV 1978mW/2124mW VDD_SOC 2467mW/2495mW
09-08-2026 20:08:30 RAM 2922/7620MB (lfb 2x4MB) SWAP 755/3810MB (cached 1MB) CPU [0%@1728,10%@1728,0%@1728,0%@1728,0%@1728,0%@1728] GR3D_FREQ 0% cpu@59.156C soc2@58.718C soc0@58.906C gpu@59.875C tj@59.968C soc1@59.968C VDD_IN 7616mW/7804mW VDD_CPU_GPU_CV 1978mW/2123mW VDD_SOC 2467mW/2494mW
09-08-2026 20:08:31 RAM 2922/7620MB (lfb 2x4MB) SWAP 755/3810MB (cached 1MB) CPU [0%@1728,9%@1728,0%@1728,1%@1728,0%@1728,0%@1728] GR3D_FREQ 0% cpu@59.343C soc2@58.875C soc0@58.937C gpu@59.906C tj@60.031C soc1@60.031C VDD_IN 7697mW/7803mW VDD_CPU_GPU_CV 2059mW/2123mW VDD_SOC 2507mW/2494mW
09-08-2026 20:08:32 RAM 2922/7620MB (lfb 2x4MB) SWAP 755/3810MB (cached 1MB) CPU [0%@1728,10%@1728,0%@1728,0%@1728,0%@1728,0%@1728] GR3D_FREQ 0% cpu@59.531C soc2@58.656C soc0@59.156C gpu@59.937C tj@59.968C soc1@59.968C VDD_IN 7737mW/7803mW VDD_CPU_GPU_CV 2059mW/2123mW VDD_SOC 2507mW/2495mW
09-08-2026 20:08:33 RAM 2919/7620MB (lfb 2x4MB) SWAP 755/3810MB (cached 1MB) CPU [14%@1728,20%@1728,16%@1728,13%@1728,6%@1728,5%@1728] GR3D_FREQ 30% cpu@60C soc2@58.906C soc0@58.875C gpu@59.937C tj@60.093C soc1@60.093C VDD_IN 8696mW/7806mW VDD_CPU_GPU_CV 2746mW/2125mW VDD_SOC 2588mW/2495mW
09-08-2026 20:08:34 RAM 2920/7620MB (lfb 2x4MB) SWAP 755/3810MB (cached 1MB) CPU [5%@1728,18%@1728,12%@1728,12%@1728,11%@1728,9%@1728] GR3D_FREQ 17% cpu@59.625C soc2@58.812C soc0@58.937C gpu@59.937C tj@60.125C soc1@60.125C VDD_IN 7968mW/7806mW VDD_CPU_GPU_CV 2261mW/2125mW VDD_SOC 2507mW/2495mW
09-08-2026 20:08:35 RAM 2920/7620MB (lfb 2x4MB) SWAP 755/3810MB (cached 1MB) CPU [0%@1728,0%@1728,3%@1728,6%@1728,0%@1728,0%@1728] GR3D_FREQ 29% cpu@59.312C soc2@58.812C soc0@58.937C gpu@59.937C tj@60.281C soc1@60.281C VDD_IN 7737mW/7806mW VDD_CPU_GPU_CV 2099mW/2125mW VDD_SOC 2507mW/2495mW
09-08-2026 20:08:36 RAM 2918/7620MB (lfb 2x4MB) SWAP 755/3810MB (cached 1MB) CPU [3%@1728,4%@1728,11%@1728,9%@1728,0%@1728,0%@1728] GR3D_FREQ 31% cpu@59.406C soc2@58.75C soc0@58.937C gpu@59.968C tj@60C soc1@60C VDD_IN 7968mW/7806mW VDD_CPU_GPU_CV 2221mW/2125mW VDD_SOC 2507mW/2495mW
09-08-2026 20:08:37 RAM 2918/7620MB (lfb 2x4MB) SWAP 755/3810MB (cached 1MB) CPU [0%@1728,0%@1728,2%@1728,7%@1728,0%@1728,0%@1728] GR3D_FREQ 0% cpu@59.281C soc2@58.656C soc0@59C gpu@59.937C tj@60.031C soc1@60.031C VDD_IN 7737mW/7806mW VDD_CPU_GPU_CV 2099mW/2125mW VDD_SOC 2507mW/2495mW
09-08-2026 20:08:38 RAM 2918/7620MB (lfb 2x4MB) SWAP 755/3810MB (cached 1MB) CPU [0%@1728,2%@1728,3%@1728,8%@1728,0%@1728,0%@1728] GR3D_FREQ 0% cpu@59.312C soc2@58.687C soc0@59.031C gpu@59.937C tj@59.968C soc1@59.968C VDD_IN 7737mW/7806mW VDD_CPU_GPU_CV 2099mW/2125mW VDD_SOC 2467mW/2495mW
09-08-2026 20:08:39 RAM 2917/7620MB (lfb 2x4MB) SWAP 755/3810MB (cached 1MB) CPU [1%@1728,1%@1728,1%@1728,8%@1728,0%@1728,0%@1728] GR3D_FREQ 0% cpu@59.531C soc2@58.562C soc0@58.843C gpu@60C tj@60.093C soc1@60.093C VDD_IN 7697mW/7806mW VDD_CPU_GPU_CV 2059mW/2125mW VDD_SOC 2467mW/2495mW
09-08-2026 20:08:40 RAM 2917/7620MB (lfb 2x4MB) SWAP 755/3810MB (cached 1MB) CPU [9%@1728,1%@1728,0%@1728,0%@1728,0%@1728,0%@1728] GR3D_FREQ 0% cpu@59.218C soc2@58.687C soc0@58.875C gpu@59.937C tj@60.062C soc1@60.187C VDD_IN 7697mW/7805mW VDD_CPU_GPU_CV 2059mW/2125mW VDD_SOC 2467mW/2495mW
09-08-2026 20:08:41 RAM 2917/7620MB (lfb 2x4MB) SWAP 755/3810MB (cached 1MB) CPU [10%@1728,0%@1728,1%@1728,0%@1728,0%@1728,0%@1728] GR3D_FREQ 0% cpu@59.125C soc2@58.687C soc0@58.906C gpu@59.968C tj@60.25C soc1@60.25C VDD_IN 7656mW/7805mW VDD_CPU_GPU_CV 2019mW/2124mW VDD_SOC 2467mW/2495mW
09-08-2026 20:08:42 RAM 2918/7620MB (lfb 2x4MB) SWAP 755/3810MB (cached 1MB) CPU [10%@1728,0%@1728,2%@1728,1%@1728,0%@1728,0%@1728] GR3D_FREQ 0% cpu@59.187C soc2@58.687C soc0@58.937C gpu@60C tj@60.031C soc1@60.031C VDD_IN 7697mW/7805mW VDD_CPU_GPU_CV 2059mW/2124mW VDD_SOC 2467mW/2495mW
09-08-2026 20:08:43 RAM 2918/7620MB (lfb 2x4MB) SWAP 755/3810MB (cached 1MB) CPU [9%@1728,0%@1728,0%@1728,0%@1728,0%@1728,0%@1728] GR3D_FREQ 0% cpu@59.312C soc2@58.656C soc0@59.031C gpu@59.968C tj@60.031C soc1@60.031C VDD_IN 7656mW/7804mW VDD_CPU_GPU_CV 2019mW/2124mW VDD_SOC 2467mW/2494mW
09-08-2026 20:08:44 RAM 2918/7620MB (lfb 2x4MB) SWAP 755/3810MB (cached 1MB) CPU [9%@1728,1%@1728,0%@1728,0%@1728,0%@1728,0%@1728] GR3D_FREQ 0% cpu@59.5C soc2@58.687C soc0@59.125C gpu@60.031C tj@60.093C soc1@60.093C VDD_IN 7656mW/7804mW VDD_CPU_GPU_CV 2019mW/2124mW VDD_SOC 2467mW/2494mW
09-08-2026 20:08:45 RAM 2918/7620MB (lfb 2x4MB) SWAP 755/3810MB (cached 1MB) CPU [9%@1728,0%@1728,0%@1728,0%@1728,0%@1728,0%@1728] GR3D_FREQ 0% cpu@59.312C soc2@58.656C soc0@58.875C gpu@59.937C tj@60.125C soc1@60.125C VDD_IN 7616mW/7803mW VDD_CPU_GPU_CV 2019mW/2123mW VDD_SOC 2467mW/2494mW
09-08-2026 20:08:46 RAM 2918/7620MB (lfb 2x4MB) SWAP 755/3810MB (cached 1MB) CPU [9%@1728,0%@1728,0%@1728,2%@1728,0%@1728,0%@1728] GR3D_FREQ 0% cpu@59.468C soc2@58.718C soc0@58.812C gpu@60.062C tj@60.187C soc1@60.187C VDD_IN 7616mW/7803mW VDD_CPU_GPU_CV 2019mW/2123mW VDD_SOC 2467mW/2494mW
09-08-2026 20:08:47 RAM 2918/7620MB (lfb 2x4MB) SWAP 755/3810MB (cached 1MB) CPU [9%@1728,3%@1728,0%@1728,0%@1728,0%@1728,0%@1728] GR3D_FREQ 0% cpu@59.187C soc2@58.656C soc0@58.906C gpu@60C tj@60.156C soc1@60.156C VDD_IN 7616mW/7802mW VDD_CPU_GPU_CV 2019mW/2123mW VDD_SOC 2467mW/2494mW
09-08-2026 20:08:48 RAM 2918/7620MB (lfb 2x4MB) SWAP 755/3810MB (cached 1MB) CPU [4%@1728,5%@1728,1%@1728,0%@1728,0%@1728,0%@1728] GR3D_FREQ 0% cpu@59.312C soc2@58.687C soc0@58.906C gpu@60.093C tj@60.093C soc1@60.031C VDD_IN 7616mW/7802mW VDD_CPU_GPU_CV 1978mW/2122mW VDD_SOC 2467mW/2494mW
09-08-2026 20:08:49 RAM 2918/7620MB (lfb 2x4MB) SWAP 755/3810MB (cached 1MB) CPU [4%@1728,7%@1728,1%@1728,0%@1728,0%@1728,0%@1728] GR3D_FREQ 0% cpu@59.187C soc2@58.718C soc0@58.937C gpu@60.187C tj@60C soc1@60C VDD_IN 7616mW/7801mW VDD_CPU_GPU_CV 2019mW/2122mW VDD_SOC 2467mW/2494mW
09-08-2026 20:08:50 RAM 2918/7620MB (lfb 2x4MB) SWAP 755/3810MB (cached 1MB) CPU [2%@1728,7%@1728,0%@1728,0%@1728,0%@1728,0%@1728] GR3D_FREQ 0% cpu@59.437C soc2@58.875C soc0@59C gpu@59.875C tj@60.093C soc1@60.093C VDD_IN 7656mW/7801mW VDD_CPU_GPU_CV 2059mW/2122mW VDD_SOC 2507mW/2494mW
09-08-2026 20:08:51 RAM 2918/7620MB (lfb 2x4MB) SWAP 755/3810MB (cached 1MB) CPU [2%@1728,8%@1728,0%@1728,1%@1728,0%@1728,0%@1728] GR3D_FREQ 0% cpu@59.593C soc2@58.718C soc0@59.062C gpu@59.812C tj@60.125C soc1@60.125C VDD_IN 7737mW/7801mW VDD_CPU_GPU_CV 2099mW/2122mW VDD_SOC 2507mW/2494mW
09-08-2026 20:08:52 RAM 2918/7620MB (lfb 2x4MB) SWAP 755/3810MB (cached 1MB) CPU [1%@1728,8%@1728,1%@1728,1%@1728,0%@1728,0%@1728] GR3D_FREQ 28% cpu@59.5C soc2@58.687C soc0@58.843C gpu@59.937C tj@60.187C soc1@60.187C VDD_IN 7737mW/7801mW VDD_CPU_GPU_CV 2099mW/2122mW VDD_SOC 2507mW/2494mW
09-08-2026 20:08:53 RAM 2916/7620MB (lfb 2x4MB) SWAP 755/3810MB (cached 1MB) CPU [2%@1728,8%@1728,0%@1728,0%@1728,1%@1728,0%@1728] GR3D_FREQ 11% cpu@59.25C soc2@58.718C soc0@58.875C gpu@59.906C tj@60.25C soc1@60.25C VDD_IN 7737mW/7800mW VDD_CPU_GPU_CV 2059mW/2122mW VDD_SOC 2507mW/2494mW
09-08-2026 20:08:54 RAM 2918/7620MB (lfb 2x4MB) SWAP 755/3810MB (cached 1MB) CPU [1%@1728,7%@1728,1%@1728,0%@1728,0%@1728,0%@1728] GR3D_FREQ 30% cpu@59.281C soc2@58.75C soc0@58.906C gpu@59.937C tj@59.968C soc1@59.968C VDD_IN 7737mW/7800mW VDD_CPU_GPU_CV 2059mW/2122mW VDD_SOC 2507mW/2494mW
09-08-2026 20:08:55 RAM 2699/7620MB (lfb 2x4MB) SWAP 755/3810MB (cached 1MB) CPU [33%@1728,16%@1728,12%@1728,24%@1728,19%@1728,12%@1728] GR3D_FREQ 31% cpu@59.562C soc2@58.75C soc0@58.968C gpu@59.968C tj@60.062C soc1@60.062C VDD_IN 8291mW/7802mW VDD_CPU_GPU_CV 2423mW/2122mW VDD_SOC 2548mW/2494mW
09-08-2026 20:08:56 RAM 2699/7620MB (lfb 2x4MB) SWAP 755/3810MB (cached 1MB) CPU [1%@1728,3%@1728,0%@1728,6%@1728,0%@1728,0%@1728] GR3D_FREQ 0% cpu@59.406C soc2@58.687C soc0@59.062C gpu@59.937C tj@60.156C soc1@60.156C VDD_IN 7725mW/7801mW VDD_CPU_GPU_CV 2099mW/2122mW VDD_SOC 2507mW/2494mW
09-08-2026 20:08:57 RAM 2699/7620MB (lfb 2x4MB) SWAP 755/3810MB (cached 1MB) CPU [2%@1728,7%@1728,1%@1728,3%@1728,0%@1728,0%@1728] GR3D_FREQ 0% cpu@59.437C soc2@58.687C soc0@59.093C gpu@59.968C tj@60.187C soc1@60.187C VDD_IN 7737mW/7801mW VDD_CPU_GPU_CV 2059mW/2122mW VDD_SOC 2467mW/2494mW
09-08-2026 20:08:58 RAM 2699/7620MB (lfb 2x4MB) SWAP 755/3810MB (cached 1MB) CPU [0%@1728,0%@1728,0%@1728,9%@1728,0%@1728,0%@1728] GR3D_FREQ 0% cpu@59.187C soc2@58.656C soc0@58.906C gpu@59.968C tj@60.156C soc1@60.156C VDD_IN 7656mW/7801mW VDD_CPU_GPU_CV 2019mW/2122mW VDD_SOC 2467mW/2494mW
09-08-2026 20:08:59 RAM 2699/7620MB (lfb 2x4MB) SWAP 755/3810MB (cached 1MB) CPU [0%@1728,6%@1728,0%@1728,2%@1728,0%@1728,0%@1728] GR3D_FREQ 0% cpu@59.25C soc2@58.718C soc0@58.968C gpu@59.937C tj@60.25C soc1@60.25C VDD_IN 7656mW/7800mW VDD_CPU_GPU_CV 2019mW/2122mW VDD_SOC 2467mW/2494mW
09-08-2026 20:09:00 RAM 2699/7620MB (lfb 2x4MB) SWAP 755/3810MB (cached 1MB) CPU [0%@1728,6%@1728,1%@1728,7%@1728,0%@1728,0%@1728] GR3D_FREQ 0% cpu@59.375C soc2@58.75C soc0@58.937C gpu@59.937C tj@60.281C soc1@60.281C VDD_IN 7778mW/7800mW VDD_CPU_GPU_CV 2099mW/2121mW VDD_SOC 2507mW/2494mW
09-08-2026 20:09:01 RAM 2700/7620MB (lfb 2x4MB) SWAP 755/3810MB (cached 1MB) CPU [0%@1728,0%@1728,0%@1728,8%@1728,0%@1728,0%@1728] GR3D_FREQ 0% cpu@59.343C soc2@58.656C soc0@59C gpu@59.937C tj@60.093C soc1@60.093C VDD_IN 7656mW/7800mW VDD_CPU_GPU_CV 2019mW/2121mW VDD_SOC 2467mW/2494mW
09-08-2026 20:09:02 RAM 2700/7620MB (lfb 2x4MB) SWAP 755/3810MB (cached 1MB) CPU [0%@1728,10%@1728,0%@1728,1%@1728,0%@1728,0%@1728] GR3D_FREQ 0% cpu@59.437C soc2@58.718C soc0@59C gpu@59.968C tj@60.062C soc1@60.062C VDD_IN 7616mW/7800mW VDD_CPU_GPU_CV 2019mW/2121mW VDD_SOC 2467mW/2494mW
09-08-2026 20:09:03 RAM 2695/7620MB (lfb 2x4MB) SWAP 755/3810MB (cached 1MB) CPU [20%@1728,12%@1728,9%@1728,7%@1728,12%@1728,1%@1728] GR3D_FREQ 0% cpu@59.468C soc2@58.875C soc0@58.906C gpu@60.062C tj@60.093C soc1@60.093C VDD_IN 8130mW/7800mW VDD_CPU_GPU_CV 2382mW/2122mW VDD_SOC 2507mW/2494mW
09-08-2026 20:09:04 RAM 2692/7620MB (lfb 2x4MB) SWAP 755/3810MB (cached 1MB) CPU [14%@1728,9%@1728,34%@1728,6%@1728,0%@1728,0%@1728] GR3D_FREQ 0% cpu@59.968C soc2@58.75C soc0@59.031C gpu@60.093C tj@60.156C soc1@60.156C VDD_IN 8089mW/7801mW VDD_CPU_GPU_CV 2342mW/2122mW VDD_SOC 2507mW/2494mW
09-08-2026 20:09:05 RAM 2698/7620MB (lfb 1x4MB) SWAP 755/3810MB (cached 1MB) CPU [12%@1728,13%@1728,25%@1728,11%@1728,2%@1728,1%@1728] GR3D_FREQ 0% cpu@59.5C soc2@58.781C soc0@59.031C gpu@60.125C tj@60.343C soc1@60.343C VDD_IN 8089mW/7802mW VDD_CPU_GPU_CV 2342mW/2123mW VDD_SOC 2507mW/2494mW
09-08-2026 20:09:06 RAM 2727/7620MB (lfb 138x2MB) SWAP 755/3810MB (cached 1MB) CPU [18%@1728,72%@1728,3%@1728,8%@1728,0%@1728,0%@1728] GR3D_FREQ 0% cpu@59.687C soc2@59.062C soc0@59.062C gpu@60.187C tj@60.25C soc1@60.25C VDD_IN 8534mW/7804mW VDD_CPU_GPU_CV 2705mW/2124mW VDD_SOC 2548mW/2494mW
09-08-2026 20:09:07 RAM 2777/7620MB (lfb 128x2MB) SWAP 755/3810MB (cached 1MB) CPU [7%@1728,87%@1728,0%@1728,6%@1728,1%@1728,0%@1728] GR3D_FREQ 0% cpu@59.656C soc2@58.906C soc0@59.062C gpu@60.218C tj@60.218C soc1@60.187C VDD_IN 8372mW/7805mW VDD_CPU_GPU_CV 2544mW/2125mW VDD_SOC 2507mW/2494mW
09-08-2026 20:09:08 RAM 2777/7620MB (lfb 128x2MB) SWAP 755/3810MB (cached 1MB) CPU [5%@1728,100%@1728,1%@1728,3%@1728,5%@1728,2%@1728] GR3D_FREQ 0% cpu@59.687C soc2@58.937C soc0@59.218C gpu@60.218C tj@60.25C soc1@60.25C VDD_IN 8453mW/7807mW VDD_CPU_GPU_CV 2584mW/2127mW VDD_SOC 2548mW/2494mW
09-08-2026 20:09:09 RAM 2777/7620MB (lfb 128x2MB) SWAP 755/3810MB (cached 1MB) CPU [1%@1728,100%@1728,0%@1728,0%@1728,9%@1728,0%@1728] GR3D_FREQ 0% cpu@59.937C soc2@59.218C soc0@59.062C gpu@60.312C tj@60.312C soc1@60.343C VDD_IN 8453mW/7809mW VDD_CPU_GPU_CV 2584mW/2128mW VDD_SOC 2548mW/2495mW
09-08-2026 20:09:10 RAM 2777/7620MB (lfb 128x2MB) SWAP 755/3810MB (cached 1MB) CPU [0%@1728,100%@1728,0%@1728,0%@1728,8%@1728,2%@1728] GR3D_FREQ 0% cpu@59.718C soc2@59.062C soc0@59.062C gpu@60.343C tj@60.437C soc1@60.437C VDD_IN 8574mW/7811mW VDD_CPU_GPU_CV 2624mW/2129mW VDD_SOC 2548mW/2495mW
09-08-2026 20:09:12 RAM 2777/7620MB (lfb 128x2MB) SWAP 755/3810MB (cached 1MB) CPU [0%@1728,100%@1728,1%@1728,0%@1728,1%@1728,10%@1728] GR3D_FREQ 19% cpu@59.718C soc2@59.062C soc0@59.156C gpu@60.093C tj@60.468C soc1@60.468C VDD_IN 8534mW/7812mW VDD_CPU_GPU_CV 2624mW/2130mW VDD_SOC 2548mW/2495mW
09-08-2026 20:09:13 RAM 2783/7620MB (lfb 125x2MB) SWAP 755/3810MB (cached 1MB) CPU [2%@1728,55%@1728,0%@1728,3%@1728,24%@1728,11%@1728] GR3D_FREQ 1% cpu@59.656C soc2@59.062C soc0@59.218C gpu@60.093C tj@60.312C soc1@60.312C VDD_IN 8372mW/7814mW VDD_CPU_GPU_CV 2584mW/2131mW VDD_SOC 2548mW/2495mW
09-08-2026 20:09:14 RAM 2789/7620MB (lfb 120x2MB) SWAP 755/3810MB (cached 1MB) CPU [10%@1728,0%@1728,0%@1728,0%@1728,41%@1728,17%@1728] GR3D_FREQ 31% cpu@59.718C soc2@58.937C soc0@59.312C gpu@60.218C tj@60.375C soc1@60.375C VDD_IN 8210mW/7815mW VDD_CPU_GPU_CV 2463mW/2132mW VDD_SOC 2507mW/2495mW
09-08-2026 20:09:15 RAM 2796/7620MB (lfb 114x2MB) SWAP 755/3810MB (cached 1MB) CPU [14%@1728,25%@1728,5%@1728,0%@1728,13%@1728,0%@1728] GR3D_FREQ 31% cpu@59.968C soc2@59.093C soc0@59.281C gpu@60.187C tj@60.343C soc1@60.343C VDD_IN 8130mW/7816mW VDD_CPU_GPU_CV 2382mW/2133mW VDD_SOC 2507mW/2495mW
09-08-2026 20:09:16 RAM 2804/7620MB (lfb 110x2MB) SWAP 755/3810MB (cached 1MB) CPU [9%@1728,17%@1728,35%@1728,1%@1728,10%@1728,0%@1728] GR3D_FREQ 0% cpu@60C soc2@59C soc0@59.156C gpu@60.187C tj@60.375C soc1@60.375C VDD_IN 8170mW/7817mW VDD_CPU_GPU_CV 2423mW/2134mW VDD_SOC 2507mW/2495mW
09-08-2026 20:09:17 RAM 2786/7620MB (lfb 106x2MB) SWAP 755/3810MB (cached 1MB) CPU [11%@1728,12%@1728,24%@1728,4%@1728,10%@1728,3%@1728] GR3D_FREQ 10% cpu@60.093C soc2@59.125C soc0@59.187C gpu@60.218C tj@60.375C soc1@60.375C VDD_IN 8251mW/7818mW VDD_CPU_GPU_CV 2463mW/2134mW VDD_SOC 2507mW/2495mW
09-08-2026 20:09:18 RAM 2812/7620MB (lfb 101x2MB) SWAP 752/3810MB (cached 1MB) CPU [20%@1728,20%@1728,28%@1728,27%@1728,21%@1728,43%@1728] GR3D_FREQ 0% cpu@59.75C soc2@59.093C soc0@59.218C gpu@60.281C tj@60.468C soc1@60.468C VDD_IN 8615mW/7820mW VDD_CPU_GPU_CV 2624mW/2136mW VDD_SOC 2588mW/2495mW
09-08-2026 20:09:19 RAM 2803/7620MB (lfb 104x2MB) SWAP 752/3810MB (cached 1MB) CPU [3%@1728,3%@1728,2%@1728,2%@1728,11%@1728,11%@1728] GR3D_FREQ 0% cpu@59.656C soc2@59.093C soc0@59.25C gpu@60.218C tj@60.312C soc1@60.312C VDD_IN 7806mW/7820mW VDD_CPU_GPU_CV 2140mW/2136mW VDD_SOC 2507mW/2495mW
09-08-2026 20:09:20 RAM 2803/7620MB (lfb 104x2MB) SWAP 752/3810MB (cached 1MB) CPU [0%@1728,1%@1728,0%@1728,0%@1728,9%@1728,0%@1728] GR3D_FREQ 0% cpu@59.593C soc2@58.937C soc0@59.281C gpu@60.281C tj@60.343C soc1@60.343C VDD_IN 7656mW/7819mW VDD_CPU_GPU_CV 2019mW/2135mW VDD_SOC 2467mW/2495mW
09-08-2026 20:09:21 RAM 2803/7620MB (lfb 104x2MB) SWAP 752/3810MB (cached 1MB) CPU [1%@1728,0%@1728,0%@1728,0%@1728,9%@1728,0%@1728] GR3D_FREQ 0% cpu@59.718C soc2@58.906C soc0@59.281C gpu@60.312C tj@60.375C soc1@60.375C VDD_IN 7656mW/7819mW VDD_CPU_GPU_CV 2019mW/2135mW VDD_SOC 2467mW/2495mW
09-08-2026 20:09:22 RAM 2803/7620MB (lfb 104x2MB) SWAP 752/3810MB (cached 1MB) CPU [0%@1728,0%@1728,0%@1728,0%@1728,10%@1728,0%@1728] GR3D_FREQ 0% cpu@59.656C soc2@58.968C soc0@59.093C gpu@60.25C tj@60.375C soc1@60.375C VDD_IN 7616mW/7818mW VDD_CPU_GPU_CV 2019mW/2135mW VDD_SOC 2467mW/2495mW
09-08-2026 20:09:23 RAM 2803/7620MB (lfb 104x2MB) SWAP 752/3810MB (cached 1MB) CPU [0%@1728,2%@1728,0%@1728,0%@1728,9%@1728,0%@1728] GR3D_FREQ 0% cpu@59.468C soc2@58.937C soc0@59.25C gpu@60.187C tj@60.5C soc1@60.5C VDD_IN 7616mW/7818mW VDD_CPU_GPU_CV 2019mW/2135mW VDD_SOC 2467mW/2495mW
09-08-2026 20:09:24 RAM 2803/7620MB (lfb 104x2MB) SWAP 752/3810MB (cached 1MB) CPU [0%@1728,0%@1728,0%@1728,0%@1728,9%@1728,0%@1728] GR3D_FREQ 0% cpu@59.531C soc2@59.031C soc0@59.218C gpu@60.218C tj@60.312C soc1@60.312C VDD_IN 7616mW/7817mW VDD_CPU_GPU_CV 1978mW/2134mW VDD_SOC 2467mW/2495mW
09-08-2026 20:09:25 RAM 2827/7620MB (lfb 98x2MB) SWAP 749/3810MB (cached 1MB) CPU [16%@1728,19%@1728,12%@1728,10%@1728,17%@1728,9%@1728] GR3D_FREQ 0% cpu@59.968C soc2@59.125C soc0@59.218C gpu@60.281C tj@60.343C soc1@60.343C VDD_IN 8413mW/7819mW VDD_CPU_GPU_CV 2544mW/2135mW VDD_SOC 2548mW/2495mW
09-08-2026 20:09:26 RAM 2825/7620MB (lfb 102x2MB) SWAP 748/3810MB (cached 1MB) CPU [24%@1728,37%@1728,21%@1728,19%@1728,16%@1728,13%@1728] GR3D_FREQ 0% cpu@59.968C soc2@59.093C soc0@59.343C gpu@60.406C tj@60.406C soc1@60.375C VDD_IN 8494mW/7820mW VDD_CPU_GPU_CV 2624mW/2136mW VDD_SOC 2548mW/2495mW
09-08-2026 20:09:27 RAM 2855/7620MB (lfb 102x2MB) SWAP 748/3810MB (cached 1MB) CPU [100%@1728,1%@1728,0%@1728,0%@1728,9%@1728,0%@1728] GR3D_FREQ 0% cpu@60.187C soc2@59.187C soc0@59.5C gpu@60.375C tj@60.437C soc1@60.437C VDD_IN 8413mW/7822mW VDD_CPU_GPU_CV 2503mW/2137mW VDD_SOC 2548mW/2495mW
09-08-2026 20:09:28 RAM 2858/7620MB (lfb 102x2MB) SWAP 748/3810MB (cached 1MB) CPU [71%@1728,3%@1728,3%@1728,0%@1728,7%@1728,30%@1728] GR3D_FREQ 0% cpu@59.937C soc2@59.156C soc0@59.218C gpu@60.437C tj@60.468C soc1@60.468C VDD_IN 8494mW/7824mW VDD_CPU_GPU_CV 2544mW/2138mW VDD_SOC 2548mW/2496mW
09-08-2026 20:09:29 RAM 2858/7620MB (lfb 102x2MB) SWAP 748/3810MB (cached 1MB) CPU [0%@1728,1%@1728,8%@1728,1%@1728,1%@1728,100%@1728] GR3D_FREQ 0% cpu@59.75C soc2@59.187C soc0@59.25C gpu@60.5C tj@60.562C soc1@60.562C VDD_IN 8453mW/7825mW VDD_CPU_GPU_CV 2544mW/2139mW VDD_SOC 2588mW/2496mW
09-08-2026 20:09:30 RAM 2859/7620MB (lfb 101x2MB) SWAP 748/3810MB (cached 1MB) CPU [0%@1728,0%@1728,3%@1728,7%@1728,1%@1728,100%@1728] GR3D_FREQ 13% cpu@59.968C soc2@59.187C soc0@59.343C gpu@60.468C tj@60.468C soc1@60.437C VDD_IN 8615mW/7827mW VDD_CPU_GPU_CV 2624mW/2140mW VDD_SOC 2588mW/2496mW
09-08-2026 20:09:31 RAM 2826/7620MB (lfb 100x2MB) SWAP 747/3810MB (cached 1MB) CPU [11%@1728,12%@1728,8%@1728,12%@1728,6%@1728,22%@1728] GR3D_FREQ 0% cpu@59.718C soc2@59.125C soc0@59.343C gpu@60.5C tj@60.5C soc1@60.468C VDD_IN 8049mW/7828mW VDD_CPU_GPU_CV 2342mW/2141mW VDD_SOC 2507mW/2496mW
09-08-2026 20:09:32 RAM 2826/7620MB (lfb 100x2MB) SWAP 747/3810MB (cached 1MB) CPU [9%@1728,0%@1728,0%@1728,0%@1728,0%@1728,0%@1728] GR3D_FREQ 31% cpu@59.781C soc2@59.062C soc0@59.375C gpu@60.5C tj@60.5C soc1@60.468C VDD_IN 7766mW/7827mW VDD_CPU_GPU_CV 2099mW/2141mW VDD_SOC 2507mW/2496mW
09-08-2026 20:09:33 RAM 2826/7620MB (lfb 100x2MB) SWAP 747/3810MB (cached 1MB) CPU [9%@1728,0%@1728,0%@1728,1%@1728,0%@1728,0%@1728] GR3D_FREQ 31% cpu@59.781C soc2@59.093C soc0@59.5C gpu@60.5C tj@60.5C soc1@60.5C VDD_IN 7737mW/7827mW VDD_CPU_GPU_CV 2059mW/2141mW VDD_SOC 2507mW/2496mW
09-08-2026 20:09:34 RAM 2821/7620MB (lfb 104x2MB) SWAP 747/3810MB (cached 1MB) CPU [10%@1728,19%@1728,0%@1728,0%@1728,0%@1728,0%@1728] GR3D_FREQ 0% cpu@59.687C soc2@59.093C soc0@59.281C gpu@60.437C tj@60.468C soc1@60.468C VDD_IN 7968mW/7828mW VDD_CPU_GPU_CV 2180mW/2141mW VDD_SOC 2507mW/2496mW
09-08-2026 20:09:35 RAM 2822/7620MB (lfb 104x2MB) SWAP 747/3810MB (cached 1MB) CPU [9%@1728,1%@1728,0%@1728,0%@1728,0%@1728,0%@1728] GR3D_FREQ 5% cpu@59.906C soc2@59.156C soc0@59.312C gpu@60.531C tj@60.531C soc1@60.531C VDD_IN 7737mW/7827mW VDD_CPU_GPU_CV 2059mW/2141mW VDD_SOC 2507mW/2496mW
09-08-2026 20:09:36 RAM 2828/7620MB (lfb 102x2MB) SWAP 747/3810MB (cached 1MB) CPU [9%@1728,1%@1728,1%@1728,0%@1728,0%@1728,0%@1728] GR3D_FREQ 24% cpu@59.687C soc2@59.156C soc0@59.281C gpu@60.562C tj@60.687C soc1@60.687C VDD_IN 7778mW/7827mW VDD_CPU_GPU_CV 2099mW/2140mW VDD_SOC 2507mW/2496mW
09-08-2026 20:09:37 RAM 2825/7620MB (lfb 103x2MB) SWAP 747/3810MB (cached 1MB) CPU [33%@1728,23%@1728,20%@1728,21%@1728,34%@1728,18%@1728] GR3D_FREQ 0% cpu@59.875C soc2@59.25C soc0@59.312C gpu@60.656C tj@60.656C soc1@60.406C VDD_IN 8615mW/7829mW VDD_CPU_GPU_CV 2705mW/2142mW VDD_SOC 2548mW/2496mW
09-08-2026 20:09:38 RAM 2825/7620MB (lfb 103x2MB) SWAP 747/3810MB (cached 1MB) CPU [0%@1728,0%@1728,0%@1728,10%@1728,0%@1728,0%@1728] GR3D_FREQ 0% cpu@59.875C soc2@59.125C soc0@59.343C gpu@60.312C tj@60.437C soc1@60.437C VDD_IN 7766mW/7829mW VDD_CPU_GPU_CV 2099mW/2142mW VDD_SOC 2507mW/2496mW
09-08-2026 20:09:39 RAM 2825/7620MB (lfb 103x2MB) SWAP 747/3810MB (cached 1MB) CPU [9%@1728,1%@1728,2%@1728,4%@1728,0%@1728,0%@1728] GR3D_FREQ 0% cpu@59.781C soc2@59.187C soc0@59.562C gpu@60.312C tj@60.5C soc1@60.5C VDD_IN 7697mW/7829mW VDD_CPU_GPU_CV 2059mW/2142mW VDD_SOC 2467mW/2496mW
09-08-2026 20:09:40 RAM 2825/7620MB (lfb 103x2MB) SWAP 747/3810MB (cached 1MB) CPU [8%@1728,0%@1728,0%@1728,0%@1728,0%@1728,0%@1728] GR3D_FREQ 0% cpu@59.843C soc2@59.156C soc0@59.25C gpu@60.312C tj@60.437C soc1@60.437C VDD_IN 7656mW/7828mW VDD_CPU_GPU_CV 2019mW/2141mW VDD_SOC 2467mW/2496mW
09-08-2026 20:09:41 RAM 2825/7620MB (lfb 103x2MB) SWAP 747/3810MB (cached 1MB) CPU [11%@1728,0%@1728,0%@1728,0%@1728,0%@1728,1%@1728] GR3D_FREQ 0% cpu@59.718C soc2@59.187C soc0@59.375C gpu@60.437C tj@60.531C soc1@60.531C VDD_IN 7656mW/7828mW VDD_CPU_GPU_CV 2019mW/2141mW VDD_SOC 2467mW/2496mW
09-08-2026 20:09:42 RAM 2825/7620MB (lfb 103x2MB) SWAP 747/3810MB (cached 1MB) CPU [9%@1728,0%@1728,0%@1728,0%@1728,0%@1728,0%@1728] GR3D_FREQ 0% cpu@59.687C soc2@59.125C soc0@59.375C gpu@60.312C tj@60.625C soc1@60.625C VDD_IN 7656mW/7827mW VDD_CPU_GPU_CV 2019mW/2141mW VDD_SOC 2467mW/2496mW
09-08-2026 20:09:43 RAM 2829/7620MB (lfb 102x2MB) SWAP 747/3810MB (cached 1MB) CPU [21%@1728,21%@1728,14%@1728,23%@1728,12%@1728,14%@1728] GR3D_FREQ 0% cpu@59.906C soc2@59.125C soc0@59.375C gpu@60.437C tj@60.437C soc1@60.437C VDD_IN 8332mW/7829mW VDD_CPU_GPU_CV 2503mW/2141mW VDD_SOC 2548mW/2496mW
09-08-2026 20:09:44 RAM 2829/7620MB (lfb 102x2MB) SWAP 747/3810MB (cached 1MB) CPU [2%@1728,10%@1728,6%@1728,10%@1728,6%@1728,4%@1728] GR3D_FREQ 0% cpu@59.687C soc2@59.062C soc0@59.468C gpu@60.406C tj@60.5C soc1@60.5C VDD_IN 7766mW/7828mW VDD_CPU_GPU_CV 2099mW/2141mW VDD_SOC 2507mW/2496mW
09-08-2026 20:09:45 RAM 2829/7620MB (lfb 102x2MB) SWAP 747/3810MB (cached 1MB) CPU [0%@1728,0%@1728,0%@1728,9%@1728,1%@1728,0%@1728] GR3D_FREQ 0% cpu@59.968C soc2@59.125C soc0@59.406C gpu@60.375C tj@60.5C soc1@60.5C VDD_IN 7616mW/7828mW VDD_CPU_GPU_CV 2019mW/2141mW VDD_SOC 2467mW/2496mW
09-08-2026 20:09:46 RAM 2829/7620MB (lfb 102x2MB) SWAP 747/3810MB (cached 1MB) CPU [0%@1728,0%@1728,0%@1728,8%@1728,0%@1728,0%@1728] GR3D_FREQ 0% cpu@59.687C soc2@59.062C soc0@59.25C gpu@60.312C tj@60.562C soc1@60.562C VDD_IN 7616mW/7827mW VDD_CPU_GPU_CV 1978mW/2141mW VDD_SOC 2467mW/2496mW
09-08-2026 20:09:47 RAM 2829/7620MB (lfb 102x2MB) SWAP 747/3810MB (cached 1MB) CPU [0%@1728,1%@1728,0%@1728,10%@1728,0%@1728,0%@1728] GR3D_FREQ 0% cpu@59.718C soc2@59.125C soc0@59.281C gpu@60.437C tj@60.593C soc1@60.593C VDD_IN 7575mW/7827mW VDD_CPU_GPU_CV 1978mW/2140mW VDD_SOC 2467mW/2496mW
09-08-2026 20:09:48 RAM 2829/7620MB (lfb 102x2MB) SWAP 747/3810MB (cached 1MB) CPU [8%@1728,1%@1728,0%@1728,1%@1728,0%@1728,0%@1728] GR3D_FREQ 0% cpu@59.718C soc2@59.218C soc0@59.281C gpu@60.468C tj@60.468C soc1@60.437C VDD_IN 7616mW/7826mW VDD_CPU_GPU_CV 1978mW/2140mW VDD_SOC 2467mW/2496mW
09-08-2026 20:09:49 RAM 2829/7620MB (lfb 102x2MB) SWAP 747/3810MB (cached 1MB) CPU [9%@1728,0%@1728,0%@1728,0%@1728,1%@1728,0%@1728] GR3D_FREQ 6% cpu@59.812C soc2@59.093C soc0@59.312C gpu@60.437C tj@60.437C soc1@60.406C VDD_IN 7737mW/7826mW VDD_CPU_GPU_CV 2059mW/2140mW VDD_SOC 2507mW/2496mW
09-08-2026 20:09:50 RAM 2829/7620MB (lfb 102x2MB) SWAP 747/3810MB (cached 1MB) CPU [10%@1728,0%@1728,0%@1728,0%@1728,0%@1728,0%@1728] GR3D_FREQ 0% cpu@59.906C soc2@59.156C soc0@59.5C gpu@60.437C tj@60.468C soc1@60.468C VDD_IN 7737mW/7826mW VDD_CPU_GPU_CV 2099mW/2140mW VDD_SOC 2507mW/2496mW
09-08-2026 20:09:51 RAM 2829/7620MB (lfb 102x2MB) SWAP 747/3810MB (cached 1MB) CPU [9%@1728,0%@1728,0%@1728,0%@1728,0%@1728,0%@1728] GR3D_FREQ 31% cpu@59.812C soc2@59.187C soc0@59.468C gpu@60.437C tj@60.437C soc1@60.437C VDD_IN 7737mW/7826mW VDD_CPU_GPU_CV 2059mW/2139mW VDD_SOC 2507mW/2496mW
09-08-2026 20:09:52 RAM 2829/7620MB (lfb 102x2MB) SWAP 747/3810MB (cached 1MB) CPU [10%@1728,0%@1728,0%@1728,0%@1728,0%@1728,0%@1728] GR3D_FREQ 31% cpu@59.937C soc2@59.156C soc0@59.375C gpu@60.468C tj@60.531C soc1@60.562C VDD_IN 7737mW/7826mW VDD_CPU_GPU_CV 2059mW/2139mW VDD_SOC 2507mW/2496mW
09-08-2026 20:09:53 RAM 2829/7620MB (lfb 102x2MB) SWAP 747/3810MB (cached 1MB) CPU [9%@1728,3%@1728,0%@1728,0%@1728,0%@1728,0%@1728] GR3D_FREQ 0% cpu@59.687C soc2@59.187C soc0@59.343C gpu@60.437C tj@60.593C soc1@60.593C VDD_IN 7737mW/7825mW VDD_CPU_GPU_CV 2059mW/2139mW VDD_SOC 2507mW/2496mW
09-08-2026 20:09:54 RAM 2829/7620MB (lfb 102x2MB) SWAP 747/3810MB (cached 1MB) CPU [10%@1728,0%@1728,0%@1728,1%@1728,0%@1728,1%@1728] GR3D_FREQ 13% cpu@59.687C soc2@59.187C soc0@59.281C gpu@60.437C tj@60.437C soc1@60.406C VDD_IN 7697mW/7825mW VDD_CPU_GPU_CV 2059mW/2139mW VDD_SOC 2467mW/2496mW
09-08-2026 20:09:55 RAM 2829/7620MB (lfb 102x2MB) SWAP 747/3810MB (cached 1MB) CPU [9%@1728,0%@1728,0%@1728,0%@1728,0%@1728,0%@1728] GR3D_FREQ 0% cpu@59.687C soc2@59.062C soc0@59.437C gpu@60.562C tj@60.562C soc1@60.468C VDD_IN 7697mW/7825mW VDD_CPU_GPU_CV 2059mW/2139mW VDD_SOC 2467mW/2496mW
09-08-2026 20:09:56 RAM 2829/7620MB (lfb 102x2MB) SWAP 747/3810MB (cached 1MB) CPU [10%@1728,0%@1728,0%@1728,2%@1728,1%@1728,0%@1728] GR3D_FREQ 0% cpu@59.718C soc2@59.093C soc0@59.406C gpu@60.562C tj@60.562C soc1@60.406C VDD_IN 7697mW/7824mW VDD_CPU_GPU_CV 2059mW/2139mW VDD_SOC 2467mW/2496mW
09-08-2026 20:09:57 RAM 2829/7620MB (lfb 102x2MB) SWAP 747/3810MB (cached 1MB) CPU [9%@1728,0%@1728,0%@1728,0%@1728,0%@1728,5%@1728] GR3D_FREQ 0% cpu@59.687C soc2@59.062C soc0@59.468C gpu@60.5C tj@60.5C soc1@60.468C VDD_IN 7697mW/7824mW VDD_CPU_GPU_CV 2059mW/2138mW VDD_SOC 2467mW/2496mW
09-08-2026 20:09:58 RAM 2829/7620MB (lfb 102x2MB) SWAP 747/3810MB (cached 1MB) CPU [9%@1728,1%@1728,1%@1728,1%@1728,0%@1728,0%@1728] GR3D_FREQ 0% cpu@59.75C soc2@59.093C soc0@59.281C gpu@60.625C tj@60.625C soc1@60.5C VDD_IN 7697mW/7824mW VDD_CPU_GPU_CV 2059mW/2138mW VDD_SOC 2467mW/2496mW
09-08-2026 20:09:59 RAM 2829/7620MB (lfb 102x2MB) SWAP 747/3810MB (cached 1MB) CPU [9%@1728,0%@1728,0%@1728,0%@1728,0%@1728,0%@1728] GR3D_FREQ 0% cpu@59.562C soc2@59C soc0@59.218C gpu@60.187C tj@60.531C soc1@60.531C VDD_IN 7656mW/7823mW VDD_CPU_GPU_CV 2019mW/2138mW VDD_SOC 2467mW/2496mW
09-08-2026 20:10:00 RAM 2829/7620MB (lfb 102x2MB) SWAP 747/3810MB (cached 1MB) CPU [9%@1728,0%@1728,0%@1728,0%@1728,0%@1728,0%@1728] GR3D_FREQ 0% cpu@59.625C soc2@59.093C soc0@59.281C gpu@60.187C tj@60.656C soc1@60.656C VDD_IN 7656mW/7823mW VDD_CPU_GPU_CV 2019mW/2138mW VDD_SOC 2467mW/2496mW
09-08-2026 20:10:01 RAM 2829/7620MB (lfb 102x2MB) SWAP 747/3810MB (cached 1MB) CPU [10%@1728,0%@1728,0%@1728,0%@1728,0%@1728,1%@1728] GR3D_FREQ 0% cpu@59.687C soc2@59.062C soc0@59.343C gpu@60.312C tj@60.562C soc1@60.437C VDD_IN 7616mW/7823mW VDD_CPU_GPU_CV 2019mW/2137mW VDD_SOC 2467mW/2496mW
09-08-2026 20:10:02 RAM 2829/7620MB (lfb 102x2MB) SWAP 747/3810MB (cached 1MB) CPU [9%@1728,0%@1728,0%@1728,0%@1728,0%@1728,0%@1728] GR3D_FREQ 0% cpu@59.687C soc2@59C soc0@59.406C gpu@60.343C tj@60.5C soc1@60.5C VDD_IN 7616mW/7822mW VDD_CPU_GPU_CV 2019mW/2137mW VDD_SOC 2467mW/2495mW
09-08-2026 20:10:03 RAM 2829/7620MB (lfb 102x2MB) SWAP 747/3810MB (cached 1MB) CPU [9%@1728,0%@1728,0%@1728,1%@1728,0%@1728,0%@1728] GR3D_FREQ 0% cpu@59.812C soc2@59.062C soc0@59.406C gpu@60.218C tj@60.437C soc1@60.437C VDD_IN 7616mW/7822mW VDD_CPU_GPU_CV 1978mW/2137mW VDD_SOC 2467mW/2495mW
09-08-2026 20:10:04 RAM 2829/7620MB (lfb 102x2MB) SWAP 747/3810MB (cached 1MB) CPU [9%@1728,0%@1728,0%@1728,1%@1728,0%@1728,0%@1728] GR3D_FREQ 0% cpu@59.531C soc2@59C soc0@59.187C gpu@60.25C tj@60.468C soc1@60.468C VDD_IN 7616mW/7821mW VDD_CPU_GPU_CV 1978mW/2136mW VDD_SOC 2467mW/2495mW
09-08-2026 20:10:05 RAM 2829/7620MB (lfb 102x2MB) SWAP 747/3810MB (cached 1MB) CPU [9%@1728,0%@1728,0%@1728,0%@1728,0%@1728,1%@1728] GR3D_FREQ 0% cpu@59.656C soc2@59.062C soc0@59.218C gpu@60.281C tj@60.531C soc1@60.531C VDD_IN 7575mW/7821mW VDD_CPU_GPU_CV 1978mW/2136mW VDD_SOC 2467mW/2495mW
09-08-2026 20:10:06 RAM 2829/7620MB (lfb 102x2MB) SWAP 747/3810MB (cached 1MB) CPU [10%@1728,0%@1728,0%@1728,0%@1728,0%@1728,0%@1728] GR3D_FREQ 0% cpu@59.531C soc2@59.093C soc0@59.25C gpu@60.375C tj@60.375C soc1@60.375C VDD_IN 7575mW/7820mW VDD_CPU_GPU_CV 1978mW/2136mW VDD_SOC 2467mW/2495mW
09-08-2026 20:10:07 RAM 2824/7620MB (lfb 103x2MB) SWAP 747/3810MB (cached 1MB) CPU [10%@1728,4%@1728,2%@1728,4%@1728,1%@1728,8%@1728] GR3D_FREQ 0% cpu@59.656C soc2@59.062C soc0@59.156C gpu@60.343C tj@60.375C soc1@60.375C VDD_IN 7887mW/7820mW VDD_CPU_GPU_CV 2180mW/2136mW VDD_SOC 2507mW/2495mW
09-08-2026 20:10:08 RAM 2822/7620MB (lfb 104x2MB) SWAP 747/3810MB (cached 1MB) CPU [10%@1728,2%@1728,0%@1728,0%@1728,0%@1728,0%@1728] GR3D_FREQ 0% cpu@59.781C soc2@59.031C soc0@59.312C gpu@60.375C tj@60.375C soc1@60.375C VDD_IN 7737mW/7820mW VDD_CPU_GPU_CV 2099mW/2136mW VDD_SOC 2507mW/2495mW
09-08-2026 20:10:09 RAM 2822/7620MB (lfb 104x2MB) SWAP 747/3810MB (cached 1MB) CPU [9%@1728,2%@1728,0%@1728,2%@1728,0%@1728,0%@1728] GR3D_FREQ 0% cpu@59.687C soc2@59C soc0@59.187C gpu@60.343C tj@60.375C soc1@60.375C VDD_IN 7778mW/7820mW VDD_CPU_GPU_CV 2099mW/2136mW VDD_SOC 2507mW/2495mW
09-08-2026 20:10:10 RAM 2837/7620MB (lfb 98x2MB) SWAP 747/3810MB (cached 1MB) CPU [18%@1728,13%@1728,19%@1728,13%@1728,7%@1728,6%@1728] GR3D_FREQ 31% cpu@60.625C soc2@59.156C soc0@59.218C gpu@60.406C tj@60.625C soc1@60.468C VDD_IN 8574mW/7822mW VDD_CPU_GPU_CV 2665mW/2137mW VDD_SOC 2548mW/2495mW
09-08-2026 20:10:11 RAM 2861/7620MB (lfb 100x2MB) SWAP 747/3810MB (cached 1MB) CPU [2%@1728,1%@1728,12%@1728,93%@1728,1%@1728,1%@1728] GR3D_FREQ 31% cpu@60.312C soc2@59.156C soc0@59.25C gpu@60.437C tj@60.531C soc1@60.531C VDD_IN 8736mW/7824mW VDD_CPU_GPU_CV 2826mW/2138mW VDD_SOC 2548mW/2495mW
09-08-2026 20:10:12 RAM 2823/7620MB (lfb 104x2MB) SWAP 747/3810MB (cached 1MB) CPU [10%@1728,8%@1728,19%@1728,30%@1728,9%@1728,4%@1728] GR3D_FREQ 3% cpu@59.718C soc2@59.156C soc0@59.312C gpu@60.406C tj@60.406C soc1@60.375C VDD_IN 8130mW/7824mW VDD_CPU_GPU_CV 2382mW/2139mW VDD_SOC 2507mW/2496mW
09-08-2026 20:10:13 RAM 2823/7620MB (lfb 104x2MB) SWAP 747/3810MB (cached 1MB) CPU [5%@1728,1%@1728,4%@1728,1%@1728,0%@1728,0%@1728] GR3D_FREQ 20% cpu@59.781C soc2@59.031C soc0@59.343C gpu@60.5C tj@60.5C soc1@60.437C VDD_IN 7766mW/7824mW VDD_CPU_GPU_CV 2099mW/2139mW VDD_SOC 2507mW/2496mW
09-08-2026 20:10:14 RAM 2823/7620MB (lfb 104x2MB) SWAP 747/3810MB (cached 1MB) CPU [7%@1728,0%@1728,2%@1728,0%@1728,0%@1728,0%@1728] GR3D_FREQ 0% cpu@59.687C soc2@59.031C soc0@59.375C gpu@60.406C tj@60.406C soc1@60.375C VDD_IN 7697mW/7824mW VDD_CPU_GPU_CV 2059mW/2139mW VDD_SOC 2467mW/2495mW
09-08-2026 20:10:15 RAM 2823/7620MB (lfb 104x2MB) SWAP 747/3810MB (cached 1MB) CPU [6%@1728,1%@1728,3%@1728,0%@1728,0%@1728,0%@1728] GR3D_FREQ 0% cpu@59.781C soc2@59.031C soc0@59.187C gpu@60.437C tj@60.437C soc1@60.437C VDD_IN 7697mW/7824mW VDD_CPU_GPU_CV 2059mW/2138mW VDD_SOC 2467mW/2495mW
09-08-2026 20:10:16 RAM 2823/7620MB (lfb 104x2MB) SWAP 747/3810MB (cached 1MB) CPU [6%@1728,1%@1728,4%@1728,0%@1728,0%@1728,0%@1728] GR3D_FREQ 0% cpu@59.562C soc2@58.968C soc0@59.218C gpu@60.5C tj@60.5C soc1@60.468C VDD_IN 7697mW/7823mW VDD_CPU_GPU_CV 2019mW/2138mW VDD_SOC 2467mW/2495mW
09-08-2026 20:10:17 RAM 2823/7620MB (lfb 104x2MB) SWAP 747/3810MB (cached 1MB) CPU [7%@1728,1%@1728,2%@1728,0%@1728,0%@1728,0%@1728] GR3D_FREQ 0% cpu@59.656C soc2@59.062C soc0@59.187C gpu@60.437C tj@60.531C soc1@60.531C VDD_IN 7656mW/7823mW VDD_CPU_GPU_CV 2019mW/2138mW VDD_SOC 2467mW/2495mW
09-08-2026 20:10:18 RAM 2823/7620MB (lfb 104x2MB) SWAP 747/3810MB (cached 1MB) CPU [7%@1728,0%@1728,2%@1728,1%@1728,0%@1728,1%@1728] GR3D_FREQ 0% cpu@59.625C soc2@59.093C soc0@59.25C gpu@60.5C tj@60.5C soc1@60.343C VDD_IN 7656mW/7823mW VDD_CPU_GPU_CV 2019mW/2138mW VDD_SOC 2467mW/2495mW
09-08-2026 20:10:19 RAM 2823/7620MB (lfb 104x2MB) SWAP 747/3810MB (cached 1MB) CPU [2%@1728,0%@1728,7%@1728,0%@1728,0%@1728,0%@1728] GR3D_FREQ 0% cpu@59.687C soc2@58.906C soc0@59.218C gpu@60.468C tj@60.468C soc1@60.375C VDD_IN 7656mW/7822mW VDD_CPU_GPU_CV 2019mW/2137mW VDD_SOC 2467mW/2495mW
09-08-2026 20:10:20 RAM 2823/7620MB (lfb 104x2MB) SWAP 747/3810MB (cached 1MB) CPU [9%@1728,0%@1728,0%@1728,0%@1728,0%@1728,0%@1728] GR3D_FREQ 0% cpu@59.812C soc2@58.906C soc0@59.312C gpu@60.031C tj@60.437C soc1@60.437C VDD_IN 7616mW/7822mW VDD_CPU_GPU_CV 2019mW/2137mW VDD_SOC 2467mW/2495mW
09-08-2026 20:10:21 RAM 2823/7620MB (lfb 104x2MB) SWAP 747/3810MB (cached 1MB) CPU [10%@1728,0%@1728,0%@1728,0%@1728,0%@1728,0%@1728] GR3D_FREQ 0% cpu@59.593C soc2@58.968C soc0@59.125C gpu@60.031C tj@60.375C soc1@60.375C VDD_IN 7616mW/7821mW VDD_CPU_GPU_CV 2019mW/2137mW VDD_SOC 2467mW/2495mW
09-08-2026 20:10:22 RAM 2831/7620MB (lfb 100x2MB) SWAP 747/3810MB (cached 1MB) CPU [1%@1728,0%@1728,7%@1728,1%@1728,0%@1728,1%@1728] GR3D_FREQ 0% cpu@59.625C soc2@58.968C soc0@59.156C gpu@60.218C tj@60.437C soc1@60.437C VDD_IN 7656mW/7821mW VDD_CPU_GPU_CV 2019mW/2137mW VDD_SOC 2467mW/2495mW
09-08-2026 20:10:23 RAM 2869/7620MB (lfb 97x2MB) SWAP 747/3810MB (cached 1MB) CPU [54%@1728,12%@1728,16%@1728,17%@1728,7%@1728,15%@1728] GR3D_FREQ 0% cpu@60.218C soc2@59.187C soc0@59.218C gpu@60.312C tj@60.437C soc1@60.437C VDD_IN 8534mW/7823mW VDD_CPU_GPU_CV 2665mW/2138mW VDD_SOC 2548mW/2495mW
09-08-2026 20:10:24 RAM 2879/7620MB (lfb 97x2MB) SWAP 747/3810MB (cached 1MB) CPU [39%@1728,15%@1728,4%@1728,0%@1728,0%@1728,0%@1728] GR3D_FREQ 0% cpu@59.75C soc2@59.062C soc0@59.218C gpu@60.281C tj@60.375C soc1@60.375C VDD_IN 8008mW/7823mW VDD_CPU_GPU_CV 2301mW/2138mW VDD_SOC 2507mW/2495mW
09-08-2026 20:10:25 RAM 2886/7620MB (lfb 97x2MB) SWAP 747/3810MB (cached 1MB) CPU [11%@1728,70%@1728,0%@1728,1%@1728,11%@1728,0%@1728] GR3D_FREQ 0% cpu@60.093C soc2@59.156C soc0@59.312C gpu@60.25C tj@60.281C soc1@60.281C VDD_IN 8291mW/7824mW VDD_CPU_GPU_CV 2503mW/2139mW VDD_SOC 2507mW/2495mW
09-08-2026 20:10:26 RAM 2883/7620MB (lfb 98x2MB) SWAP 747/3810MB (cached 1MB) CPU [5%@1728,85%@1728,0%@1728,1%@1728,9%@1728,0%@1728] GR3D_FREQ 0% cpu@60C soc2@59.187C soc0@59.437C gpu@60.437C tj@60.437C soc1@60.437C VDD_IN 8574mW/7826mW VDD_CPU_GPU_CV 2705mW/2140mW VDD_SOC 2548mW/2495mW
09-08-2026 20:10:27 RAM 2923/7620MB (lfb 98x2MB) SWAP 747/3810MB (cached 1MB) CPU [2%@1728,99%@1728,0%@1728,0%@1728,3%@1728,8%@1728] GR3D_FREQ 0% cpu@60.343C soc2@59.25C soc0@59.187C gpu@60.437C tj@60.5C soc1@60.5C VDD_IN 8696mW/7827mW VDD_CPU_GPU_CV 2786mW/2142mW VDD_SOC 2588mW/2495mW
09-08-2026 20:10:28 RAM 2921/7620MB (lfb 98x2MB) SWAP 747/3810MB (cached 1MB) CPU [2%@1728,100%@1728,0%@1728,0%@1728,0%@1728,9%@1728] GR3D_FREQ 0% cpu@60C soc2@59.281C soc0@59.281C gpu@60.406C tj@60.625C soc1@60.625C VDD_IN 8736mW/7829mW VDD_CPU_GPU_CV 2786mW/2143mW VDD_SOC 2588mW/2496mW
09-08-2026 20:10:29 RAM 2928/7620MB (lfb 98x2MB) SWAP 747/3810MB (cached 1MB) CPU [0%@1728,99%@1728,0%@1728,0%@1728,2%@1728,8%@1728] GR3D_FREQ 31% cpu@60.093C soc2@59.281C soc0@59.343C gpu@60.437C tj@60.437C soc1@60.375C VDD_IN 8736mW/7831mW VDD_CPU_GPU_CV 2746mW/2144mW VDD_SOC 2588mW/2496mW
09-08-2026 20:10:30 RAM 2820/7620MB (lfb 106x2MB) SWAP 746/3810MB (cached 1MB) CPU [12%@1728,23%@1728,16%@1728,9%@1728,9%@1728,14%@1728] GR3D_FREQ 31% cpu@59.781C soc2@59.187C soc0@59.375C gpu@60.468C tj@60.468C soc1@60.406C VDD_IN 8210mW/7832mW VDD_CPU_GPU_CV 2423mW/2145mW VDD_SOC 2548mW/2496mW
09-08-2026 20:10:31 RAM 2820/7620MB (lfb 106x2MB) SWAP 746/3810MB (cached 1MB) CPU [0%@1728,0%@1728,0%@1728,1%@1728,0%@1728,9%@1728] GR3D_FREQ 15% cpu@59.812C soc2@59.156C soc0@59.406C gpu@60.406C tj@60.406C soc1@60.5C VDD_IN 7766mW/7832mW VDD_CPU_GPU_CV 2099mW/2145mW VDD_SOC 2507mW/2496mW
09-08-2026 20:10:32 RAM 2822/7620MB (lfb 106x2MB) SWAP 746/3810MB (cached 1MB) CPU [0%@1728,2%@1728,0%@1728,0%@1728,1%@1728,9%@1728] GR3D_FREQ 31% cpu@60.031C soc2@59.093C soc0@59.437C gpu@60.437C tj@60.437C soc1@60.406C VDD_IN 7778mW/7832mW VDD_CPU_GPU_CV 2099mW/2145mW VDD_SOC 2507mW/2496mW
09-08-2026 20:10:33 RAM 2822/7620MB (lfb 106x2MB) SWAP 746/3810MB (cached 1MB) CPU [1%@1728,0%@1728,1%@1728,0%@1728,0%@1728,9%@1728] GR3D_FREQ 0% cpu@59.75C soc2@59.031C soc0@59.218C gpu@60.531C tj@60.531C soc1@60.531C VDD_IN 7697mW/7832mW VDD_CPU_GPU_CV 2059mW/2144mW VDD_SOC 2467mW/2496mW
09-08-2026 20:10:34 RAM 2821/7620MB (lfb 106x2MB) SWAP 746/3810MB (cached 1MB) CPU [1%@1728,0%@1728,0%@1728,0%@1728,0%@1728,9%@1728] GR3D_FREQ 0% cpu@59.687C soc2@59.062C soc0@59.25C gpu@60.437C tj@60.593C soc1@60.593C VDD_IN 7697mW/7831mW VDD_CPU_GPU_CV 2059mW/2144mW VDD_SOC 2467mW/2496mW
09-08-2026 20:10:35 RAM 2821/7620MB (lfb 106x2MB) SWAP 746/3810MB (cached 1MB) CPU [0%@1728,0%@1728,0%@1728,0%@1728,0%@1728,10%@1728] GR3D_FREQ 0% cpu@59.625C soc2@59.093C soc0@59.312C gpu@60.5C tj@60.625C soc1@60.625C VDD_IN 7697mW/7831mW VDD_CPU_GPU_CV 2059mW/2144mW VDD_SOC 2467mW/2496mW
09-08-2026 20:10:36 RAM 2842/7620MB (lfb 99x2MB) SWAP 746/3810MB (cached 1MB) CPU [13%@1728,19%@1728,12%@1728,16%@1728,9%@1728,15%@1728] GR3D_FREQ 0% cpu@60.375C soc2@59.187C soc0@59.343C gpu@60.531C tj@60.531C soc1@60.406C VDD_IN 8494mW/7832mW VDD_CPU_GPU_CV 2624mW/2145mW VDD_SOC 2548mW/2496mW
09-08-2026 20:10:37 RAM 2881/7620MB (lfb 98x2MB) SWAP 746/3810MB (cached 1MB) CPU [69%@1728,5%@1728,2%@1728,1%@1728,10%@1728,10%@1728] GR3D_FREQ 0% cpu@59.937C soc2@59.187C soc0@59.312C gpu@60.531C tj@60.531C soc1@60.468C VDD_IN 8413mW/7834mW VDD_CPU_GPU_CV 2584mW/2146mW VDD_SOC 2548mW/2496mW
09-08-2026 20:10:38 RAM 2827/7620MB (lfb 106x2MB) SWAP 746/3810MB (cached 1MB) CPU [7%@1728,50%@1728,8%@1728,5%@1728,18%@1728,10%@1728] GR3D_FREQ 0% cpu@60.031C soc2@59.093C soc0@59.531C gpu@60.625C tj@60.625C soc1@60.468C VDD_IN 8494mW/7835mW VDD_CPU_GPU_CV 2584mW/2147mW VDD_SOC 2548mW/2496mW
09-08-2026 20:10:39 RAM 2825/7620MB (lfb 106x2MB) SWAP 746/3810MB (cached 1MB) CPU [1%@1728,2%@1728,10%@1728,6%@1728,0%@1728,0%@1728] GR3D_FREQ 0% cpu@59.781C soc2@59.125C soc0@59.281C gpu@60.625C tj@60.625C soc1@60.562C VDD_IN 7766mW/7835mW VDD_CPU_GPU_CV 2099mW/2147mW VDD_SOC 2507mW/2496mW
09-08-2026 20:10:40 RAM 2825/7620MB (lfb 106x2MB) SWAP 746/3810MB (cached 1MB) CPU [0%@1728,1%@1728,0%@1728,9%@1728,0%@1728,0%@1728] GR3D_FREQ 0% cpu@59.75C soc2@59.125C soc0@59.343C gpu@60.187C tj@60.562C soc1@60.562C VDD_IN 7656mW/7835mW VDD_CPU_GPU_CV 2019mW/2147mW VDD_SOC 2467mW/2496mW
09-08-2026 20:10:41 RAM 2825/7620MB (lfb 106x2MB) SWAP 746/3810MB (cached 1MB) CPU [0%@1728,1%@1728,1%@1728,8%@1728,0%@1728,0%@1728] GR3D_FREQ 0% cpu@59.687C soc2@59.093C soc0@59.312C gpu@60.187C tj@60.593C soc1@60.593C VDD_IN 7616mW/7834mW VDD_CPU_GPU_CV 1978mW/2146mW VDD_SOC 2467mW/2496mW
09-08-2026 20:10:42 RAM 2827/7620MB (lfb 105x2MB) SWAP 746/3810MB (cached 1MB) CPU [0%@1728,0%@1728,9%@1728,1%@1728,0%@1728,0%@1728] GR3D_FREQ 0% cpu@59.718C soc2@59C soc0@59.218C gpu@60.187C tj@60.375C soc1@60.375C VDD_IN 7656mW/7834mW VDD_CPU_GPU_CV 2019mW/2146mW VDD_SOC 2467mW/2496mW
09-08-2026 20:10:43 RAM 2827/7620MB (lfb 105x2MB) SWAP 746/3810MB (cached 1MB) CPU [1%@1728,0%@1728,6%@1728,3%@1728,0%@1728,0%@1728] GR3D_FREQ 0% cpu@59.781C soc2@59C soc0@59.375C gpu@60.218C tj@60.468C soc1@60.468C VDD_IN 7616mW/7833mW VDD_CPU_GPU_CV 1978mW/2146mW VDD_SOC 2467mW/2496mW
09-08-2026 20:10:44 RAM 2825/7620MB (lfb 106x2MB) SWAP 746/3810MB (cached 1MB) CPU [4%@1728,9%@1728,7%@1728,11%@1728,14%@1728,9%@1728] GR3D_FREQ 0% cpu@60.25C soc2@59.125C soc0@59.281C gpu@60.218C tj@60.468C soc1@60.468C VDD_IN 8251mW/7834mW VDD_CPU_GPU_CV 2463mW/2146mW VDD_SOC 2548mW/2496mW
09-08-2026 20:10:45 RAM 2824/7620MB (lfb 106x2MB) SWAP 746/3810MB (cached 1MB) CPU [0%@1728,1%@1728,10%@1728,0%@1728,1%@1728,0%@1728] GR3D_FREQ 0% cpu@59.812C soc2@59.187C soc0@59.218C gpu@60.406C tj@60.5C soc1@60.5C VDD_IN 7656mW/7834mW VDD_CPU_GPU_CV 2019mW/2146mW VDD_SOC 2467mW/2496mW
09-08-2026 20:10:46 RAM 2824/7620MB (lfb 106x2MB) SWAP 746/3810MB (cached 1MB) CPU [1%@1728,0%@1728,6%@1728,3%@1728,0%@1728,0%@1728] GR3D_FREQ 0% cpu@59.687C soc2@59.343C soc0@59.281C gpu@60.437C tj@60.625C soc1@60.625C VDD_IN 7697mW/7833mW VDD_CPU_GPU_CV 2059mW/2146mW VDD_SOC 2507mW/2496mW
09-08-2026 20:10:47 RAM 2824/7620MB (lfb 106x2MB) SWAP 746/3810MB (cached 1MB) CPU [2%@1728,0%@1728,6%@1728,4%@1728,0%@1728,0%@1728] GR3D_FREQ 0% cpu@60.031C soc2@59.25C soc0@59.281C gpu@60.437C tj@60.437C soc1@60.437C VDD_IN 7778mW/7833mW VDD_CPU_GPU_CV 2099mW/2146mW VDD_SOC 2507mW/2496mW
09-08-2026 20:10:48 RAM 2824/7620MB (lfb 106x2MB) SWAP 746/3810MB (cached 1MB) CPU [0%@1728,0%@1728,9%@1728,1%@1728,0%@1728,0%@1728] GR3D_FREQ 31% cpu@59.937C soc2@59.062C soc0@59.406C gpu@60.5C tj@60.5C soc1@60.406C VDD_IN 7737mW/7833mW VDD_CPU_GPU_CV 2059mW/2145mW VDD_SOC 2507mW/2496mW
09-08-2026 20:10:49 RAM 2824/7620MB (lfb 106x2MB) SWAP 746/3810MB (cached 1MB) CPU [0%@1728,1%@1728,8%@1728,1%@1728,0%@1728,0%@1728] GR3D_FREQ 24% cpu@59.906C soc2@59.156C soc0@59.437C gpu@60.468C tj@60.468C soc1@60.468C VDD_IN 7697mW/7833mW VDD_CPU_GPU_CV 2059mW/2145mW VDD_SOC 2507mW/2496mW
09-08-2026 20:10:50 RAM 2823/7620MB (lfb 106x2MB) SWAP 746/3810MB (cached 1MB) CPU [10%@1728,4%@1728,6%@1728,9%@1728,19%@1728,6%@1728] GR3D_FREQ 24% cpu@59.968C soc2@59.156C soc0@59.375C gpu@60.437C tj@60.531C soc1@60.562C VDD_IN 8049mW/7833mW VDD_CPU_GPU_CV 2301mW/2146mW VDD_SOC 2507mW/2496mW
09-08-2026 20:10:51 RAM 2823/7620MB (lfb 106x2MB) SWAP 746/3810MB (cached 1MB) CPU [9%@1728,0%@1728,1%@1728,0%@1728,0%@1728,0%@1728] GR3D_FREQ 31% cpu@59.687C soc2@59.156C soc0@59.406C gpu@60.531C tj@60.593C soc1@60.593C VDD_IN 7725mW/7833mW VDD_CPU_GPU_CV 2099mW/2146mW VDD_SOC 2507mW/2496mW
09-08-2026 20:10:52 RAM 2823/7620MB (lfb 106x2MB) SWAP 746/3810MB (cached 1MB) CPU [9%@1728,1%@1728,0%@1728,1%@1728,0%@1728,0%@1728] GR3D_FREQ 0% cpu@59.625C soc2@59.218C soc0@59.343C gpu@60.531C tj@60.75C soc1@60.75C VDD_IN 7737mW/7833mW VDD_CPU_GPU_CV 2059mW/2145mW VDD_SOC 2507mW/2496mW
09-08-2026 20:10:53 RAM 2823/7620MB (lfb 106x2MB) SWAP 746/3810MB (cached 1MB) CPU [9%@1728,0%@1728,0%@1728,0%@1728,0%@1728,0%@1728] GR3D_FREQ 0% cpu@59.687C soc2@59.187C soc0@59.375C gpu@60.531C tj@60.531C soc1@60.437C VDD_IN 7697mW/7833mW VDD_CPU_GPU_CV 2059mW/2145mW VDD_SOC 2507mW/2496mW
09-08-2026 20:10:54 RAM 2823/7620MB (lfb 106x2MB) SWAP 746/3810MB (cached 1MB) CPU [9%@1728,0%@1728,0%@1728,0%@1728,0%@1728,0%@1728] GR3D_FREQ 0% cpu@59.75C soc2@59.093C soc0@59.437C gpu@60.531C tj@60.531C soc1@60.5C VDD_IN 7656mW/7832mW VDD_CPU_GPU_CV 2019mW/2145mW VDD_SOC 2467mW/2496mW
09-08-2026 20:10:55 RAM 2823/7620MB (lfb 106x2MB) SWAP 746/3810MB (cached 1MB) CPU [9%@1728,0%@1728,0%@1728,0%@1728,0%@1728,0%@1728] GR3D_FREQ 0% cpu@59.937C soc2@59.156C soc0@59.468C gpu@60.531C tj@60.531C soc1@60.562C VDD_IN 7656mW/7832mW VDD_CPU_GPU_CV 2019mW/2145mW VDD_SOC 2467mW/2496mW
09-08-2026 20:10:56 RAM 2823/7620MB (lfb 106x2MB) SWAP 746/3810MB (cached 1MB) CPU [9%@1728,1%@1728,1%@1728,2%@1728,0%@1728,0%@1728] GR3D_FREQ 0% cpu@59.875C soc2@59.156C soc0@59.468C gpu@60.531C tj@60.562C soc1@60.562C VDD_IN 7656mW/7832mW VDD_CPU_GPU_CV 2019mW/2144mW VDD_SOC 2467mW/2496mW
09-08-2026 20:10:57 RAM 2837/7620MB (lfb 100x2MB) SWAP 746/3810MB (cached 1MB) CPU [14%@1728,4%@1728,6%@1728,9%@1728,3%@1728,7%@1728] GR3D_FREQ 0% cpu@60.656C soc2@59.25C soc0@59.343C gpu@60.593C tj@60.656C soc1@60.5C VDD_IN 8291mW/7833mW VDD_CPU_GPU_CV 2463mW/2145mW VDD_SOC 2548mW/2496mW
09-08-2026 20:10:58 RAM 2874/7620MB (lfb 98x2MB) SWAP 746/3810MB (cached 1MB) CPU [72%@1728,15%@1728,9%@1728,7%@1728,6%@1728,6%@1728] GR3D_FREQ 0% cpu@59.875C soc2@59.375C soc0@59.375C gpu@60.625C tj@60.625C soc1@60.593C VDD_IN 8332mW/7834mW VDD_CPU_GPU_CV 2503mW/2146mW VDD_SOC 2548mW/2496mW
09-08-2026 20:10:59 RAM 2881/7620MB (lfb 98x2MB) SWAP 746/3810MB (cached 1MB) CPU [47%@1728,10%@1728,0%@1728,0%@1728,1%@1728,0%@1728] GR3D_FREQ 0% cpu@60.218C soc2@59.25C soc0@59.437C gpu@60.718C tj@60.718C soc1@60.468C VDD_IN 8372mW/7835mW VDD_CPU_GPU_CV 2463mW/2146mW VDD_SOC 2548mW/2496mW
09-08-2026 20:11:00 RAM 2825/7620MB (lfb 105x2MB) SWAP 746/3810MB (cached 1MB) CPU [11%@1728,17%@1728,8%@1728,9%@1728,9%@1728,12%@1728] GR3D_FREQ 0% cpu@59.875C soc2@59.156C soc0@59.343C gpu@60.687C tj@60.687C soc1@60.531C VDD_IN 7927mW/7835mW VDD_CPU_GPU_CV 2221mW/2147mW VDD_SOC 2507mW/2496mW
09-08-2026 20:11:01 RAM 2825/7620MB (lfb 105x2MB) SWAP 746/3810MB (cached 1MB) CPU [0%@1728,0%@1728,0%@1728,0%@1728,0%@1728,9%@1728] GR3D_FREQ 0% cpu@59.718C soc2@59.156C soc0@59.531C gpu@60.187C tj@60.468C soc1@60.468C VDD_IN 7656mW/7834mW VDD_CPU_GPU_CV 2019mW/2146mW VDD_SOC 2467mW/2496mW
09-08-2026 20:11:02 RAM 2824/7620MB (lfb 105x2MB) SWAP 746/3810MB (cached 1MB) CPU [0%@1728,0%@1728,0%@1728,0%@1728,0%@1728,9%@1728] GR3D_FREQ 0% cpu@60C soc2@59.156C soc0@59.375C gpu@60.343C tj@60.468C soc1@60.468C VDD_IN 7656mW/7834mW VDD_CPU_GPU_CV 2019mW/2146mW VDD_SOC 2467mW/2496mW
09-08-2026 20:11:03 RAM 2824/7620MB (lfb 105x2MB) SWAP 746/3810MB (cached 1MB) CPU [0%@1728,0%@1728,0%@1728,0%@1728,0%@1728,9%@1728] GR3D_FREQ 0% cpu@59.718C soc2@59.187C soc0@59.281C gpu@60.375C tj@60.593C soc1@60.593C VDD_IN 7616mW/7834mW VDD_CPU_GPU_CV 1978mW/2146mW VDD_SOC 2467mW/2496mW
09-08-2026 20:11:04 RAM 2824/7620MB (lfb 105x2MB) SWAP 746/3810MB (cached 1MB) CPU [0%@1728,0%@1728,0%@1728,0%@1728,1%@1728,9%@1728] GR3D_FREQ 0% cpu@59.687C soc2@59.218C soc0@59.281C gpu@60.343C tj@60.593C soc1@60.593C VDD_IN 7616mW/7833mW VDD_CPU_GPU_CV 1978mW/2145mW VDD_SOC 2467mW/2496mW
09-08-2026 20:11:05 RAM 2824/7620MB (lfb 105x2MB) SWAP 746/3810MB (cached 1MB) CPU [0%@1728,0%@1728,0%@1728,0%@1728,0%@1728,9%@1728] GR3D_FREQ 0% cpu@59.656C soc2@59.406C soc0@59.343C gpu@60.375C tj@60.468C soc1@60.468C VDD_IN 7697mW/7833mW VDD_CPU_GPU_CV 2059mW/2145mW VDD_SOC 2507mW/2496mW
09-08-2026 20:11:06 RAM 2824/7620MB (lfb 105x2MB) SWAP 746/3810MB (cached 1MB) CPU [0%@1728,0%@1728,0%@1728,0%@1728,0%@1728,9%@1728] GR3D_FREQ 0% cpu@59.687C soc2@59.062C soc0@59.437C gpu@60.406C tj@60.562C soc1@60.562C VDD_IN 7737mW/7833mW VDD_CPU_GPU_CV 2059mW/2145mW VDD_SOC 2507mW/2496mW
09-08-2026 20:11:07 RAM 2821/7620MB (lfb 106x2MB) SWAP 746/3810MB (cached 1MB) CPU [1%@1728,10%@1728,2%@1728,3%@1728,0%@1728,10%@1728] GR3D_FREQ 31% cpu@60.062C soc2@59.125C soc0@59.531C gpu@60.437C tj@60.531C soc1@60.531C VDD_IN 7968mW/7833mW VDD_CPU_GPU_CV 2221mW/2145mW VDD_SOC 2507mW/2496mW
09-08-2026 20:11:08 RAM 2821/7620MB (lfb 106x2MB) SWAP 746/3810MB (cached 1MB) CPU [0%@1728,0%@1728,0%@1728,0%@1728,1%@1728,9%@1728] GR3D_FREQ 16% cpu@59.812C soc2@59.062C soc0@59.343C gpu@60.406C tj@60.531C soc1@60.531C VDD_IN 7737mW/7833mW VDD_CPU_GPU_CV 2059mW/2145mW VDD_SOC 2507mW/2496mW
09-08-2026 20:11:09 RAM 2821/7620MB (lfb 106x2MB) SWAP 746/3810MB (cached 1MB) CPU [0%@1728,0%@1728,2%@1728,2%@1728,0%@1728,9%@1728] GR3D_FREQ 30% cpu@59.875C soc2@59.156C soc0@59.312C gpu@60.468C tj@60.562C soc1@60.562C VDD_IN 7737mW/7833mW VDD_CPU_GPU_CV 2059mW/2145mW VDD_SOC 2507mW/2496mW
09-08-2026 20:11:10 RAM 2821/7620MB (lfb 106x2MB) SWAP 746/3810MB (cached 1MB) CPU [0%@1728,0%@1728,0%@1728,0%@1728,0%@1728,9%@1728] GR3D_FREQ 31% cpu@59.656C soc2@59.187C soc0@59.343C gpu@60.437C tj@60.687C soc1@60.687C VDD_IN 7697mW/7832mW VDD_CPU_GPU_CV 2059mW/2145mW VDD_SOC 2507mW/2496mW
09-08-2026 20:11:11 RAM 2821/7620MB (lfb 106x2MB) SWAP 746/3810MB (cached 1MB) CPU [0%@1728,0%@1728,0%@1728,0%@1728,0%@1728,9%@1728] GR3D_FREQ 0% cpu@59.781C soc2@59.125C soc0@59.406C gpu@60.437C tj@60.437C soc1@60.437C VDD_IN 7697mW/7832mW VDD_CPU_GPU_CV 2059mW/2145mW VDD_SOC 2507mW/2496mW
09-08-2026 20:11:12 RAM 2820/7620MB (lfb 106x2MB) SWAP 746/3810MB (cached 1MB) CPU [1%@1728,0%@1728,2%@1728,0%@1728,0%@1728,10%@1728] GR3D_FREQ 0% cpu@59.687C soc2@59.093C soc0@59.437C gpu@60.468C tj@60.468C soc1@60.468C VDD_IN 7737mW/7832mW VDD_CPU_GPU_CV 2059mW/2144mW VDD_SOC 2507mW/2496mW
09-08-2026 20:11:13 RAM 2820/7620MB (lfb 106x2MB) SWAP 746/3810MB (cached 1MB) CPU [1%@1728,0%@1728,0%@1728,0%@1728,0%@1728,9%@1728] GR3D_FREQ 0% cpu@59.875C soc2@59.093C soc0@59.531C gpu@60.437C tj@60.468C soc1@60.468C VDD_IN 7697mW/7832mW VDD_CPU_GPU_CV 2059mW/2144mW VDD_SOC 2507mW/2496mW
09-08-2026 20:11:14 RAM 2820/7620MB (lfb 106x2MB) SWAP 746/3810MB (cached 1MB) CPU [0%@1728,0%@1728,0%@1728,0%@1728,0%@1728,8%@1728] GR3D_FREQ 0% cpu@59.812C soc2@59.093C soc0@59.281C gpu@60.5C tj@60.562C soc1@60.562C VDD_IN 7697mW/7831mW VDD_CPU_GPU_CV 2059mW/2144mW VDD_SOC 2467mW/2496mW
09-08-2026 20:11:15 RAM 2820/7620MB (lfb 106x2MB) SWAP 746/3810MB (cached 1MB) CPU [0%@1728,1%@1728,0%@1728,0%@1728,1%@1728,10%@1728] GR3D_FREQ 0% cpu@59.906C soc2@59.093C soc0@59.281C gpu@60.437C tj@60.593C soc1@60.593C VDD_IN 7656mW/7831mW VDD_CPU_GPU_CV 2019mW/2144mW VDD_SOC 2467mW/2496mW
09-08-2026 20:11:16 RAM 2820/7620MB (lfb 106x2MB) SWAP 746/3810MB (cached 1MB) CPU [0%@1728,0%@1728,1%@1728,0%@1728,1%@1728,9%@1728] GR3D_FREQ 0% cpu@59.625C soc2@59.031C soc0@59.375C gpu@60.593C tj@60.656C soc1@60.656C VDD_IN 7656mW/7831mW VDD_CPU_GPU_CV 2019mW/2144mW VDD_SOC 2467mW/2496mW
09-08-2026 20:11:17 RAM 2820/7620MB (lfb 106x2MB) SWAP 746/3810MB (cached 1MB) CPU [1%@1728,0%@1728,0%@1728,1%@1728,0%@1728,9%@1728] GR3D_FREQ 0% cpu@59.687C soc2@59.187C soc0@59.343C gpu@60.468C tj@60.5C soc1@60.5C VDD_IN 7697mW/7830mW VDD_CPU_GPU_CV 2059mW/2143mW VDD_SOC 2467mW/2496mW
09-08-2026 20:11:18 RAM 2820/7620MB (lfb 106x2MB) SWAP 746/3810MB (cached 1MB) CPU [0%@1728,0%@1728,0%@1728,0%@1728,0%@1728,9%@1728] GR3D_FREQ 0% cpu@59.812C soc2@59.093C soc0@59.437C gpu@60.562C tj@60.562C soc1@60.5C VDD_IN 7656mW/7830mW VDD_CPU_GPU_CV 2019mW/2143mW VDD_SOC 2467mW/2496mW
09-08-2026 20:11:19 RAM 2820/7620MB (lfb 106x2MB) SWAP 746/3810MB (cached 1MB) CPU [0%@1728,0%@1728,0%@1728,0%@1728,0%@1728,9%@1728] GR3D_FREQ 0% cpu@59.75C soc2@59.093C soc0@59.437C gpu@60.562C tj@60.562C soc1@60.5C VDD_IN 7616mW/7830mW VDD_CPU_GPU_CV 2019mW/2143mW VDD_SOC 2467mW/2496mW
09-08-2026 20:11:20 RAM 2820/7620MB (lfb 106x2MB) SWAP 746/3810MB (cached 1MB) CPU [0%@1728,0%@1728,0%@1728,0%@1728,0%@1728,9%@1728] GR3D_FREQ 0% cpu@59.968C soc2@59.125C soc0@59.406C gpu@60.531C tj@60.531C soc1@60.5C VDD_IN 7616mW/7829mW VDD_CPU_GPU_CV 1978mW/2143mW VDD_SOC 2467mW/2496mW
09-08-2026 20:11:21 RAM 2820/7620MB (lfb 106x2MB) SWAP 746/3810MB (cached 1MB) CPU [0%@1728,0%@1728,0%@1728,0%@1728,0%@1728,8%@1728] GR3D_FREQ 0% cpu@59.687C soc2@59.156C soc0@59.343C gpu@60.687C tj@60.687C soc1@60.593C VDD_IN 7616mW/7829mW VDD_CPU_GPU_CV 1978mW/2142mW VDD_SOC 2467mW/2496mW
09-08-2026 20:11:22 RAM 2819/7620MB (lfb 106x2MB) SWAP 746/3810MB (cached 1MB) CPU [0%@1728,1%@1728,0%@1728,0%@1728,4%@1728,6%@1728] GR3D_FREQ 0% cpu@59.687C soc2@59.156C soc0@59.375C gpu@60.25C tj@60.656C soc1@60.656C VDD_IN 7616mW/7828mW VDD_CPU_GPU_CV 2019mW/2142mW VDD_SOC 2467mW/2496mW
09-08-2026 20:11:23 RAM 2819/7620MB (lfb 106x2MB) SWAP 746/3810MB (cached 1MB) CPU [0%@1728,0%@1728,0%@1728,0%@1728,9%@1728,0%@1728] GR3D_FREQ 0% cpu@59.656C soc2@59.062C soc0@59.343C gpu@60.187C tj@60.531C soc1@60.531C VDD_IN 7616mW/7828mW VDD_CPU_GPU_CV 1978mW/2142mW VDD_SOC 2467mW/2496mW
09-08-2026 20:11:24 RAM 2821/7620MB (lfb 105x2MB) SWAP 746/3810MB (cached 1MB) CPU [0%@1728,0%@1728,0%@1728,0%@1728,9%@1728,0%@1728] GR3D_FREQ 0% cpu@59.781C soc2@59.281C soc0@59.406C gpu@60.25C tj@60.468C soc1@60.468C VDD_IN 7697mW/7828mW VDD_CPU_GPU_CV 2059mW/2142mW VDD_SOC 2507mW/2496mW
09-08-2026 20:11:25 RAM 2821/7620MB (lfb 105x2MB) SWAP 746/3810MB (cached 1MB) CPU [0%@1728,0%@1728,0%@1728,0%@1728,9%@1728,0%@1728] GR3D_FREQ 0% cpu@59.968C soc2@59.187C soc0@59.562C gpu@60.281C tj@60.5C soc1@60.5C VDD_IN 7737mW/7828mW VDD_CPU_GPU_CV 2059mW/2141mW VDD_SOC 2507mW/2496mW
09-08-2026 20:11:26 RAM 2821/7620MB (lfb 105x2MB) SWAP 746/3810MB (cached 1MB) CPU [0%@1728,0%@1728,0%@1728,0%@1728,9%@1728,0%@1728] GR3D_FREQ 26% cpu@59.718C soc2@59.187C soc0@59.343C gpu@60.281C tj@60.562C soc1@60.562C VDD_IN 7737mW/7827mW VDD_CPU_GPU_CV 2059mW/2141mW VDD_SOC 2507mW/2496mW
09-08-2026 20:11:27 RAM 2821/7620MB (lfb 105x2MB) SWAP 746/3810MB (cached 1MB) CPU [0%@1728,1%@1728,0%@1728,0%@1728,10%@1728,0%@1728] GR3D_FREQ 8% cpu@60.125C soc2@59.187C soc0@59.406C gpu@60.312C tj@60.593C soc1@60.593C VDD_IN 7737mW/7827mW VDD_CPU_GPU_CV 2099mW/2141mW VDD_SOC 2507mW/2496mW
09-08-2026 20:11:28 RAM 2821/7620MB (lfb 105x2MB) SWAP 746/3810MB (cached 1MB) CPU [0%@1728,0%@1728,0%@1728,2%@1728,9%@1728,0%@1728] GR3D_FREQ 31% cpu@59.75C soc2@59.187C soc0@59.437C gpu@60.343C tj@60.468C soc1@60.468C VDD_IN 7737mW/7827mW VDD_CPU_GPU_CV 2059mW/2141mW VDD_SOC 2507mW/2496mW
09-08-2026 20:11:29 RAM 2821/7620MB (lfb 105x2MB) SWAP 746/3810MB (cached 1MB) CPU [0%@1728,0%@1728,0%@1728,0%@1728,8%@1728,1%@1728] GR3D_FREQ 31% cpu@59.843C soc2@59.187C soc0@59.5C gpu@60.343C tj@60.531C soc1@60.531C VDD_IN 7697mW/7827mW VDD_CPU_GPU_CV 2059mW/2141mW VDD_SOC 2467mW/2496mW
09-08-2026 20:11:30 RAM 2821/7620MB (lfb 105x2MB) SWAP 746/3810MB (cached 1MB) CPU [0%@1728,0%@1728,0%@1728,0%@1728,9%@1728,0%@1728] GR3D_FREQ 0% cpu@59.781C soc2@59.125C soc0@59.562C gpu@60.343C tj@60.5C soc1@60.5C VDD_IN 7697mW/7827mW VDD_CPU_GPU_CV 2059mW/2141mW VDD_SOC 2507mW/2496mW
09-08-2026 20:11:31 RAM 2821/7620MB (lfb 105x2MB) SWAP 746/3810MB (cached 1MB) CPU [0%@1728,0%@1728,0%@1728,0%@1728,9%@1728,0%@1728] GR3D_FREQ 0% cpu@59.937C soc2@59.125C soc0@59.593C gpu@60.343C tj@60.593C soc1@60.593C VDD_IN 7697mW/7826mW VDD_CPU_GPU_CV 2059mW/2141mW VDD_SOC 2507mW/2496mW
09-08-2026 20:11:32 RAM 2821/7620MB (lfb 105x2MB) SWAP 746/3810MB (cached 1MB) CPU [1%@1728,0%@1728,0%@1728,0%@1728,9%@1728,0%@1728] GR3D_FREQ 0% cpu@60.062C soc2@59.187C soc0@59.343C gpu@60.375C tj@60.625C soc1@60.625C VDD_IN 7737mW/7826mW VDD_CPU_GPU_CV 2059mW/2140mW VDD_SOC 2507mW/2496mW
09-08-2026 20:11:33 RAM 2821/7620MB (lfb 105x2MB) SWAP 746/3810MB (cached 1MB) CPU [0%@1728,0%@1728,0%@1728,0%@1728,9%@1728,0%@1728] GR3D_FREQ 0% cpu@59.812C soc2@59.187C soc0@59.437C gpu@60.406C tj@60.593C soc1@60.593C VDD_IN 7697mW/7826mW VDD_CPU_GPU_CV 2019mW/2140mW VDD_SOC 2467mW/2496mW
09-08-2026 20:11:34 RAM 2821/7620MB (lfb 105x2MB) SWAP 746/3810MB (cached 1MB) CPU [0%@1728,0%@1728,0%@1728,0%@1728,9%@1728,0%@1728] GR3D_FREQ 0% cpu@59.781C soc2@59.187C soc0@59.406C gpu@60.562C tj@60.718C soc1@60.718C VDD_IN 7697mW/7826mW VDD_CPU_GPU_CV 2019mW/2140mW VDD_SOC 2467mW/2496mW
09-08-2026 20:11:35 RAM 2821/7620MB (lfb 105x2MB) SWAP 746/3810MB (cached 1MB) CPU [0%@1728,0%@1728,0%@1728,0%@1728,9%@1728,0%@1728] GR3D_FREQ 0% cpu@59.781C soc2@59.218C soc0@59.468C gpu@60.593C tj@60.593C soc1@60.5C VDD_IN 7656mW/7825mW VDD_CPU_GPU_CV 2019mW/2140mW VDD_SOC 2467mW/2496mW
09-08-2026 20:11:36 RAM 2821/7620MB (lfb 105x2MB) SWAP 746/3810MB (cached 1MB) CPU [0%@1728,0%@1728,0%@1728,0%@1728,9%@1728,0%@1728] GR3D_FREQ 0% cpu@59.843C soc2@59.156C soc0@59.5C gpu@60.562C tj@60.562C soc1@60.562C VDD_IN 7656mW/7825mW VDD_CPU_GPU_CV 2019mW/2139mW VDD_SOC 2467mW/2496mW
09-08-2026 20:11:37 RAM 2821/7620MB (lfb 105x2MB) SWAP 746/3810MB (cached 1MB) CPU [10%@1728,1%@1728,2%@1728,3%@1728,8%@1728,2%@1728] GR3D_FREQ 0% cpu@60.156C soc2@59.25C soc0@59.593C gpu@60.625C tj@60.625C soc1@60.593C VDD_IN 7846mW/7825mW VDD_CPU_GPU_CV 2180mW/2140mW VDD_SOC 2507mW/2496mW
09-08-2026 20:11:38 RAM 2822/7620MB (lfb 105x2MB) SWAP 746/3810MB (cached 1MB) CPU [0%@1728,1%@1728,2%@1728,2%@1728,10%@1728,0%@1728] GR3D_FREQ 0% cpu@60.062C soc2@59.312C soc0@59.406C gpu@60.656C tj@60.656C soc1@60.656C VDD_IN 7697mW/7825mW VDD_CPU_GPU_CV 2059mW/2139mW VDD_SOC 2467mW/2496mW
09-08-2026 20:11:39 RAM 2822/7620MB (lfb 105x2MB) SWAP 746/3810MB (cached 1MB) CPU [0%@1728,0%@1728,0%@1728,0%@1728,9%@1728,0%@1728] GR3D_FREQ 0% cpu@59.875C soc2@59.187C soc0@59.375C gpu@60.625C tj@60.687C soc1@60.687C VDD_IN 7616mW/7824mW VDD_CPU_GPU_CV 2019mW/2139mW VDD_SOC 2467mW/2496mW
09-08-2026 20:11:40 RAM 2822/7620MB (lfb 105x2MB) SWAP 746/3810MB (cached 1MB) CPU [0%@1728,0%@1728,0%@1728,0%@1728,9%@1728,0%@1728] GR3D_FREQ 0% cpu@59.812C soc2@59.218C soc0@59.375C gpu@60.656C tj@60.781C soc1@60.781C VDD_IN 7616mW/7824mW VDD_CPU_GPU_CV 1978mW/2139mW VDD_SOC 2467mW/2495mW
09-08-2026 20:11:41 RAM 2822/7620MB (lfb 105x2MB) SWAP 746/3810MB (cached 1MB) CPU [0%@1728,0%@1728,0%@1728,0%@1728,8%@1728,0%@1728] GR3D_FREQ 0% cpu@59.781C soc2@59.187C soc0@59.437C gpu@60.687C tj@60.687C soc1@60.593C VDD_IN 7575mW/7824mW VDD_CPU_GPU_CV 1978mW/2139mW VDD_SOC 2467mW/2495mW
09-08-2026 20:11:42 RAM 2822/7620MB (lfb 105x2MB) SWAP 746/3810MB (cached 1MB) CPU [1%@1728,0%@1728,0%@1728,1%@1728,10%@1728,0%@1728] GR3D_FREQ 0% cpu@59.843C soc2@59.156C soc0@59.468C gpu@60.75C tj@60.75C soc1@60.593C VDD_IN 7616mW/7823mW VDD_CPU_GPU_CV 2019mW/2138mW VDD_SOC 2467mW/2495mW
09-08-2026 20:11:43 RAM 2822/7620MB (lfb 105x2MB) SWAP 746/3810MB (cached 1MB) CPU [0%@1728,0%@1728,0%@1728,1%@1728,9%@1728,0%@1728] GR3D_FREQ 0% cpu@59.937C soc2@59.437C soc0@59.656C gpu@60.343C tj@60.562C soc1@60.562C VDD_IN 7656mW/7823mW VDD_CPU_GPU_CV 2019mW/2138mW VDD_SOC 2507mW/2495mW
09-08-2026 20:11:44 RAM 2823/7620MB (lfb 105x2MB) SWAP 746/3810MB (cached 1MB) CPU [0%@1728,0%@1728,1%@1728,0%@1728,9%@1728,0%@1728] GR3D_FREQ 0% cpu@59.843C soc2@59.281C soc0@59.468C gpu@60.343C tj@60.593C soc1@60.593C VDD_IN 7778mW/7823mW VDD_CPU_GPU_CV 2099mW/2138mW VDD_SOC 2507mW/2495mW
09-08-2026 20:11:45 RAM 2823/7620MB (lfb 105x2MB) SWAP 746/3810MB (cached 1MB) CPU [0%@1728,0%@1728,0%@1728,0%@1728,9%@1728,0%@1728] GR3D_FREQ 20% cpu@60.031C soc2@59.281C soc0@59.468C gpu@60.375C tj@60.656C soc1@60.656C VDD_IN 7737mW/7823mW VDD_CPU_GPU_CV 2059mW/2138mW VDD_SOC 2507mW/2495mW
09-08-2026 20:11:46 RAM 2823/7620MB (lfb 105x2MB) SWAP 746/3810MB (cached 1MB) CPU [0%@1728,0%@1728,0%@1728,0%@1728,9%@1728,0%@1728] GR3D_FREQ 2% cpu@59.687C soc2@59.312C soc0@59.437C gpu@60.406C tj@60.75C soc1@60.75C VDD_IN 7737mW/7823mW VDD_CPU_GPU_CV 2059mW/2138mW VDD_SOC 2507mW/2495mW
09-08-2026 20:11:47 RAM 2821/7620MB (lfb 106x2MB) SWAP 746/3810MB (cached 1MB) CPU [1%@1728,3%@1728,8%@1728,2%@1728,9%@1728,1%@1728] GR3D_FREQ 31% cpu@60.406C soc2@59.25C soc0@59.468C gpu@60.343C tj@60.562C soc1@60.562C VDD_IN 8008mW/7823mW VDD_CPU_GPU_CV 2261mW/2138mW VDD_SOC 2507mW/2495mW
09-08-2026 20:11:48 RAM 2848/7620MB (lfb 103x2MB) SWAP 746/3810MB (cached 1MB) CPU [63%@1728,23%@1728,20%@1728,19%@1728,15%@1728,12%@1728] GR3D_FREQ 31% cpu@60.656C soc2@59.437C soc0@59.625C gpu@60.437C tj@60.656C soc1@60.625C VDD_IN 8777mW/7825mW VDD_CPU_GPU_CV 2826mW/2139mW VDD_SOC 2588mW/2496mW
09-08-2026 20:11:49 RAM 2858/7620MB (lfb 103x2MB) SWAP 746/3810MB (cached 1MB) CPU [100%@1728,0%@1728,0%@1728,1%@1728,9%@1728,0%@1728] GR3D_FREQ 0% cpu@60.312C soc2@59.468C soc0@59.375C gpu@60.468C tj@60.656C soc1@60.656C VDD_IN 8777mW/7826mW VDD_CPU_GPU_CV 2746mW/2140mW VDD_SOC 2588mW/2496mW
09-08-2026 20:11:50 RAM 2835/7620MB (lfb 101x2MB) SWAP 746/3810MB (cached 1MB) CPU [17%@1728,14%@1728,23%@1728,16%@1728,15%@1728,25%@1728] GR3D_FREQ 8% cpu@60.875C soc2@59.531C soc0@59.375C gpu@60.656C tj@60.875C soc1@60.687C VDD_IN 8939mW/7828mW VDD_CPU_GPU_CV 2903mW/2142mW VDD_SOC 2584mW/2496mW
09-08-2026 20:11:51 RAM 2853/7620MB (lfb 100x2MB) SWAP 746/3810MB (cached 1MB) CPU [13%@1728,80%@1728,17%@1728,21%@1728,4%@1728,7%@1728] GR3D_FREQ 0% cpu@60.187C soc2@59.531C soc0@59.437C gpu@60.656C tj@60.843C soc1@60.843C VDD_IN 8777mW/7830mW VDD_CPU_GPU_CV 2826mW/2143mW VDD_SOC 2588mW/2496mW
09-08-2026 20:11:52 RAM 2822/7620MB (lfb 104x2MB) SWAP 746/3810MB (cached 1MB) CPU [4%@1728,79%@1728,3%@1728,10%@1728,0%@1728,0%@1728] GR3D_FREQ 0% cpu@60.031C soc2@59.375C soc0@59.5C gpu@60.718C tj@60.718C soc1@60.625C VDD_IN 8413mW/7831mW VDD_CPU_GPU_CV 2503mW/2144mW VDD_SOC 2588mW/2496mW
09-08-2026 20:11:53 RAM 2823/7620MB (lfb 104x2MB) SWAP 746/3810MB (cached 1MB) CPU [0%@1728,0%@1728,0%@1728,9%@1728,0%@1728,0%@1728] GR3D_FREQ 0% cpu@59.968C soc2@59.187C soc0@59.593C gpu@60.593C tj@60.656C soc1@60.656C VDD_IN 7725mW/7831mW VDD_CPU_GPU_CV 2059mW/2144mW VDD_SOC 2507mW/2496mW
09-08-2026 20:11:54 RAM 2823/7620MB (lfb 104x2MB) SWAP 746/3810MB (cached 1MB) CPU [4%@1728,2%@1728,0%@1728,2%@1728,0%@1728,0%@1728] GR3D_FREQ 0% cpu@60C soc2@59.25C soc0@59.593C gpu@60.687C tj@60.687C soc1@60.593C VDD_IN 7656mW/7831mW VDD_CPU_GPU_CV 2019mW/2143mW VDD_SOC 2467mW/2496mW
09-08-2026 20:11:55 RAM 2823/7620MB (lfb 100x2MB) SWAP 746/3810MB (cached 1MB) CPU [2%@1728,8%@1728,0%@1728,0%@1728,0%@1728,1%@1728] GR3D_FREQ 0% cpu@60C soc2@59.156C soc0@59.687C gpu@60.5C tj@60.656C soc1@60.656C VDD_IN 7656mW/7830mW VDD_CPU_GPU_CV 2019mW/2143mW VDD_SOC 2467mW/2496mW
09-08-2026 20:11:56 RAM 2825/7620MB (lfb 102x2MB) SWAP 746/3810MB (cached 1MB) CPU [32%@1728,36%@1728,26%@1728,18%@1728,21%@1728,15%@1728] GR3D_FREQ 0% cpu@60.562C soc2@59.468C soc0@59.468C gpu@60.656C tj@60.781C soc1@60.781C VDD_IN 8979mW/7832mW VDD_CPU_GPU_CV 2983mW/2145mW VDD_SOC 2588mW/2496mW
09-08-2026 20:11:57 RAM 2825/7620MB (lfb 102x2MB) SWAP 746/3810MB (cached 1MB) CPU [5%@1728,1%@1728,0%@1728,1%@1728,9%@1728,0%@1728] GR3D_FREQ 0% cpu@59.875C soc2@59.218C soc0@59.468C gpu@60.625C tj@60.781C soc1@60.781C VDD_IN 7806mW/7832mW VDD_CPU_GPU_CV 2140mW/2145mW VDD_SOC 2507mW/2496mW
09-08-2026 20:11:58 RAM 2825/7620MB (lfb 102x2MB) SWAP 746/3810MB (cached 1MB) CPU [2%@1728,0%@1728,1%@1728,0%@1728,9%@1728,0%@1728] GR3D_FREQ 0% cpu@59.875C soc2@59.375C soc0@59.437C gpu@60.656C tj@60.656C soc1@60.625C VDD_IN 7656mW/7832mW VDD_CPU_GPU_CV 2019mW/2144mW VDD_SOC 2467mW/2496mW
09-08-2026 20:11:59 RAM 2825/7620MB (lfb 102x2MB) SWAP 746/3810MB (cached 1MB) CPU [0%@1728,0%@1728,0%@1728,0%@1728,10%@1728,0%@1728] GR3D_FREQ 0% cpu@59.875C soc2@59.187C soc0@59.593C gpu@60.718C tj@60.718C soc1@60.593C VDD_IN 7616mW/7832mW VDD_CPU_GPU_CV 2019mW/2144mW VDD_SOC 2467mW/2496mW
09-08-2026 20:12:00 RAM 2825/7620MB (lfb 102x2MB) SWAP 746/3810MB (cached 1MB) CPU [0%@1728,0%@1728,0%@1728,0%@1728,9%@1728,0%@1728] GR3D_FREQ 0% cpu@60.031C soc2@59.187C soc0@59.687C gpu@60.593C tj@60.625C soc1@60.625C VDD_IN 7616mW/7831mW VDD_CPU_GPU_CV 1978mW/2144mW VDD_SOC 2467mW/2496mW
09-08-2026 20:12:01 RAM 2825/7620MB (lfb 102x2MB) SWAP 746/3810MB (cached 1MB) CPU [0%@1728,0%@1728,0%@1728,0%@1728,9%@1728,0%@1728] GR3D_FREQ 0% cpu@59.812C soc2@59.187C soc0@59.437C gpu@60.687C tj@60.687C soc1@60.593C VDD_IN 7616mW/7831mW VDD_CPU_GPU_CV 1978mW/2144mW VDD_SOC 2467mW/2496mW
09-08-2026 20:12:02 RAM 2825/7620MB (lfb 102x2MB) SWAP 746/3810MB (cached 1MB) CPU [1%@1728,0%@1728,0%@1728,0%@1728,10%@1728,0%@1728] GR3D_FREQ 0% cpu@60.062C soc2@59.593C soc0@59.5C gpu@60.718C tj@60.718C soc1@60.625C VDD_IN 7697mW/7831mW VDD_CPU_GPU_CV 2059mW/2143mW VDD_SOC 2507mW/2496mW
09-08-2026 20:12:03 RAM 2825/7620MB (lfb 102x2MB) SWAP 746/3810MB (cached 1MB) CPU [0%@1728,0%@1728,0%@1728,0%@1728,9%@1728,0%@1728] GR3D_FREQ 30% cpu@59.75C soc2@59.281C soc0@59.406C gpu@60.343C tj@60.593C soc1@60.593C VDD_IN 7737mW/7831mW VDD_CPU_GPU_CV 2099mW/2143mW VDD_SOC 2507mW/2496mW
09-08-2026 20:12:04 RAM 2825/7620MB (lfb 102x2MB) SWAP 746/3810MB (cached 1MB) CPU [0%@1728,0%@1728,0%@1728,0%@1728,9%@1728,0%@1728] GR3D_FREQ 12% cpu@59.875C soc2@59.343C soc0@59.468C gpu@60.281C tj@60.562C soc1@60.562C VDD_IN 7737mW/7830mW VDD_CPU_GPU_CV 2059mW/2143mW VDD_SOC 2507mW/2496mW
09-08-2026 20:12:05 RAM 2827/7620MB (lfb 94x2MB) SWAP 746/3810MB (cached 1MB) CPU [23%@1728,27%@1728,10%@1728,14%@1728,25%@1728,18%@1728] GR3D_FREQ 31% cpu@60.062C soc2@59.281C soc0@59.656C gpu@60.437C tj@60.593C soc1@60.593C VDD_IN 8494mW/7832mW VDD_CPU_GPU_CV 2624mW/2144mW VDD_SOC 2548mW/2496mW
09-08-2026 20:12:06 RAM 2827/7620MB (lfb 94x2MB) SWAP 746/3810MB (cached 1MB) CPU [1%@1728,0%@1728,0%@1728,0%@1728,0%@1728,9%@1728] GR3D_FREQ 31% cpu@59.875C soc2@59.25C soc0@59.625C gpu@60.375C tj@60.593C soc1@60.593C VDD_IN 7766mW/7831mW VDD_CPU_GPU_CV 2099mW/2144mW VDD_SOC 2507mW/2496mW
09-08-2026 20:12:07 RAM 2827/7620MB (lfb 95x2MB) SWAP 746/3810MB (cached 1MB) CPU [4%@1728,2%@1728,10%@1728,2%@1728,0%@1728,10%@1728] GR3D_FREQ 0% cpu@60.093C soc2@59.25C soc0@59.406C gpu@60.343C tj@60.718C soc1@60.718C VDD_IN 7927mW/7832mW VDD_CPU_GPU_CV 2221mW/2144mW VDD_SOC 2507mW/2496mW
09-08-2026 20:12:08 RAM 2828/7620MB (lfb 95x2MB) SWAP 746/3810MB (cached 1MB) CPU [0%@1728,2%@1728,2%@1728,0%@1728,5%@1728,4%@1728] GR3D_FREQ 0% cpu@59.75C soc2@59.218C soc0@59.437C gpu@60.375C tj@60.625C soc1@60.625C VDD_IN 7778mW/7831mW VDD_CPU_GPU_CV 2099mW/2144mW VDD_SOC 2507mW/2496mW
09-08-2026 20:12:09 RAM 2828/7620MB (lfb 95x2MB) SWAP 746/3810MB (cached 1MB) CPU [0%@1728,0%@1728,0%@1728,0%@1728,8%@1728,0%@1728] GR3D_FREQ 6% cpu@59.656C soc2@59.281C soc0@59.375C gpu@60.343C tj@60.687C soc1@60.687C VDD_IN 7697mW/7831mW VDD_CPU_GPU_CV 2059mW/2144mW VDD_SOC 2467mW/2496mW
09-08-2026 20:12:10 RAM 2828/7620MB (lfb 95x2MB) SWAP 746/3810MB (cached 1MB) CPU [0%@1728,1%@1728,0%@1728,0%@1728,10%@1728,0%@1728] GR3D_FREQ 0% cpu@59.812C soc2@59.281C soc0@59.5C gpu@60.343C tj@60.562C soc1@60.562C VDD_IN 7697mW/7831mW VDD_CPU_GPU_CV 2059mW/2144mW VDD_SOC 2467mW/2496mW
09-08-2026 20:12:11 RAM 2828/7620MB (lfb 95x2MB) SWAP 746/3810MB (cached 1MB) CPU [0%@1728,0%@1728,1%@1728,0%@1728,10%@1728,0%@1728] GR3D_FREQ 0% cpu@59.75C soc2@59.093C soc0@59.437C gpu@60.5C tj@60.531C soc1@60.531C VDD_IN 7656mW/7831mW VDD_CPU_GPU_CV 2059mW/2144mW VDD_SOC 2467mW/2496mW
09-08-2026 20:12:12 RAM 2828/7620MB (lfb 95x2MB) SWAP 746/3810MB (cached 1MB) CPU [0%@1728,0%@1728,1%@1728,0%@1728,9%@1728,0%@1728] GR3D_FREQ 0% cpu@60.031C soc2@59.125C soc0@59.5C gpu@60.468C tj@60.625C soc1@60.625C VDD_IN 7697mW/7830mW VDD_CPU_GPU_CV 2059mW/2143mW VDD_SOC 2467mW/2496mW
09-08-2026 20:12:13 RAM 2828/7620MB (lfb 95x2MB) SWAP 746/3810MB (cached 1MB) CPU [2%@1728,0%@1728,0%@1728,0%@1728,9%@1728,0%@1728] GR3D_FREQ 0% cpu@59.843C soc2@59.187C soc0@59.375C gpu@60.468C tj@60.593C soc1@60.593C VDD_IN 7656mW/7830mW VDD_CPU_GPU_CV 2019mW/2143mW VDD_SOC 2467mW/2496mW
09-08-2026 20:12:14 RAM 2828/7620MB (lfb 95x2MB) SWAP 746/3810MB (cached 1MB) CPU [0%@1728,0%@1728,0%@1728,0%@1728,9%@1728,0%@1728] GR3D_FREQ 0% cpu@59.718C soc2@59.125C soc0@59.343C gpu@60.468C tj@60.531C soc1@60.531C VDD_IN 7656mW/7830mW VDD_CPU_GPU_CV 2019mW/2143mW VDD_SOC 2467mW/2496mW
09-08-2026 20:12:15 RAM 2828/7620MB (lfb 95x2MB) SWAP 746/3810MB (cached 1MB) CPU [0%@1728,0%@1728,0%@1728,0%@1728,10%@1728,0%@1728] GR3D_FREQ 0% cpu@59.687C soc2@59.093C soc0@59.343C gpu@60.5C tj@60.656C soc1@60.656C VDD_IN 7656mW/7830mW VDD_CPU_GPU_CV 2019mW/2143mW VDD_SOC 2467mW/2496mW
09-08-2026 20:12:16 RAM 2828/7620MB (lfb 95x2MB) SWAP 746/3810MB (cached 1MB) CPU [0%@1728,0%@1728,0%@1728,0%@1728,9%@1728,0%@1728] GR3D_FREQ 0% cpu@59.718C soc2@59.187C soc0@59.406C gpu@60.468C tj@60.5C soc1@60.5C VDD_IN 7656mW/7829mW VDD_CPU_GPU_CV 2019mW/2143mW VDD_SOC 2467mW/2496mW
09-08-2026 20:12:17 RAM 2825/7620MB (lfb 98x2MB) SWAP 746/3810MB (cached 1MB) CPU [0%@1728,0%@1728,4%@1728,0%@1728,9%@1728,0%@1728] GR3D_FREQ 0% cpu@59.75C soc2@59.125C soc0@59.468C gpu@60.593C tj@60.593C soc1@60.531C VDD_IN 7697mW/7829mW VDD_CPU_GPU_CV 2059mW/2142mW VDD_SOC 2467mW/2496mW
09-08-2026 20:12:18 RAM 2825/7620MB (lfb 98x2MB) SWAP 746/3810MB (cached 1MB) CPU [1%@1728,1%@1728,0%@1728,0%@1728,9%@1728,0%@1728] GR3D_FREQ 0% cpu@59.875C soc2@59.062C soc0@59.468C gpu@60.531C tj@60.625C soc1@60.625C VDD_IN 7656mW/7829mW VDD_CPU_GPU_CV 2019mW/2142mW VDD_SOC 2467mW/2496mW
09-08-2026 20:12:19 RAM 2829/7620MB (lfb 98x2MB) SWAP 746/3810MB (cached 1MB) CPU [25%@1728,21%@1728,15%@1728,34%@1728,33%@1728,26%@1728] GR3D_FREQ 0% cpu@60.343C soc2@59.25C soc0@59.343C gpu@60.687C tj@60.687C soc1@60.656C VDD_IN 8898mW/7831mW VDD_CPU_GPU_CV 2943mW/2144mW VDD_SOC 2588mW/2496mW
09-08-2026 20:12:20 RAM 2829/7620MB (lfb 98x2MB) SWAP 746/3810MB (cached 1MB) CPU [9%@1728,2%@1728,1%@1728,1%@1728,4%@1728,0%@1728] GR3D_FREQ 0% cpu@59.875C soc2@59.187C soc0@59.406C gpu@60.718C tj@60.718C soc1@60.625C VDD_IN 7725mW/7830mW VDD_CPU_GPU_CV 2099mW/2143mW VDD_SOC 2467mW/2496mW
09-08-2026 20:12:21 RAM 2829/7620MB (lfb 98x2MB) SWAP 746/3810MB (cached 1MB) CPU [10%@1728,0%@1728,0%@1728,0%@1728,0%@1728,0%@1728] GR3D_FREQ 0% cpu@59.75C soc2@59.375C soc0@59.406C gpu@60.687C tj@60.687C soc1@60.531C VDD_IN 7697mW/7830mW VDD_CPU_GPU_CV 2059mW/2143mW VDD_SOC 2507mW/2496mW
09-08-2026 20:12:23 RAM 2829/7620MB (lfb 98x2MB) SWAP 746/3810MB (cached 1MB) CPU [10%@1728,0%@1728,1%@1728,0%@1728,0%@1728,0%@1728] GR3D_FREQ 24% cpu@59.843C soc2@59.156C soc0@59.375C gpu@60.718C tj@60.718C soc1@60.531C VDD_IN 7778mW/7830mW VDD_CPU_GPU_CV 2099mW/2143mW VDD_SOC 2507mW/2496mW
09-08-2026 20:12:24 RAM 2829/7620MB (lfb 98x2MB) SWAP 746/3810MB (cached 1MB) CPU [9%@1728,1%@1728,1%@1728,1%@1728,0%@1728,0%@1728] GR3D_FREQ 6% cpu@59.906C soc2@59.187C soc0@59.531C gpu@60.75C tj@60.75C soc1@60.437C VDD_IN 7737mW/7830mW VDD_CPU_GPU_CV 2099mW/2143mW VDD_SOC 2507mW/2496mW
09-08-2026 20:12:25 RAM 2829/7620MB (lfb 98x2MB) SWAP 746/3810MB (cached 1MB) CPU [9%@1728,0%@1728,0%@1728,1%@1728,0%@1728,0%@1728] GR3D_FREQ 31% cpu@59.937C soc2@59.156C soc0@59.562C gpu@60.312C tj@60.531C soc1@60.531C VDD_IN 7737mW/7830mW VDD_CPU_GPU_CV 2059mW/2143mW VDD_SOC 2507mW/2496mW
09-08-2026 20:12:26 RAM 2829/7620MB (lfb 98x2MB) SWAP 746/3810MB (cached 1MB) CPU [9%@1728,0%@1728,0%@1728,0%@1728,0%@1728,0%@1728] GR3D_FREQ 31% cpu@59.875C soc2@59.156C soc0@59.375C gpu@60.312C tj@60.593C soc1@60.593C VDD_IN 7737mW/7830mW VDD_CPU_GPU_CV 2059mW/2143mW VDD_SOC 2507mW/2496mW
09-08-2026 20:12:27 RAM 2829/7620MB (lfb 98x2MB) SWAP 746/3810MB (cached 1MB) CPU [10%@1728,0%@1728,0%@1728,0%@1728,0%@1728,0%@1728] GR3D_FREQ 0% cpu@59.781C soc2@59.25C soc0@59.437C gpu@60.312C tj@60.718C soc1@60.718C VDD_IN 7737mW/7829mW VDD_CPU_GPU_CV 2059mW/2143mW VDD_SOC 2467mW/2496mW
09-08-2026 20:12:28 RAM 2829/7620MB (lfb 98x2MB) SWAP 746/3810MB (cached 1MB) CPU [9%@1728,2%@1728,1%@1728,0%@1728,0%@1728,0%@1728] GR3D_FREQ 0% cpu@59.937C soc2@59.218C soc0@59.375C gpu@60.375C tj@60.562C soc1@60.562C VDD_IN 7737mW/7829mW VDD_CPU_GPU_CV 2099mW/2143mW VDD_SOC 2507mW/2496mW
09-08-2026 20:12:29 RAM 2829/7620MB (lfb 98x2MB) SWAP 746/3810MB (cached 1MB) CPU [10%@1728,0%@1728,1%@1728,1%@1728,0%@1728,0%@1728] GR3D_FREQ 12% cpu@59.781C soc2@59.187C soc0@59.343C gpu@60.343C tj@60.5C soc1@60.5C VDD_IN 7697mW/7829mW VDD_CPU_GPU_CV 2059mW/2143mW VDD_SOC 2467mW/2496mW
09-08-2026 20:12:30 RAM 2829/7620MB (lfb 98x2MB) SWAP 746/3810MB (cached 1MB) CPU [9%@1728,0%@1728,0%@1728,1%@1728,0%@1728,0%@1728] GR3D_FREQ 0% cpu@59.937C soc2@59.187C soc0@59.468C gpu@60.343C tj@60.531C soc1@60.531C VDD_IN 7697mW/7829mW VDD_CPU_GPU_CV 2059mW/2142mW VDD_SOC 2467mW/2496mW
09-08-2026 20:12:31 RAM 2829/7620MB (lfb 98x2MB) SWAP 746/3810MB (cached 1MB) CPU [10%@1728,7%@1728,0%@1728,0%@1728,0%@1728,0%@1728] GR3D_FREQ 0% cpu@60.156C soc2@59.187C soc0@59.593C gpu@60.312C tj@60.562C soc1@60.562C VDD_IN 7859mW/7829mW VDD_CPU_GPU_CV 2140mW/2142mW VDD_SOC 2507mW/2496mW
09-08-2026 20:12:32 RAM 2860/7620MB (lfb 94x2MB) SWAP 746/3810MB (cached 1MB) CPU [53%@1728,15%@1728,39%@1728,22%@1728,9%@1728,19%@1728] GR3D_FREQ 0% cpu@60.406C soc2@59.5C soc0@59.375C gpu@60.406C tj@60.625C soc1@60.687C VDD_IN 8777mW/7830mW VDD_CPU_GPU_CV 2867mW/2144mW VDD_SOC 2588mW/2496mW
09-08-2026 20:12:33 RAM 2866/7620MB (lfb 95x2MB) SWAP 746/3810MB (cached 1MB) CPU [18%@1728,4%@1728,5%@1728,0%@1728,0%@1728,0%@1728] GR3D_FREQ 0% cpu@60.125C soc2@59.25C soc0@59.437C gpu@60.406C tj@60.687C soc1@60.687C VDD_IN 7806mW/7830mW VDD_CPU_GPU_CV 2140mW/2144mW VDD_SOC 2507mW/2496mW
09-08-2026 20:12:34 RAM 2872/7620MB (lfb 95x2MB) SWAP 746/3810MB (cached 1MB) CPU [17%@1728,1%@1728,6%@1728,21%@1728,0%@1728,0%@1728] GR3D_FREQ 0% cpu@59.937C soc2@59.218C soc0@59.406C gpu@60.343C tj@60.718C soc1@60.718C VDD_IN 7968mW/7831mW VDD_CPU_GPU_CV 2261mW/2144mW VDD_SOC 2507mW/2496mW
09-08-2026 20:12:35 RAM 2874/7620MB (lfb 95x2MB) SWAP 746/3810MB (cached 1MB) CPU [10%@1728,0%@1728,0%@1728,88%@1728,0%@1728,0%@1728] GR3D_FREQ 0% cpu@60.375C soc2@59.218C soc0@59.468C gpu@60.437C tj@60.562C soc1@60.562C VDD_IN 8574mW/7832mW VDD_CPU_GPU_CV 2705mW/2145mW VDD_SOC 2548mW/2496mW
09-08-2026 20:12:36 RAM 2831/7620MB (lfb 96x2MB) SWAP 746/3810MB (cached 1MB) CPU [11%@1728,2%@1728,3%@1728,67%@1728,3%@1728,2%@1728] GR3D_FREQ 0% cpu@60C soc2@59.187C soc0@59.406C gpu@60.437C tj@60.656C soc1@60.656C VDD_IN 8170mW/7832mW VDD_CPU_GPU_CV 2342mW/2145mW VDD_SOC 2548mW/2496mW
09-08-2026 20:12:37 RAM 2831/7620MB (lfb 96x2MB) SWAP 746/3810MB (cached 1MB) CPU [9%@1728,0%@1728,1%@1728,0%@1728,1%@1728,0%@1728] GR3D_FREQ 0% cpu@59.875C soc2@59.187C soc0@59.562C gpu@60.343C tj@60.562C soc1@60.562C VDD_IN 7685mW/7832mW VDD_CPU_GPU_CV 2059mW/2145mW VDD_SOC 2467mW/2496mW
09-08-2026 20:12:38 RAM 2835/7620MB (lfb 96x2MB) SWAP 746/3810MB (cached 1MB) CPU [19%@1728,2%@1728,2%@1728,4%@1728,0%@1728,0%@1728] GR3D_FREQ 0% cpu@60C soc2@59.218C soc0@59.312C gpu@60.343C tj@60.625C soc1@60.625C VDD_IN 7806mW/7832mW VDD_CPU_GPU_CV 2140mW/2145mW VDD_SOC 2507mW/2496mW
09-08-2026 20:12:39 RAM 2835/7620MB (lfb 96x2MB) SWAP 746/3810MB (cached 1MB) CPU [0%@1728,4%@1728,0%@1728,11%@1728,0%@1728,0%@1728] GR3D_FREQ 0% cpu@59.718C soc2@59.125C soc0@59.375C gpu@60.406C tj@60.75C soc1@60.75C VDD_IN 7656mW/7832mW VDD_CPU_GPU_CV 2019mW/2145mW VDD_SOC 2467mW/2496mW
09-08-2026 20:12:40 RAM 2835/7620MB (lfb 96x2MB) SWAP 746/3810MB (cached 1MB) CPU [0%@1728,1%@1728,0%@1728,9%@1728,0%@1728,0%@1728] GR3D_FREQ 0% cpu@60C soc2@59.187C soc0@59.343C gpu@60.5C tj@60.75C soc1@60.75C VDD_IN 7616mW/7832mW VDD_CPU_GPU_CV 1978mW/2144mW VDD_SOC 2467mW/2496mW
09-08-2026 20:12:41 RAM 2835/7620MB (lfb 96x2MB) SWAP 746/3810MB (cached 1MB) CPU [9%@1728,0%@1728,0%@1728,0%@1728,0%@1728,0%@1728] GR3D_FREQ 0% cpu@59.875C soc2@59.375C soc0@59.406C gpu@60.625C tj@60.625C soc1@60.531C VDD_IN 7656mW/7831mW VDD_CPU_GPU_CV 2019mW/2144mW VDD_SOC 2507mW/2496mW
09-08-2026 20:12:42 RAM 2835/7620MB (lfb 96x2MB) SWAP 746/3810MB (cached 1MB) CPU [10%@1728,0%@1728,1%@1728,1%@1728,0%@1728,0%@1728] GR3D_FREQ 15% cpu@59.906C soc2@59.187C soc0@59.5C gpu@60.656C tj@60.656C soc1@60.531C VDD_IN 7737mW/7831mW VDD_CPU_GPU_CV 2059mW/2144mW VDD_SOC 2507mW/2496mW
09-08-2026 20:12:43 RAM 2835/7620MB (lfb 96x2MB) SWAP 746/3810MB (cached 1MB) CPU [9%@1728,1%@1728,0%@1728,3%@1728,0%@1728,0%@1728] GR3D_FREQ 0% cpu@60.093C soc2@59.187C soc0@59.375C gpu@60.656C tj@60.656C soc1@60.625C VDD_IN 7778mW/7831mW VDD_CPU_GPU_CV 2099mW/2144mW VDD_SOC 2507mW/2496mW
09-08-2026 20:12:44 RAM 2835/7620MB (lfb 96x2MB) SWAP 746/3810MB (cached 1MB) CPU [9%@1728,0%@1728,0%@1728,1%@1728,0%@1728,0%@1728] GR3D_FREQ 31% cpu@59.781C soc2@59.187C soc0@59.343C gpu@60.656C tj@60.656C soc1@60.625C VDD_IN 7778mW/7831mW VDD_CPU_GPU_CV 2099mW/2144mW VDD_SOC 2507mW/2496mW
09-08-2026 20:12:45 RAM 2827/7620MB (lfb 96x2MB) SWAP 746/3810MB (cached 1MB) CPU [11%@1728,5%@1728,13%@1728,14%@1728,9%@1728,23%@1728] GR3D_FREQ 31% cpu@59.75C soc2@59.25C soc0@59.406C gpu@60.687C tj@60.75C soc1@60.75C VDD_IN 7927mW/7831mW VDD_CPU_GPU_CV 2221mW/2144mW VDD_SOC 2507mW/2496mW
09-08-2026 20:12:46 RAM 2827/7620MB (lfb 96x2MB) SWAP 746/3810MB (cached 1MB) CPU [0%@1728,0%@1728,7%@1728,2%@1728,0%@1728,0%@1728] GR3D_FREQ 0% cpu@59.781C soc2@59.218C soc0@59.406C gpu@60.281C tj@60.5C soc1@60.5C VDD_IN 7737mW/7831mW VDD_CPU_GPU_CV 2059mW/2144mW VDD_SOC 2467mW/2496mW
09-08-2026 20:12:47 RAM 2827/7620MB (lfb 96x2MB) SWAP 746/3810MB (cached 1MB) CPU [0%@1728,0%@1728,9%@1728,0%@1728,0%@1728,0%@1728] GR3D_FREQ 4% cpu@59.843C soc2@59.125C soc0@59.406C gpu@60.187C tj@60.468C soc1@60.468C VDD_IN 7697mW/7831mW VDD_CPU_GPU_CV 2059mW/2144mW VDD_SOC 2467mW/2496mW
09-08-2026 20:12:48 RAM 2827/7620MB (lfb 96x2MB) SWAP 746/3810MB (cached 1MB) CPU [0%@1728,0%@1728,10%@1728,2%@1728,0%@1728,0%@1728] GR3D_FREQ 0% cpu@60.031C soc2@59.187C soc0@59.562C gpu@60.281C tj@60.562C soc1@60.562C VDD_IN 7697mW/7830mW VDD_CPU_GPU_CV 2059mW/2144mW VDD_SOC 2467mW/2496mW
09-08-2026 20:12:49 RAM 2827/7620MB (lfb 96x2MB) SWAP 746/3810MB (cached 1MB) CPU [0%@1728,0%@1728,9%@1728,0%@1728,0%@1728,0%@1728] GR3D_FREQ 0% cpu@59.906C soc2@59.156C soc0@59.312C gpu@60.281C tj@60.562C soc1@60.562C VDD_IN 7697mW/7830mW VDD_CPU_GPU_CV 2019mW/2143mW VDD_SOC 2467mW/2496mW
09-08-2026 20:12:50 RAM 2829/7620MB (lfb 96x2MB) SWAP 746/3810MB (cached 1MB) CPU [16%@1728,19%@1728,10%@1728,12%@1728,11%@1728,22%@1728] GR3D_FREQ 0% cpu@59.843C soc2@59.156C soc0@59.375C gpu@60.25C tj@60.625C soc1@60.625C VDD_IN 8008mW/7831mW VDD_CPU_GPU_CV 2301mW/2144mW VDD_SOC 2507mW/2496mW
09-08-2026 20:12:51 RAM 2824/7620MB (lfb 96x2MB) SWAP 746/3810MB (cached 1MB) CPU [9%@1728,0%@1728,3%@1728,0%@1728,0%@1728,0%@1728] GR3D_FREQ 0% cpu@59.718C soc2@59.156C soc0@59.375C gpu@60.406C tj@60.75C soc1@60.75C VDD_IN 7697mW/7830mW VDD_CPU_GPU_CV 2059mW/2144mW VDD_SOC 2467mW/2496mW
09-08-2026 20:12:52 RAM 2824/7620MB (lfb 96x2MB) SWAP 746/3810MB (cached 1MB) CPU [9%@1728,1%@1728,0%@1728,0%@1728,0%@1728,0%@1728] GR3D_FREQ 0% cpu@59.687C soc2@59.25C soc0@59.5C gpu@60.375C tj@60.5C soc1@60.5C VDD_IN 7656mW/7830mW VDD_CPU_GPU_CV 2019mW/2143mW VDD_SOC 2467mW/2496mW
09-08-2026 20:12:53 RAM 2826/7620MB (lfb 96x2MB) SWAP 746/3810MB (cached 1MB) CPU [6%@1728,3%@1728,1%@1728,1%@1728,0%@1728,0%@1728] GR3D_FREQ 0% cpu@59.812C soc2@59.062C soc0@59.437C gpu@60.375C tj@60.562C soc1@60.562C VDD_IN 7656mW/7830mW VDD_CPU_GPU_CV 2019mW/2143mW VDD_SOC 2467mW/2496mW
09-08-2026 20:12:54 RAM 2826/7620MB (lfb 96x2MB) SWAP 746/3810MB (cached 1MB) CPU [0%@1728,3%@1728,6%@1728,0%@1728,0%@1728,0%@1728] GR3D_FREQ 0% cpu@59.781C soc2@59.156C soc0@59.5C gpu@60.312C tj@60.562C soc1@60.562C VDD_IN 7656mW/7829mW VDD_CPU_GPU_CV 2019mW/2143mW VDD_SOC 2467mW/2496mW
09-08-2026 20:12:55 RAM 2826/7620MB (lfb 96x2MB) SWAP 746/3810MB (cached 1MB) CPU [1%@1728,0%@1728,9%@1728,0%@1728,0%@1728,0%@1728] GR3D_FREQ 0% cpu@59.781C soc2@59.125C soc0@59.5C gpu@60.218C tj@60.656C soc1@60.656C VDD_IN 7616mW/7829mW VDD_CPU_GPU_CV 2019mW/2143mW VDD_SOC 2467mW/2496mW
09-08-2026 20:12:56 RAM 2826/7620MB (lfb 96x2MB) SWAP 746/3810MB (cached 1MB) CPU [0%@1728,0%@1728,10%@1728,2%@1728,0%@1728,0%@1728] GR3D_FREQ 0% cpu@59.843C soc2@59.125C soc0@59.312C gpu@60.343C tj@60.593C soc1@60.593C VDD_IN 7656mW/7829mW VDD_CPU_GPU_CV 2019mW/2143mW VDD_SOC 2467mW/2496mW
09-08-2026 20:12:57 RAM 2826/7620MB (lfb 96x2MB) SWAP 746/3810MB (cached 1MB) CPU [0%@1728,0%@1728,2%@1728,6%@1728,0%@1728,0%@1728] GR3D_FREQ 0% cpu@59.656C soc2@59.125C soc0@59.375C gpu@60.312C tj@60.625C soc1@60.625C VDD_IN 7616mW/7829mW VDD_CPU_GPU_CV 1978mW/2142mW VDD_SOC 2467mW/2496mW
09-08-2026 20:12:58 RAM 2826/7620MB (lfb 96x2MB) SWAP 746/3810MB (cached 1MB) CPU [4%@1728,0%@1728,0%@1728,10%@1728,0%@1728,0%@1728] GR3D_FREQ 0% cpu@59.718C soc2@59.156C soc0@59.406C gpu@60.312C tj@60.5C soc1@60.5C VDD_IN 7656mW/7828mW VDD_CPU_GPU_CV 2019mW/2142mW VDD_SOC 2467mW/2496mW
09-08-2026 20:12:59 RAM 2826/7620MB (lfb 96x2MB) SWAP 746/3810MB (cached 1MB) CPU [0%@1728,1%@1728,0%@1728,10%@1728,0%@1728,0%@1728] GR3D_FREQ 0% cpu@59.843C soc2@59.062C soc0@59.375C gpu@60.468C tj@60.5C soc1@60.531C VDD_IN 7616mW/7828mW VDD_CPU_GPU_CV 1978mW/2142mW VDD_SOC 2467mW/2496mW
09-08-2026 20:13:00 RAM 2826/7620MB (lfb 96x2MB) SWAP 746/3810MB (cached 1MB) CPU [0%@1728,0%@1728,0%@1728,9%@1728,0%@1728,0%@1728] GR3D_FREQ 0% cpu@59.781C soc2@59.25C soc0@59.5C gpu@60.531C tj@60.531C soc1@60.468C VDD_IN 7656mW/7828mW VDD_CPU_GPU_CV 2019mW/2142mW VDD_SOC 2507mW/2496mW
09-08-2026 20:13:01 RAM 2864/7620MB (lfb 83x2MB) SWAP 746/3810MB (cached 1MB) CPU [16%@1728,26%@1728,21%@1728,25%@1728,36%@1728,26%@1728] GR3D_FREQ 6% cpu@60.312C soc2@59.343C soc0@59.218C gpu@60.531C tj@60.531C soc1@60.468C VDD_IN 8898mW/7829mW VDD_CPU_GPU_CV 2907mW/2143mW VDD_SOC 2588mW/2496mW
09-08-2026 20:13:02 RAM 2874/7620MB (lfb 94x2MB) SWAP 746/3810MB (cached 1MB) CPU [67%@1728,4%@1728,5%@1728,11%@1728,4%@1728,13%@1728] GR3D_FREQ 0% cpu@59.812C soc2@59.25C soc0@59.343C gpu@60.593C tj@60.656C soc1@60.656C VDD_IN 8251mW/7830mW VDD_CPU_GPU_CV 2463mW/2143mW VDD_SOC 2548mW/2496mW
09-08-2026 20:13:03 RAM 2875/7620MB (lfb 95x2MB) SWAP 746/3810MB (cached 1MB) CPU [23%@1728,1%@1728,1%@1728,9%@1728,0%@1728,0%@1728] GR3D_FREQ 31% cpu@60.281C soc2@59.375C soc0@59.312C gpu@60.718C tj@60.718C soc1@60.406C VDD_IN 8089mW/7830mW VDD_CPU_GPU_CV 2342mW/2144mW VDD_SOC 2507mW/2496mW
09-08-2026 20:13:04 RAM 2878/7620MB (lfb 95x2MB) SWAP 746/3810MB (cached 1MB) CPU [63%@1728,0%@1728,1%@1728,10%@1728,0%@1728,0%@1728] GR3D_FREQ 31% cpu@60.5C soc2@59.281C soc0@59.343C gpu@60.656C tj@60.656C soc1@60.375C VDD_IN 8534mW/7832mW VDD_CPU_GPU_CV 2624mW/2144mW VDD_SOC 2548mW/2496mW
09-08-2026 20:13:05 RAM 2885/7620MB (lfb 96x2MB) SWAP 746/3810MB (cached 1MB) CPU [97%@1728,0%@1728,0%@1728,8%@1728,0%@1728,0%@1728] GR3D_FREQ 0% cpu@60.187C soc2@59.156C soc0@59.437C gpu@60.531C tj@60.531C soc1@60.437C VDD_IN 8655mW/7833mW VDD_CPU_GPU_CV 2624mW/2145mW VDD_SOC 2588mW/2496mW
09-08-2026 20:13:06 RAM 2860/7620MB (lfb 96x2MB) SWAP 746/3810MB (cached 1MB) CPU [2%@1728,97%@1728,0%@1728,9%@1728,0%@1728,0%@1728] GR3D_FREQ 13% cpu@60.187C soc2@59.187C soc0@59.437C gpu@60.281C tj@60.562C soc1@60.593C VDD_IN 8696mW/7834mW VDD_CPU_GPU_CV 2786mW/2146mW VDD_SOC 2548mW/2496mW
09-08-2026 20:13:07 RAM 2881/7620MB (lfb 94x2MB) SWAP 746/3810MB (cached 1MB) CPU [7%@1728,82%@1728,8%@1728,16%@1728,6%@1728,7%@1728] GR3D_FREQ 0% cpu@59.875C soc2@59.187C soc0@59.218C gpu@60.187C tj@60.593C soc1@60.593C VDD_IN 8413mW/7835mW VDD_CPU_GPU_CV 2584mW/2147mW VDD_SOC 2548mW/2496mW
09-08-2026 20:13:08 RAM 2882/7620MB (lfb 95x2MB) SWAP 746/3810MB (cached 1MB) CPU [8%@1728,2%@1728,4%@1728,8%@1728,4%@1728,0%@1728] GR3D_FREQ 0% cpu@60C soc2@59.125C soc0@59.218C gpu@60.187C tj@60.562C soc1@60.562C VDD_IN 7927mW/7835mW VDD_CPU_GPU_CV 2221mW/2147mW VDD_SOC 2507mW/2496mW
09-08-2026 20:13:09 RAM 2881/7620MB (lfb 95x2MB) SWAP 746/3810MB (cached 1MB) CPU [0%@1728,0%@1728,2%@1728,1%@1728,8%@1728,0%@1728] GR3D_FREQ 0% cpu@59.687C soc2@59.093C soc0@59.312C gpu@60.187C tj@60.562C soc1@60.562C VDD_IN 7697mW/7835mW VDD_CPU_GPU_CV 2059mW/2147mW VDD_SOC 2467mW/2496mW
09-08-2026 20:13:10 RAM 2886/7620MB (lfb 94x2MB) SWAP 746/3810MB (cached 1MB) CPU [12%@1728,9%@1728,27%@1728,9%@1728,21%@1728,12%@1728] GR3D_FREQ 0% cpu@59.75C soc2@59.218C soc0@59.375C gpu@60.25C tj@60.375C soc1@60.375C VDD_IN 8089mW/7836mW VDD_CPU_GPU_CV 2342mW/2147mW VDD_SOC 2507mW/2496mW
09-08-2026 20:13:11 RAM 2886/7620MB (lfb 94x2MB) SWAP 746/3810MB (cached 1MB) CPU [0%@1728,1%@1728,0%@1728,0%@1728,10%@1728,0%@1728] GR3D_FREQ 0% cpu@59.781C soc2@58.937C soc0@59.343C gpu@60.156C tj@60.375C soc1@60.406C VDD_IN 7697mW/7835mW VDD_CPU_GPU_CV 2059mW/2147mW VDD_SOC 2467mW/2496mW
09-08-2026 20:13:12 RAM 2884/7620MB (lfb 95x2MB) SWAP 746/3810MB (cached 1MB) CPU [0%@1728,0%@1728,1%@1728,0%@1728,9%@1728,0%@1728] GR3D_FREQ 0% cpu@59.687C soc2@59.062C soc0@59.437C gpu@60.218C tj@60.437C soc1@60.437C VDD_IN 7697mW/7835mW VDD_CPU_GPU_CV 2019mW/2147mW VDD_SOC 2467mW/2496mW
09-08-2026 20:13:13 RAM 2884/7620MB (lfb 95x2MB) SWAP 746/3810MB (cached 1MB) CPU [2%@1728,1%@1728,1%@1728,0%@1728,9%@1728,0%@1728] GR3D_FREQ 0% cpu@59.937C soc2@58.968C soc0@59.218C gpu@60.156C tj@60.437C soc1@60.437C VDD_IN 7697mW/7835mW VDD_CPU_GPU_CV 2019mW/2147mW VDD_SOC 2467mW/2496mW
09-08-2026 20:13:14 RAM 2884/7620MB (lfb 95x2MB) SWAP 746/3810MB (cached 1MB) CPU [0%@1728,0%@1728,0%@1728,0%@1728,9%@1728,0%@1728] GR3D_FREQ 0% cpu@59.656C soc2@59C soc0@59.218C gpu@60.156C tj@60.531C soc1@60.531C VDD_IN 7616mW/7835mW VDD_CPU_GPU_CV 2019mW/2146mW VDD_SOC 2467mW/2496mW
09-08-2026 20:13:15 RAM 2884/7620MB (lfb 95x2MB) SWAP 746/3810MB (cached 1MB) CPU [1%@1728,1%@1728,0%@1728,0%@1728,10%@1728,0%@1728] GR3D_FREQ 0% cpu@59.593C soc2@59.093C soc0@59.218C gpu@60.187C tj@60.531C soc1@60.531C VDD_IN 7656mW/7834mW VDD_CPU_GPU_CV 2019mW/2146mW VDD_SOC 2467mW/2496mW
09-08-2026 20:13:16 RAM 2884/7620MB (lfb 95x2MB) SWAP 746/3810MB (cached 1MB) CPU [0%@1728,0%@1728,0%@1728,1%@1728,9%@1728,0%@1728] GR3D_FREQ 0% cpu@59.593C soc2@58.906C soc0@59.312C gpu@60.093C tj@60.375C soc1@60.375C VDD_IN 7616mW/7834mW VDD_CPU_GPU_CV 2019mW/2146mW VDD_SOC 2467mW/2496mW
09-08-2026 20:13:17 RAM 2884/7620MB (lfb 95x2MB) SWAP 746/3810MB (cached 1MB) CPU [0%@1728,0%@1728,1%@1728,1%@1728,10%@1728,0%@1728] GR3D_FREQ 0% cpu@59.656C soc2@58.843C soc0@59.25C gpu@60.187C tj@60.406C soc1@60.406C VDD_IN 7656mW/7834mW VDD_CPU_GPU_CV 2019mW/2146mW VDD_SOC 2467mW/2496mW
09-08-2026 20:13:18 RAM 2884/7620MB (lfb 95x2MB) SWAP 746/3810MB (cached 1MB) CPU [1%@1728,1%@1728,2%@1728,0%@1728,9%@1728,0%@1728] GR3D_FREQ 0% cpu@59.781C soc2@58.75C soc0@59.343C gpu@60.062C tj@60.375C soc1@60.375C VDD_IN 7656mW/7833mW VDD_CPU_GPU_CV 2019mW/2146mW VDD_SOC 2467mW/2496mW
09-08-2026 20:13:19 RAM 2884/7620MB (lfb 95x2MB) SWAP 746/3810MB (cached 1MB) CPU [0%@1728,0%@1728,0%@1728,0%@1728,10%@1728,0%@1728] GR3D_FREQ 0% cpu@59.625C soc2@59.187C soc0@59.156C gpu@60.343C tj@60.406C soc1@60.406C VDD_IN 7616mW/7833mW VDD_CPU_GPU_CV 2019mW/2145mW VDD_SOC 2507mW/2496mW
09-08-2026 20:13:20 RAM 2884/7620MB (lfb 95x2MB) SWAP 746/3810MB (cached 1MB) CPU [0%@1728,0%@1728,0%@1728,1%@1728,10%@1728,0%@1728] GR3D_FREQ 1% cpu@59.656C soc2@58.968C soc0@59.218C gpu@60.437C tj@60.437C soc1@60.375C VDD_IN 7737mW/7833mW VDD_CPU_GPU_CV 2099mW/2145mW VDD_SOC 2507mW/2496mW
09-08-2026 20:13:21 RAM 2884/7620MB (lfb 95x2MB) SWAP 746/3810MB (cached 1MB) CPU [0%@1728,0%@1728,0%@1728,0%@1728,10%@1728,0%@1728] GR3D_FREQ 0% cpu@59.562C soc2@59.093C soc0@59.218C gpu@60.406C tj@60.406C soc1@60.406C VDD_IN 7737mW/7833mW VDD_CPU_GPU_CV 2099mW/2145mW VDD_SOC 2507mW/2496mW
09-08-2026 20:13:22 RAM 2884/7620MB (lfb 95x2MB) SWAP 746/3810MB (cached 1MB) CPU [0%@1728,2%@1728,0%@1728,0%@1728,10%@1728,0%@1728] GR3D_FREQ 31% cpu@59.625C soc2@59C soc0@59.156C gpu@60.437C tj@60.437C soc1@60.312C VDD_IN 7778mW/7833mW VDD_CPU_GPU_CV 2099mW/2145mW VDD_SOC 2507mW/2496mW
09-08-2026 20:13:23 RAM 2879/7620MB (lfb 95x2MB) SWAP 746/3810MB (cached 1MB) CPU [0%@1728,0%@1728,6%@1728,0%@1728,9%@1728,0%@1728] GR3D_FREQ 31% cpu@59.562C soc2@58.937C soc0@59.218C gpu@60.406C tj@60.406C soc1@60.375C VDD_IN 7818mW/7833mW VDD_CPU_GPU_CV 2140mW/2145mW VDD_SOC 2507mW/2496mW
09-08-2026 20:13:24 RAM 2879/7620MB (lfb 95x2MB) SWAP 746/3810MB (cached 1MB) CPU [0%@1728,0%@1728,1%@1728,0%@1728,9%@1728,0%@1728] GR3D_FREQ 2% cpu@59.593C soc2@59C soc0@59.093C gpu@60.375C tj@60.437C soc1@60.437C VDD_IN 7697mW/7832mW VDD_CPU_GPU_CV 2059mW/2145mW VDD_SOC 2507mW/2496mW
09-08-2026 20:13:25 RAM 2875/7620MB (lfb 96x2MB) SWAP 746/3810MB (cached 1MB) CPU [13%@1728,9%@1728,10%@1728,9%@1728,20%@1728,12%@1728] GR3D_FREQ 20% cpu@59.812C soc2@59.125C soc0@59.093C gpu@60.468C tj@60.468C soc1@60.406C VDD_IN 8251mW/7833mW VDD_CPU_GPU_CV 2463mW/2146mW VDD_SOC 2548mW/2496mW
09-08-2026 20:13:26 RAM 2875/7620MB (lfb 96x2MB) SWAP 746/3810MB (cached 1MB) CPU [10%@1728,0%@1728,0%@1728,0%@1728,0%@1728,0%@1728] GR3D_FREQ 0% cpu@59.593C soc2@59C soc0@59.218C gpu@60.437C tj@60.437C soc1@60.5C VDD_IN 7737mW/7833mW VDD_CPU_GPU_CV 2059mW/2145mW VDD_SOC 2507mW/2496mW
09-08-2026 20:13:27 RAM 2875/7620MB (lfb 96x2MB) SWAP 746/3810MB (cached 1MB) CPU [9%@1728,0%@1728,1%@1728,0%@1728,0%@1728,0%@1728] GR3D_FREQ 0% cpu@59.562C soc2@58.937C soc0@59.093C gpu@60.062C tj@60.281C soc1@60.281C VDD_IN 7697mW/7833mW VDD_CPU_GPU_CV 2059mW/2145mW VDD_SOC 2467mW/2496mW
09-08-2026 20:13:28 RAM 2876/7620MB (lfb 96x2MB) SWAP 746/3810MB (cached 1MB) CPU [9%@1728,0%@1728,2%@1728,2%@1728,0%@1728,0%@1728] GR3D_FREQ 0% cpu@59.531C soc2@58.906C soc0@59.156C gpu@60.031C tj@60.25C soc1@60.25C VDD_IN 7697mW/7832mW VDD_CPU_GPU_CV 2059mW/2145mW VDD_SOC 2467mW/2496mW
09-08-2026 20:13:29 RAM 2876/7620MB (lfb 96x2MB) SWAP 746/3810MB (cached 1MB) CPU [9%@1728,0%@1728,0%@1728,0%@1728,0%@1728,0%@1728] GR3D_FREQ 0% cpu@59.656C soc2@58.843C soc0@59.281C gpu@60.093C tj@60.281C soc1@60.281C VDD_IN 7656mW/7832mW VDD_CPU_GPU_CV 2019mW/2145mW VDD_SOC 2467mW/2496mW
09-08-2026 20:13:30 RAM 2878/7620MB (lfb 96x2MB) SWAP 746/3810MB (cached 1MB) CPU [9%@1728,0%@1728,0%@1728,1%@1728,0%@1728,0%@1728] GR3D_FREQ 0% cpu@59.625C soc2@58.843C soc0@59.281C gpu@59.968C tj@60.375C soc1@60.375C VDD_IN 7697mW/7832mW VDD_CPU_GPU_CV 2059mW/2145mW VDD_SOC 2467mW/2496mW
09-08-2026 20:13:31 RAM 2883/7620MB (lfb 94x2MB) SWAP 746/3810MB (cached 1MB) CPU [12%@1728,11%@1728,7%@1728,13%@1728,9%@1728,20%@1728] GR3D_FREQ 0% cpu@59.687C soc2@58.968C soc0@59.125C gpu@60.093C tj@60.375C soc1@60.375C VDD_IN 7806mW/7832mW VDD_CPU_GPU_CV 2140mW/2145mW VDD_SOC 2507mW/2496mW
09-08-2026 20:13:32 RAM 2884/7620MB (lfb 94x2MB) SWAP 746/3810MB (cached 1MB) CPU [2%@1728,10%@1728,0%@1728,0%@1728,0%@1728,0%@1728] GR3D_FREQ 0% cpu@59.5C soc2@58.906C soc0@59.156C gpu@60C tj@60.375C soc1@60.375C VDD_IN 7656mW/7832mW VDD_CPU_GPU_CV 2019mW/2145mW VDD_SOC 2467mW/2496mW
09-08-2026 20:13:33 RAM 2884/7620MB (lfb 94x2MB) SWAP 746/3810MB (cached 1MB) CPU [0%@1728,7%@1728,2%@1728,0%@1728,0%@1728,0%@1728] GR3D_FREQ 0% cpu@59.531C soc2@58.968C soc0@59.093C gpu@60C tj@60.312C soc1@60.312C VDD_IN 7656mW/7831mW VDD_CPU_GPU_CV 2019mW/2144mW VDD_SOC 2467mW/2496mW
09-08-2026 20:13:34 RAM 2884/7620MB (lfb 94x2MB) SWAP 746/3810MB (cached 1MB) CPU [0%@1728,9%@1728,0%@1728,0%@1728,0%@1728,0%@1728] GR3D_FREQ 0% cpu@59.437C soc2@58.906C soc0@59.218C gpu@60.031C tj@60.343C soc1@60.343C VDD_IN 7616mW/7831mW VDD_CPU_GPU_CV 1978mW/2144mW VDD_SOC 2467mW/2496mW
09-08-2026 20:13:35 RAM 2884/7620MB (lfb 94x2MB) SWAP 746/3810MB (cached 1MB) CPU [0%@1728,9%@1728,2%@1728,0%@1728,0%@1728,0%@1728] GR3D_FREQ 0% cpu@59.437C soc2@58.843C soc0@59.25C gpu@60.093C tj@60.312C soc1@60.312C VDD_IN 7616mW/7831mW VDD_CPU_GPU_CV 1978mW/2144mW VDD_SOC 2467mW/2496mW
09-08-2026 20:13:36 RAM 2884/7620MB (lfb 94x2MB) SWAP 746/3810MB (cached 1MB) CPU [1%@1728,7%@1728,2%@1728,0%@1728,1%@1728,0%@1728] GR3D_FREQ 0% cpu@59.687C soc2@58.812C soc0@59.312C gpu@60.093C tj@60.375C soc1@60.375C VDD_IN 7616mW/7830mW VDD_CPU_GPU_CV 1978mW/2144mW VDD_SOC 2467mW/2496mW
09-08-2026 20:13:37 RAM 2884/7620MB (lfb 94x2MB) SWAP 746/3810MB (cached 1MB) CPU [1%@1728,4%@1728,6%@1728,0%@1728,0%@1728,0%@1728] GR3D_FREQ 0% cpu@59.437C soc2@58.937C soc0@59.125C gpu@60.093C tj@60.437C soc1@60.437C VDD_IN 7616mW/7830mW VDD_CPU_GPU_CV 1978mW/2143mW VDD_SOC 2467mW/2496mW
09-08-2026 20:13:38 RAM 2886/7620MB (lfb 93x2MB) SWAP 746/3810MB (cached 1MB) CPU [2%@1728,6%@1728,7%@1728,4%@1728,0%@1728,8%@1728] GR3D_FREQ 0% cpu@59.75C soc2@59C soc0@59.093C gpu@60.031C tj@60.437C soc1@60.437C VDD_IN 7806mW/7830mW VDD_CPU_GPU_CV 2140mW/2143mW VDD_SOC 2507mW/2496mW
09-08-2026 20:13:39 RAM 2886/7620MB (lfb 93x2MB) SWAP 746/3810MB (cached 1MB) CPU [1%@1728,6%@1728,7%@1728,2%@1728,0%@1728,0%@1728] GR3D_FREQ 0% cpu@59.562C soc2@59.093C soc0@59.187C gpu@60.062C tj@60.531C soc1@60.531C VDD_IN 7778mW/7830mW VDD_CPU_GPU_CV 2099mW/2143mW VDD_SOC 2507mW/2496mW
09-08-2026 20:13:40 RAM 2886/7620MB (lfb 93x2MB) SWAP 746/3810MB (cached 1MB) CPU [2%@1728,4%@1728,6%@1728,0%@1728,0%@1728,0%@1728] GR3D_FREQ 0% cpu@59.625C soc2@59C soc0@59.187C gpu@60.093C tj@60.281C soc1@60.281C VDD_IN 7737mW/7830mW VDD_CPU_GPU_CV 2099mW/2143mW VDD_SOC 2507mW/2496mW
09-08-2026 20:13:41 RAM 2886/7620MB (lfb 93x2MB) SWAP 746/3810MB (cached 1MB) CPU [0%@1728,5%@1728,5%@1728,0%@1728,0%@1728,0%@1728] GR3D_FREQ 31% cpu@59.812C soc2@58.906C soc0@59.218C gpu@60.156C tj@60.375C soc1@60.375C VDD_IN 7737mW/7830mW VDD_CPU_GPU_CV 2099mW/2143mW VDD_SOC 2507mW/2496mW
09-08-2026 20:13:42 RAM 2884/7620MB (lfb 94x2MB) SWAP 746/3810MB (cached 1MB) CPU [1%@1728,3%@1728,4%@1728,3%@1728,0%@1728,0%@1728] GR3D_FREQ 30% cpu@59.687C soc2@58.906C soc0@59.281C gpu@60.156C tj@60.281C soc1@60.281C VDD_IN 7737mW/7830mW VDD_CPU_GPU_CV 2099mW/2143mW VDD_SOC 2507mW/2496mW
09-08-2026 20:13:43 RAM 2884/7620MB (lfb 94x2MB) SWAP 746/3810MB (cached 1MB) CPU [1%@1728,2%@1728,7%@1728,4%@1728,0%@1728,0%@1728] GR3D_FREQ 9% cpu@59.781C soc2@58.906C soc0@59.156C gpu@60.031C tj@60.343C soc1@60.343C VDD_IN 7737mW/7829mW VDD_CPU_GPU_CV 2099mW/2143mW VDD_SOC 2507mW/2496mW
09-08-2026 20:13:44 RAM 2884/7620MB (lfb 94x2MB) SWAP 746/3810MB (cached 1MB) CPU [0%@1728,1%@1728,1%@1728,9%@1728,0%@1728,0%@1728] GR3D_FREQ 26% cpu@59.437C soc2@59C soc0@59.125C gpu@60.187C tj@60.343C soc1@60.343C VDD_IN 7697mW/7829mW VDD_CPU_GPU_CV 2059mW/2143mW VDD_SOC 2467mW/2496mW
09-08-2026 20:13:45 RAM 2884/7620MB (lfb 94x2MB) SWAP 746/3810MB (cached 1MB) CPU [0%@1728,0%@1728,0%@1728,9%@1728,0%@1728,0%@1728] GR3D_FREQ 0% cpu@59.5C soc2@59.031C soc0@59.156C gpu@60.125C tj@60.375C soc1@60.375C VDD_IN 7697mW/7829mW VDD_CPU_GPU_CV 2059mW/2143mW VDD_SOC 2467mW/2496mW
09-08-2026 20:13:46 RAM 2884/7620MB (lfb 94x2MB) SWAP 746/3810MB (cached 1MB) CPU [0%@1728,1%@1728,1%@1728,9%@1728,0%@1728,0%@1728] GR3D_FREQ 0% cpu@59.5C soc2@58.968C soc0@59.187C gpu@60.156C tj@60.218C soc1@60.218C VDD_IN 7697mW/7829mW VDD_CPU_GPU_CV 2059mW/2143mW VDD_SOC 2467mW/2496mW
09-08-2026 20:13:47 RAM 2884/7620MB (lfb 94x2MB) SWAP 746/3810MB (cached 1MB) CPU [1%@1728,0%@1728,0%@1728,10%@1728,0%@1728,0%@1728] GR3D_FREQ 0% cpu@59.562C soc2@58.812C soc0@59.125C gpu@60.125C tj@60.375C soc1@60.25C VDD_IN 7697mW/7829mW VDD_CPU_GPU_CV 2059mW/2143mW VDD_SOC 2467mW/2496mW
09-08-2026 20:13:48 RAM 2884/7620MB (lfb 94x2MB) SWAP 746/3810MB (cached 1MB) CPU [2%@1728,1%@1728,1%@1728,8%@1728,0%@1728,0%@1728] GR3D_FREQ 0% cpu@59.687C soc2@58.906C soc0@59.218C gpu@59.937C tj@60.281C soc1@60.281C VDD_IN 7697mW/7828mW VDD_CPU_GPU_CV 2059mW/2142mW VDD_SOC 2467mW/2496mW
09-08-2026 20:13:49 RAM 2868/7620MB (lfb 89x2MB) SWAP 746/3810MB (cached 1MB) CPU [11%@1728,6%@1728,5%@1728,14%@1728,3%@1728,3%@1728] GR3D_FREQ 0% cpu@60.156C soc2@58.968C soc0@59.187C gpu@60.437C tj@60.437C soc1@60.281C VDD_IN 8210mW/7829mW VDD_CPU_GPU_CV 2423mW/2143mW VDD_SOC 2548mW/2496mW
09-08-2026 20:13:50 RAM 2829/7620MB (lfb 98x2MB) SWAP 746/3810MB (cached 1MB) CPU [15%@1728,9%@1728,7%@1728,8%@1728,6%@1728,17%@1728] GR3D_FREQ 0% cpu@59.531C soc2@58.843C soc0@59.218C gpu@60.031C tj@60.406C soc1@60.406C VDD_IN 7806mW/7829mW VDD_CPU_GPU_CV 2140mW/2143mW VDD_SOC 2507mW/2496mW
09-08-2026 20:13:51 RAM 2829/7620MB (lfb 98x2MB) SWAP 746/3810MB (cached 1MB) CPU [10%@1728,1%@1728,0%@1728,0%@1728,0%@1728,0%@1728] GR3D_FREQ 0% cpu@59.625C soc2@58.937C soc0@59.062C gpu@60.062C tj@60.312C soc1@60.312C VDD_IN 7656mW/7829mW VDD_CPU_GPU_CV 2019mW/2143mW VDD_SOC 2467mW/2496mW
09-08-2026 20:13:52 RAM 2829/7620MB (lfb 98x2MB) SWAP 746/3810MB (cached 1MB) CPU [7%@1728,2%@1728,0%@1728,0%@1728,0%@1728,0%@1728] GR3D_FREQ 0% cpu@59.5C soc2@58.906C soc0@59.031C gpu@60.156C tj@60.343C soc1@60.343C VDD_IN 7616mW/7828mW VDD_CPU_GPU_CV 2019mW/2143mW VDD_SOC 2467mW/2496mW
09-08-2026 20:13:53 RAM 2830/7620MB (lfb 98x2MB) SWAP 746/3810MB (cached 1MB) CPU [7%@1728,3%@1728,0%@1728,2%@1728,0%@1728,0%@1728] GR3D_FREQ 0% cpu@59.468C soc2@58.937C soc0@59.187C gpu@60.031C tj@60.406C soc1@60.406C VDD_IN 7616mW/7828mW VDD_CPU_GPU_CV 2019mW/2142mW VDD_SOC 2467mW/2496mW
09-08-2026 20:13:54 RAM 2830/7620MB (lfb 98x2MB) SWAP 746/3810MB (cached 1MB) CPU [8%@1728,0%@1728,1%@1728,0%@1728,0%@1728,0%@1728] GR3D_FREQ 0% cpu@59.437C soc2@58.937C soc0@59.093C gpu@59.968C tj@60.468C soc1@60.468C VDD_IN 7616mW/7828mW VDD_CPU_GPU_CV 1978mW/2142mW VDD_SOC 2467mW/2496mW
09-08-2026 20:13:55 RAM 2836/7620MB (lfb 97x2MB) SWAP 746/3810MB (cached 1MB) CPU [19%@1728,20%@1728,23%@1728,21%@1728,19%@1728,14%@1728] GR3D_FREQ 0% cpu@60.593C soc2@59.093C soc0@59.156C gpu@60.187C tj@60.593C soc1@60.343C VDD_IN 8777mW/7829mW VDD_CPU_GPU_CV 2867mW/2143mW VDD_SOC 2588mW/2496mW
09-08-2026 20:13:56 RAM 2836/7620MB (lfb 96x2MB) SWAP 746/3810MB (cached 1MB) CPU [26%@1728,8%@1728,11%@1728,16%@1728,27%@1728,16%@1728] GR3D_FREQ 0% cpu@59.718C soc2@59.25C soc0@59.218C gpu@60.062C tj@60.312C soc1@60.312C VDD_IN 8049mW/7829mW VDD_CPU_GPU_CV 2342mW/2143mW VDD_SOC 2507mW/2496mW
09-08-2026 20:13:57 RAM 2836/7620MB (lfb 96x2MB) SWAP 746/3810MB (cached 1MB) CPU [0%@1728,0%@1728,0%@1728,0%@1728,9%@1728,1%@1728] GR3D_FREQ 4% cpu@59.625C soc2@58.968C soc0@59.031C gpu@60.062C tj@60.375C soc1@60.375C VDD_IN 7766mW/7829mW VDD_CPU_GPU_CV 2099mW/2143mW VDD_SOC 2507mW/2496mW
09-08-2026 20:13:58 RAM 2833/7620MB (lfb 98x2MB) SWAP 746/3810MB (cached 1MB) CPU [3%@1728,1%@1728,0%@1728,2%@1728,0%@1728,10%@1728] GR3D_FREQ 0% cpu@59.718C soc2@58.937C soc0@59.093C gpu@60.031C tj@60.375C soc1@60.375C VDD_IN 7766mW/7829mW VDD_CPU_GPU_CV 2099mW/2143mW VDD_SOC 2507mW/2496mW
09-08-2026 20:13:59 RAM 2833/7620MB (lfb 98x2MB) SWAP 746/3810MB (cached 1MB) CPU [1%@1728,1%@1728,0%@1728,0%@1728,0%@1728,8%@1728] GR3D_FREQ 31% cpu@59.437C soc2@58.906C soc0@59.187C gpu@60.156C tj@60.5C soc1@60.5C VDD_IN 7737mW/7829mW VDD_CPU_GPU_CV 2059mW/2143mW VDD_SOC 2507mW/2496mW
09-08-2026 20:14:00 RAM 2833/7620MB (lfb 98x2MB) SWAP 746/3810MB (cached 1MB) CPU [1%@1728,1%@1728,0%@1728,0%@1728,9%@1728,0%@1728] GR3D_FREQ 31% cpu@59.531C soc2@59C soc0@59.156C gpu@60.031C tj@60.218C soc1@60.218C VDD_IN 7737mW/7829mW VDD_CPU_GPU_CV 2059mW/2143mW VDD_SOC 2467mW/2496mW
09-08-2026 20:14:01 RAM 2833/7620MB (lfb 98x2MB) SWAP 746/3810MB (cached 1MB) CPU [1%@1728,0%@1728,1%@1728,0%@1728,9%@1728,0%@1728] GR3D_FREQ 0% cpu@59.562C soc2@58.875C soc0@59.218C gpu@60.062C tj@60.25C soc1@60.25C VDD_IN 7737mW/7829mW VDD_CPU_GPU_CV 2059mW/2143mW VDD_SOC 2507mW/2496mW
09-08-2026 20:14:02 RAM 2833/7620MB (lfb 98x2MB) SWAP 746/3810MB (cached 1MB) CPU [1%@1728,0%@1728,0%@1728,0%@1728,8%@1728,0%@1728] GR3D_FREQ 15% cpu@59.625C soc2@58.968C soc0@59.25C gpu@60.125C tj@60.375C soc1@60.375C VDD_IN 7697mW/7829mW VDD_CPU_GPU_CV 2059mW/2143mW VDD_SOC 2467mW/2496mW
09-08-2026 20:14:03 RAM 2834/7620MB (lfb 98x2MB) SWAP 746/3810MB (cached 1MB) CPU [1%@1728,1%@1728,1%@1728,0%@1728,9%@1728,0%@1728] GR3D_FREQ 0% cpu@59.687C soc2@58.906C soc0@59.093C gpu@60.062C tj@60.375C soc1@60.375C VDD_IN 7697mW/7828mW VDD_CPU_GPU_CV 2059mW/2143mW VDD_SOC 2467mW/2496mW
09-08-2026 20:14:04 RAM 2834/7620MB (lfb 98x2MB) SWAP 746/3810MB (cached 1MB) CPU [0%@1728,0%@1728,0%@1728,0%@1728,9%@1728,0%@1728] GR3D_FREQ 0% cpu@59.468C soc2@58.906C soc0@59.125C gpu@60.156C tj@60.468C soc1@60.468C VDD_IN 7656mW/7828mW VDD_CPU_GPU_CV 2019mW/2143mW VDD_SOC 2467mW/2496mW
09-08-2026 20:14:05 RAM 2834/7620MB (lfb 98x2MB) SWAP 746/3810MB (cached 1MB) CPU [0%@1728,0%@1728,0%@1728,0%@1728,9%@1728,0%@1728] GR3D_FREQ 0% cpu@59.468C soc2@58.843C soc0@59.093C gpu@60.062C tj@60.437C soc1@60.437C VDD_IN 7656mW/7828mW VDD_CPU_GPU_CV 2019mW/2142mW VDD_SOC 2467mW/2496mW
09-08-2026 20:14:06 RAM 2834/7620MB (lfb 98x2MB) SWAP 746/3810MB (cached 1MB) CPU [0%@1728,0%@1728,0%@1728,0%@1728,9%@1728,0%@1728] GR3D_FREQ 0% cpu@59.406C soc2@59.031C soc0@59.125C gpu@60.093C tj@60.218C soc1@60.218C VDD_IN 7656mW/7828mW VDD_CPU_GPU_CV 2019mW/2142mW VDD_SOC 2467mW/2496mW
09-08-2026 20:14:07 RAM 2834/7620MB (lfb 98x2MB) SWAP 746/3810MB (cached 1MB) CPU [0%@1728,0%@1728,0%@1728,0%@1728,9%@1728,0%@1728] GR3D_FREQ 0% cpu@59.5C soc2@58.875C soc0@59.093C gpu@60.031C tj@60.343C soc1@60.343C VDD_IN 7656mW/7827mW VDD_CPU_GPU_CV 2019mW/2142mW VDD_SOC 2467mW/2496mW
09-08-2026 20:14:08 RAM 2835/7620MB (lfb 96x2MB) SWAP 746/3810MB (cached 1MB) CPU [3%@1728,5%@1728,2%@1728,3%@1728,14%@1728,1%@1728] GR3D_FREQ 0% cpu@59.656C soc2@58.875C soc0@59.218C gpu@60.156C tj@60.375C soc1@60.375C VDD_IN 7806mW/7827mW VDD_CPU_GPU_CV 2140mW/2142mW VDD_SOC 2507mW/2496mW
09-08-2026 20:14:09 RAM 2848/7620MB (lfb 95x2MB) SWAP 746/3810MB (cached 1MB) CPU [19%@1728,25%@1728,17%@1728,35%@1728,23%@1728,13%@1728] GR3D_FREQ 0% cpu@60.437C soc2@59.156C soc0@59.218C gpu@60.156C tj@60.375C soc1@60.375C VDD_IN 8777mW/7829mW VDD_CPU_GPU_CV 2867mW/2143mW VDD_SOC 2588mW/2496mW
09-08-2026 20:14:10 RAM 2869/7620MB (lfb 95x2MB) SWAP 746/3810MB (cached 1MB) CPU [5%@1728,8%@1728,1%@1728,43%@1728,11%@1728,2%@1728] GR3D_FREQ 0% cpu@59.937C soc2@59.031C soc0@59.093C gpu@60.093C tj@60.406C soc1@60.406C VDD_IN 7968mW/7829mW VDD_CPU_GPU_CV 2261mW/2143mW VDD_SOC 2507mW/2496mW
09-08-2026 20:14:11 RAM 2874/7620MB (lfb 95x2MB) SWAP 746/3810MB (cached 1MB) CPU [2%@1728,1%@1728,1%@1728,29%@1728,9%@1728,0%@1728] GR3D_FREQ 0% cpu@59.687C soc2@58.937C soc0@59.156C gpu@59.968C tj@60.5C soc1@60.5C VDD_IN 7968mW/7829mW VDD_CPU_GPU_CV 2261mW/2143mW VDD_SOC 2507mW/2496mW
09-08-2026 20:14:12 RAM 2879/7620MB (lfb 95x2MB) SWAP 746/3810MB (cached 1MB) CPU [1%@1728,1%@1728,0%@1728,73%@1728,9%@1728,0%@1728] GR3D_FREQ 0% cpu@60.218C soc2@59.062C soc0@59.156C gpu@60.062C tj@60.343C soc1@60.343C VDD_IN 8494mW/7830mW VDD_CPU_GPU_CV 2665mW/2144mW VDD_SOC 2548mW/2496mW
09-08-2026 20:14:13 RAM 2849/7620MB (lfb 96x2MB) SWAP 746/3810MB (cached 1MB) CPU [3%@1728,19%@1728,0%@1728,81%@1728,9%@1728,0%@1728] GR3D_FREQ 0% cpu@60C soc2@59.031C soc0@59.218C gpu@60.093C tj@60.375C soc1@60.375C VDD_IN 8615mW/7831mW VDD_CPU_GPU_CV 2665mW/2145mW VDD_SOC 2588mW/2496mW
09-08-2026 20:14:14 RAM 2865/7620MB (lfb 96x2MB) SWAP 746/3810MB (cached 1MB) CPU [0%@1728,100%@1728,2%@1728,0%@1728,9%@1728,0%@1728] GR3D_FREQ 0% cpu@60C soc2@59.031C soc0@59.406C gpu@60.218C tj@60.406C soc1@60.406C VDD_IN 8615mW/7832mW VDD_CPU_GPU_CV 2705mW/2146mW VDD_SOC 2548mW/2496mW
09-08-2026 20:14:15 RAM 2883/7620MB (lfb 94x2MB) SWAP 746/3810MB (cached 1MB) CPU [7%@1728,69%@1728,8%@1728,7%@1728,16%@1728,8%@1728] GR3D_FREQ 0% cpu@59.968C soc2@59.187C soc0@59.187C gpu@60.218C tj@60.5C soc1@60.5C VDD_IN 8130mW/7833mW VDD_CPU_GPU_CV 2423mW/2146mW VDD_SOC 2507mW/2496mW
09-08-2026 20:14:16 RAM 2885/7620MB (lfb 94x2MB) SWAP 746/3810MB (cached 1MB) CPU [2%@1728,8%@1728,1%@1728,0%@1728,9%@1728,0%@1728] GR3D_FREQ 0% cpu@59.656C soc2@59.125C soc0@59.218C gpu@60.156C tj@60.437C soc1@60.437C VDD_IN 7806mW/7833mW VDD_CPU_GPU_CV 2140mW/2146mW VDD_SOC 2507mW/2496mW
09-08-2026 20:14:17 RAM 2887/7620MB (lfb 94x2MB) SWAP 746/3810MB (cached 1MB) CPU [0%@1728,1%@1728,1%@1728,9%@1728,10%@1728,0%@1728] GR3D_FREQ 0% cpu@59.625C soc2@59.187C soc0@59.218C gpu@60.218C tj@60.625C soc1@60.625C VDD_IN 7806mW/7833mW VDD_CPU_GPU_CV 2140mW/2146mW VDD_SOC 2507mW/2496mW
09-08-2026 20:14:18 RAM 2895/7620MB (lfb 93x2MB) SWAP 746/3810MB (cached 1MB) CPU [23%@1728,20%@1728,12%@1728,20%@1728,14%@1728,10%@1728] GR3D_FREQ 31% cpu@59.937C soc2@59.25C soc0@59.218C gpu@60.25C tj@60.375C soc1@60.375C VDD_IN 8210mW/7833mW VDD_CPU_GPU_CV 2423mW/2147mW VDD_SOC 2548mW/2496mW
09-08-2026 20:14:19 RAM 2895/7620MB (lfb 93x2MB) SWAP 746/3810MB (cached 1MB) CPU [18%@1728,11%@1728,1%@1728,16%@1728,0%@1728,0%@1728] GR3D_FREQ 31% cpu@59.906C soc2@59.062C soc0@59.312C gpu@60.25C tj@60.5C soc1@60.5C VDD_IN 7968mW/7834mW VDD_CPU_GPU_CV 2261mW/2147mW VDD_SOC 2507mW/2496mW
09-08-2026 20:14:20 RAM 2895/7620MB (lfb 93x2MB) SWAP 746/3810MB (cached 1MB) CPU [14%@1728,9%@1728,0%@1728,9%@1728,0%@1728,0%@1728] GR3D_FREQ 7% cpu@60.031C soc2@59.093C soc0@59.406C gpu@60.218C tj@60.437C soc1@60.437C VDD_IN 7968mW/7834mW VDD_CPU_GPU_CV 2221mW/2147mW VDD_SOC 2507mW/2496mW
09-08-2026 20:14:21 RAM 2889/7620MB (lfb 93x2MB) SWAP 746/3810MB (cached 1MB) CPU [9%@1728,11%@1728,1%@1728,7%@1728,0%@1728,0%@1728] GR3D_FREQ 23% cpu@59.812C soc2@59.093C soc0@59.25C gpu@60.281C tj@60.5C soc1@60.5C VDD_IN 7766mW/7834mW VDD_CPU_GPU_CV 2099mW/2147mW VDD_SOC 2507mW/2496mW
09-08-2026 20:14:22 RAM 2889/7620MB (lfb 93x2MB) SWAP 746/3810MB (cached 1MB) CPU [0%@1728,7%@1728,8%@1728,1%@1728,0%@1728,0%@1728] GR3D_FREQ 0% cpu@59.718C soc2@59.093C soc0@59.218C gpu@60.218C tj@60.531C soc1@60.531C VDD_IN 7737mW/7834mW VDD_CPU_GPU_CV 2059mW/2147mW VDD_SOC 2507mW/2496mW
09-08-2026 20:14:23 RAM 2893/7620MB (lfb 93x2MB) SWAP 746/3810MB (cached 1MB) CPU [9%@1728,1%@1728,0%@1728,10%@1728,0%@1728,0%@1728] GR3D_FREQ 0% cpu@59.656C soc2@59.062C soc0@59.25C gpu@60.281C tj@60.593C soc1@60.593C VDD_IN 7737mW/7833mW VDD_CPU_GPU_CV 2059mW/2146mW VDD_SOC 2507mW/2496mW
09-08-2026 20:14:24 RAM 2896/7620MB (lfb 93x2MB) SWAP 746/3810MB (cached 1MB) CPU [13%@1728,13%@1728,0%@1728,4%@1728,0%@1728,0%@1728] GR3D_FREQ 0% cpu@59.937C soc2@59.156C soc0@59.25C gpu@60.25C tj@60.437C soc1@60.437C VDD_IN 7887mW/7833mW VDD_CPU_GPU_CV 2180mW/2147mW VDD_SOC 2507mW/2496mW
09-08-2026 20:14:25 RAM 2901/7620MB (lfb 93x2MB) SWAP 746/3810MB (cached 1MB) CPU [21%@1728,4%@1728,8%@1728,8%@1728,1%@1728,0%@1728] GR3D_FREQ 0% cpu@59.781C soc2@59.156C soc0@59.343C gpu@60.281C tj@60.5C soc1@60.5C VDD_IN 7887mW/7834mW VDD_CPU_GPU_CV 2180mW/2147mW VDD_SOC 2507mW/2496mW
09-08-2026 20:14:26 RAM 2903/7620MB (lfb 93x2MB) SWAP 745/3810MB (cached 1MB) CPU [22%@1728,1%@1728,1%@1728,5%@1728,10%@1728,1%@1728] GR3D_FREQ 0% cpu@59.843C soc2@59.187C soc0@59.343C gpu@60.343C tj@60.5C soc1@60.5C VDD_IN 7887mW/7834mW VDD_CPU_GPU_CV 2180mW/2147mW VDD_SOC 2507mW/2496mW
09-08-2026 20:14:27 RAM 2903/7620MB (lfb 93x2MB) SWAP 745/3810MB (cached 1MB) CPU [18%@1728,1%@1728,0%@1728,9%@1728,9%@1728,0%@1728] GR3D_FREQ 0% cpu@59.75C soc2@59.187C soc0@59.281C gpu@60.312C tj@60.562C soc1@60.562C VDD_IN 7887mW/7834mW VDD_CPU_GPU_CV 2180mW/2147mW VDD_SOC 2507mW/2496mW
09-08-2026 20:14:28 RAM 2901/7620MB (lfb 93x2MB) SWAP 745/3810MB (cached 1MB) CPU [28%@1728,0%@1728,11%@1728,8%@1728,10%@1728,0%@1728] GR3D_FREQ 0% cpu@60.406C soc2@59.281C soc0@59.281C gpu@60.375C tj@60.593C soc1@60.593C VDD_IN 8210mW/7834mW VDD_CPU_GPU_CV 2342mW/2147mW VDD_SOC 2548mW/2496mW
09-08-2026 20:14:29 RAM 2901/7620MB (lfb 92x2MB) SWAP 745/3810MB (cached 1MB) CPU [18%@1728,1%@1728,6%@1728,10%@1728,12%@1728,0%@1728] GR3D_FREQ 0% cpu@59.843C soc2@59.187C soc0@59.343C gpu@60.656C tj@60.656C soc1@60.406C VDD_IN 8049mW/7835mW VDD_CPU_GPU_CV 2261mW/2147mW VDD_SOC 2548mW/2496mW
09-08-2026 20:14:30 RAM 2895/7620MB (lfb 92x2MB) SWAP 745/3810MB (cached 1MB) CPU [15%@1728,8%@1728,0%@1728,6%@1728,5%@1728,0%@1728] GR3D_FREQ 0% cpu@59.75C soc2@59.156C soc0@59.375C gpu@60.656C tj@60.656C soc1@60.5C VDD_IN 7766mW/7834mW VDD_CPU_GPU_CV 2099mW/2147mW VDD_SOC 2507mW/2496mW
09-08-2026 20:14:31 RAM 2897/7620MB (lfb 92x2MB) SWAP 745/3810MB (cached 1MB) CPU [0%@1728,0%@1728,0%@1728,0%@1728,13%@1728,4%@1728] GR3D_FREQ 0% cpu@59.906C soc2@59.093C soc0@59.437C gpu@60.187C tj@60.5C soc1@60.5C VDD_IN 7656mW/7834mW VDD_CPU_GPU_CV 2019mW/2147mW VDD_SOC 2467mW/2496mW
09-08-2026 20:14:32 RAM 2897/7620MB (lfb 92x2MB) SWAP 745/3810MB (cached 1MB) CPU [0%@1728,0%@1728,0%@1728,8%@1728,10%@1728,0%@1728] GR3D_FREQ 0% cpu@59.687C soc2@59.156C soc0@59.281C gpu@60.156C tj@60.5C soc1@60.5C VDD_IN 7656mW/7834mW VDD_CPU_GPU_CV 2019mW/2147mW VDD_SOC 2467mW/2496mW
09-08-2026 20:14:33 RAM 2902/7620MB (lfb 92x2MB) SWAP 745/3810MB (cached 1MB) CPU [13%@1728,2%@1728,2%@1728,6%@1728,9%@1728,0%@1728] GR3D_FREQ 0% cpu@59.937C soc2@59.187C soc0@59.343C gpu@60.25C tj@60.625C soc1@60.625C VDD_IN 7818mW/7834mW VDD_CPU_GPU_CV 2140mW/2147mW VDD_SOC 2507mW/2496mW
09-08-2026 20:14:34 RAM 2905/7620MB (lfb 92x2MB) SWAP 745/3810MB (cached 1MB) CPU [15%@1728,0%@1728,2%@1728,9%@1728,10%@1728,0%@1728] GR3D_FREQ 5% cpu@59.75C soc2@59.531C soc0@59.312C gpu@60.218C tj@60.468C soc1@60.468C VDD_IN 7887mW/7834mW VDD_CPU_GPU_CV 2221mW/2147mW VDD_SOC 2507mW/2496mW
09-08-2026 20:14:35 RAM 2906/7620MB (lfb 91x2MB) SWAP 745/3810MB (cached 1MB) CPU [17%@1728,4%@1728,2%@1728,7%@1728,9%@1728,8%@1728] GR3D_FREQ 0% cpu@59.812C soc2@59.156C soc0@59.562C gpu@60.343C tj@60.531C soc1@60.531C VDD_IN 8008mW/7834mW VDD_CPU_GPU_CV 2261mW/2147mW VDD_SOC 2507mW/2496mW
09-08-2026 20:14:36 RAM 2907/7620MB (lfb 91x2MB) SWAP 745/3810MB (cached 1MB) CPU [15%@1728,2%@1728,0%@1728,10%@1728,9%@1728,0%@1728] GR3D_FREQ 31% cpu@59.968C soc2@59.218C soc0@59.5C gpu@60.437C tj@60.531C soc1@60.531C VDD_IN 7968mW/7834mW VDD_CPU_GPU_CV 2221mW/2147mW VDD_SOC 2507mW/2496mW
09-08-2026 20:14:37 RAM 2907/7620MB (lfb 91x2MB) SWAP 745/3810MB (cached 1MB) CPU [12%@1728,2%@1728,0%@1728,9%@1728,9%@1728,0%@1728] GR3D_FREQ 31% cpu@59.937C soc2@59.218C soc0@59.375C gpu@60.375C tj@60.562C soc1@60.562C VDD_IN 7887mW/7834mW VDD_CPU_GPU_CV 2180mW/2147mW VDD_SOC 2507mW/2496mW
09-08-2026 20:14:38 RAM 2919/7620MB (lfb 90x2MB) SWAP 745/3810MB (cached 1MB) CPU [27%@1728,2%@1728,3%@1728,13%@1728,7%@1728,3%@1728] GR3D_FREQ 31% cpu@60.093C soc2@59.218C soc0@59.437C gpu@60.437C tj@60.656C soc1@60.656C VDD_IN 8089mW/7835mW VDD_CPU_GPU_CV 2301mW/2147mW VDD_SOC 2507mW/2496mW
09-08-2026 20:14:39 RAM 2913/7620MB (lfb 89x2MB) SWAP 745/3810MB (cached 1MB) CPU [27%@1728,2%@1728,3%@1728,5%@1728,0%@1728,10%@1728] GR3D_FREQ 13% cpu@59.906C soc2@59.218C soc0@59.406C gpu@60.437C tj@60.687C soc1@60.687C VDD_IN 7968mW/7835mW VDD_CPU_GPU_CV 2221mW/2147mW VDD_SOC 2507mW/2496mW
09-08-2026 20:14:40 RAM 2908/7620MB (lfb 89x2MB) SWAP 745/3810MB (cached 1MB) CPU [3%@1728,8%@1728,1%@1728,2%@1728,0%@1728,9%@1728] GR3D_FREQ 29% cpu@59.937C soc2@59.343C soc0@59.406C gpu@60.531C tj@60.531C soc1@60.468C VDD_IN 7806mW/7835mW VDD_CPU_GPU_CV 2140mW/2147mW VDD_SOC 2507mW/2496mW
09-08-2026 20:14:41 RAM 2908/7620MB (lfb 89x2MB) SWAP 745/3810MB (cached 1MB) CPU [0%@1728,0%@1728,0%@1728,0%@1728,0%@1728,10%@1728] GR3D_FREQ 0% cpu@59.968C soc2@59.125C soc0@59.437C gpu@60.468C tj@60.531C soc1@60.531C VDD_IN 7697mW/7835mW VDD_CPU_GPU_CV 2059mW/2147mW VDD_SOC 2507mW/2496mW
09-08-2026 20:14:42 RAM 2908/7620MB (lfb 89x2MB) SWAP 745/3810MB (cached 1MB) CPU [9%@1728,1%@1728,1%@1728,0%@1728,1%@1728,10%@1728] GR3D_FREQ 0% cpu@59.812C soc2@59.156C soc0@59.562C gpu@60.531C tj@60.593C soc1@60.593C VDD_IN 7778mW/7835mW VDD_CPU_GPU_CV 2099mW/2147mW VDD_SOC 2467mW/2496mW
09-08-2026 20:14:43 RAM 2904/7620MB (lfb 90x2MB) SWAP 745/3810MB (cached 1MB) CPU [1%@1728,0%@1728,0%@1728,0%@1728,0%@1728,9%@1728] GR3D_FREQ 0% cpu@59.937C soc2@59.187C soc0@59.562C gpu@60.625C tj@60.625C soc1@60.593C VDD_IN 7697mW/7835mW VDD_CPU_GPU_CV 2059mW/2147mW VDD_SOC 2467mW/2496mW
09-08-2026 20:14:44 RAM 2901/7620MB (lfb 90x2MB) SWAP 745/3810MB (cached 1MB) CPU [2%@1728,0%@1728,1%@1728,0%@1728,0%@1728,10%@1728] GR3D_FREQ 0% cpu@59.718C soc2@59.187C soc0@59.343C gpu@60.562C tj@60.656C soc1@60.656C VDD_IN 7656mW/7834mW VDD_CPU_GPU_CV 2019mW/2147mW VDD_SOC 2467mW/2496mW
09-08-2026 20:14:45 RAM 2902/7620MB (lfb 90x2MB) SWAP 745/3810MB (cached 1MB) CPU [8%@1728,1%@1728,0%@1728,0%@1728,6%@1728,4%@1728] GR3D_FREQ 0% cpu@59.718C soc2@59.187C soc0@59.468C gpu@60.562C tj@60.687C soc1@60.687C VDD_IN 7697mW/7834mW VDD_CPU_GPU_CV 2019mW/2147mW VDD_SOC 2467mW/2496mW
09-08-2026 20:14:46 RAM 3031/7620MB (lfb 84x2MB) SWAP 745/3810MB (cached 1MB) CPU [1%@1728,0%@1728,1%@1728,0%@1728,10%@1728,43%@1728] GR3D_FREQ 32% cpu@59.906C soc2@59.125C soc0@59.406C gpu@60.687C tj@60.687C soc1@60.531C VDD_IN 8372mW/7835mW VDD_CPU_GPU_CV 2503mW/2147mW VDD_SOC 2548mW/2496mW
09-08-2026 20:14:47 RAM 3382/7620MB (lfb 84x2MB) SWAP 745/3810MB (cached 1MB) CPU [1%@1728,0%@1728,0%@1728,0%@1728,9%@1728,91%@1728] GR3D_FREQ 2% cpu@60.125C soc2@59.062C soc0@59.593C gpu@60.656C tj@60.656C soc1@60.531C VDD_IN 8777mW/7836mW VDD_CPU_GPU_CV 2786mW/2148mW VDD_SOC 2588mW/2496mW
09-08-2026 20:14:48 RAM 3898/7620MB (lfb 32x2MB) SWAP 745/3810MB (cached 1MB) CPU [2%@1728,0%@1728,1%@1728,1%@1728,10%@1728,95%@1728] GR3D_FREQ 0% cpu@60.312C soc2@59.25C soc0@59.5C gpu@60.625C tj@60.625C soc1@60.593C VDD_IN 8939mW/7838mW VDD_CPU_GPU_CV 2786mW/2149mW VDD_SOC 2629mW/2497mW
09-08-2026 20:14:49 RAM 3926/7620MB (lfb 32x2MB) SWAP 745/3810MB (cached 1MB) CPU [1%@1728,0%@1728,31%@1728,1%@1728,10%@1728,46%@1728] GR3D_FREQ 99% cpu@60.125C soc2@59.468C soc0@59.75C gpu@61.187C tj@61.187C soc1@60.781C VDD_IN 11428mW/7843mW VDD_CPU_GPU_CV 4508mW/2152mW VDD_SOC 2943mW/2497mW
09-08-2026 20:14:50 RAM 4184/7620MB (lfb 107x1MB) SWAP 745/3810MB (cached 1MB) CPU [0%@1728,0%@1728,9%@1728,0%@1728,9%@1728,11%@1728] GR3D_FREQ 0% cpu@60.812C soc2@59.718C soc0@59.843C gpu@61.312C tj@61.312C soc1@60.875C VDD_IN 10459mW/7846mW VDD_CPU_GPU_CV 3985mW/2155mW VDD_SOC 2786mW/2498mW
09-08-2026 20:14:51 RAM 4192/7620MB (lfb 107x1MB) SWAP 745/3810MB (cached 1MB) CPU [1%@1728,0%@1728,3%@1728,0%@1728,10%@1728,92%@1728] GR3D_FREQ 0% cpu@60.156C soc2@59.468C soc0@59.687C gpu@61C tj@61C soc1@60.875C VDD_IN 8858mW/7848mW VDD_CPU_GPU_CV 2867mW/2156mW VDD_SOC 2588mW/2498mW
09-08-2026 20:14:52 RAM 4192/7620MB (lfb 107x1MB) SWAP 745/3810MB (cached 1MB) CPU [0%@1728,0%@1728,1%@1728,0%@1728,10%@1728,99%@1728] GR3D_FREQ 0% cpu@60.5C soc2@59.562C soc0@59.625C gpu@60.562C tj@60.625C soc1@60.625C VDD_IN 8655mW/7849mW VDD_CPU_GPU_CV 2746mW/2157mW VDD_SOC 2548mW/2498mW
09-08-2026 20:14:53 RAM 4190/7620MB (lfb 107x1MB) SWAP 745/3810MB (cached 1MB) CPU [0%@1728,0%@1728,22%@1728,0%@1728,10%@1728,90%@1728] GR3D_FREQ 0% cpu@60.687C soc2@59.968C soc0@59.875C gpu@60.687C tj@60.75C soc1@60.75C VDD_IN 10136mW/7852mW VDD_CPU_GPU_CV 3507mW/2158mW VDD_SOC 2867mW/2498mW
09-08-2026 20:14:54 RAM 4318/7620MB (lfb 107x1MB) SWAP 745/3810MB (cached 1MB) CPU [1%@1728,0%@1728,44%@1728,1%@1728,10%@1728,73%@1728] GR3D_FREQ 83% cpu@61C soc2@60.375C soc0@60.218C gpu@61.062C tj@61.062C soc1@60.875C VDD_IN 12236mW/7858mW VDD_CPU_GPU_CV 4629mW/2162mW VDD_SOC 3225mW/2499mW
09-08-2026 20:14:55 RAM 4322/7620MB (lfb 107x1MB) SWAP 745/3810MB (cached 1MB) CPU [21%@1728,19%@1728,41%@1728,11%@1728,43%@1728,22%@1728] GR3D_FREQ 30% cpu@61.781C soc2@60.187C soc0@60.156C gpu@61.343C tj@61.781C soc1@61.125C VDD_IN 13547mW/7866mW VDD_CPU_GPU_CV 5586mW/2166mW VDD_SOC 3306mW/2500mW
09-08-2026 20:14:56 RAM 4354/7620MB (lfb 107x1MB) SWAP 745/3810MB (cached 1MB) CPU [36%@1728,13%@1728,19%@1728,5%@1728,13%@1728,12%@1728] GR3D_FREQ 99% cpu@60.437C soc2@60.218C soc0@60.25C gpu@61.437C tj@61.437C soc1@61.218C VDD_IN 11549mW/7871mW VDD_CPU_GPU_CV 4991mW/2170mW VDD_SOC 2822mW/2501mW
09-08-2026 20:14:57 RAM 4354/7620MB (lfb 107x1MB) SWAP 745/3810MB (cached 1MB) CPU [25%@1728,0%@1728,0%@1728,0%@1728,10%@1728,3%@1728] GR3D_FREQ 99% cpu@60.812C soc2@60.593C soc0@60.593C gpu@61.875C tj@61.875C soc1@61.25C VDD_IN 14273mW/7879mW VDD_CPU_GPU_CV 5858mW/2175mW VDD_SOC 3582mW/2502mW
09-08-2026 20:14:58 RAM 4358/7620MB (lfb 107x1MB) SWAP 745/3810MB (cached 1MB) CPU [11%@1728,3%@1728,0%@1728,0%@1728,8%@1728,3%@1728] GR3D_FREQ 96% cpu@60.718C soc2@60.75C soc0@60.781C gpu@61.812C tj@61.812C soc1@61.218C VDD_IN 12862mW/7886mW VDD_CPU_GPU_CV 5988mW/2180mW VDD_SOC 2903mW/2503mW
09-08-2026 20:14:59 RAM 4358/7620MB (lfb 107x1MB) SWAP 745/3810MB (cached 1MB) CPU [5%@1728,16%@1728,0%@1728,0%@1728,8%@1728,2%@1728] GR3D_FREQ 42% cpu@61.093C soc2@60.5C soc0@60.781C gpu@61.937C tj@61.937C soc1@61.375C VDD_IN 13708mW/7894mW VDD_CPU_GPU_CV 5868mW/2185mW VDD_SOC 3260mW/2504mW
09-08-2026 20:15:00 RAM 4357/7620MB (lfb 107x1MB) SWAP 745/3810MB (cached 1MB) CPU [1%@1728,12%@1728,0%@1728,0%@1728,9%@1728,2%@1728] GR3D_FREQ 99% cpu@61.125C soc2@60.625C soc0@60.812C gpu@62.031C tj@62.031C soc1@61.343C VDD_IN 13426mW/7901mW VDD_CPU_GPU_CV 5265mW/2190mW VDD_SOC 3386mW/2505mW
09-08-2026 20:15:01 RAM 4356/7620MB (lfb 108x1MB) SWAP 745/3810MB (cached 1MB) CPU [14%@1728,5%@1728,4%@1728,0%@1728,10%@1728,4%@1728] GR3D_FREQ 71% cpu@61.218C soc2@61.093C soc0@61.031C gpu@62.343C tj@62.343C soc1@61.562C VDD_IN 14878mW/7911mW VDD_CPU_GPU_CV 6059mW/2195mW VDD_SOC 3703mW/2507mW
09-08-2026 20:15:02 RAM 4361/7620MB (lfb 108x1MB) SWAP 745/3810MB (cached 1MB) CPU [0%@1728,17%@1728,0%@1728,0%@1728,9%@1728,2%@1728] GR3D_FREQ 99% cpu@61.062C soc2@60.937C soc0@61.031C gpu@62.343C tj@62.343C soc1@61.75C VDD_IN 13184mW/7918mW VDD_CPU_GPU_CV 5827mW/2200mW VDD_SOC 3064mW/2508mW
09-08-2026 20:15:03 RAM 4366/7620MB (lfb 108x1MB) SWAP 745/3810MB (cached 1MB) CPU [23%@1728,1%@1728,0%@1728,0%@1728,7%@1728,8%@1728] GR3D_FREQ 42% cpu@61.531C soc2@61.437C soc0@61.218C gpu@62.562C tj@62.562C soc1@61.687C VDD_IN 15498mW/7928mW VDD_CPU_GPU_CV 6661mW/2206mW VDD_SOC 3703mW/2509mW
09-08-2026 20:15:04 RAM 4423/7620MB (lfb 2x2MB) SWAP 745/3810MB (cached 1MB) CPU [88%@1728,1%@1728,3%@1728,3%@1728,17%@1728,3%@1728] GR3D_FREQ 0% cpu@61.656C soc2@60.656C soc0@60.781C gpu@61.968C tj@61.968C soc1@61.625C VDD_IN 9464mW/7930mW VDD_CPU_GPU_CV 3185mW/2207mW VDD_SOC 2705mW/2509mW
09-08-2026 20:15:05 RAM 4418/7620MB (lfb 3x2MB) SWAP 745/3810MB (cached 1MB) CPU [53%@1728,17%@1728,4%@1728,0%@1728,16%@1728,15%@1728] GR3D_FREQ 0% cpu@61.75C soc2@60.781C soc0@61C gpu@62.125C tj@62.125C soc1@61.718C VDD_IN 11711mW/7935mW VDD_CPU_GPU_CV 4347mW/2210mW VDD_SOC 3265mW/2510mW
09-08-2026 20:15:06 RAM 4430/7620MB (lfb 1x2MB) SWAP 745/3810MB (cached 1MB) CPU [52%@1728,8%@1728,41%@1728,1%@1728,4%@1728,8%@1728] GR3D_FREQ 3% cpu@61.656C soc2@60.687C soc0@60.687C gpu@61.875C tj@61.875C soc1@61.718C VDD_IN 8898mW/7937mW VDD_CPU_GPU_CV 2862mW/2211mW VDD_SOC 2629mW/2511mW
09-08-2026 20:15:07 RAM 4442/7620MB (lfb 1x2MB) SWAP 745/3810MB (cached 1MB) CPU [97%@1728,0%@1728,0%@1728,0%@1728,7%@1728,9%@1728] GR3D_FREQ 3% cpu@61.781C soc2@60.593C soc0@60.625C gpu@61.875C tj@61.875C soc1@61.843C VDD_IN 8777mW/7938mW VDD_CPU_GPU_CV 2746mW/2212mW VDD_SOC 2629mW/2511mW
09-08-2026 20:15:08 RAM 4479/7620MB (lfb 108x1MB) SWAP 745/3810MB (cached 1MB) CPU [93%@1728,7%@1728,1%@1728,14%@1728,9%@1728,11%@1728] GR3D_FREQ 30% cpu@61.406C soc2@60.843C soc0@60.718C gpu@61.968C tj@61.968C soc1@61.843C VDD_IN 9505mW/7940mW VDD_CPU_GPU_CV 3265mW/2213mW VDD_SOC 2705mW/2511mW
09-08-2026 20:15:09 RAM 4521/7620MB (lfb 108x1MB) SWAP 745/3810MB (cached 1MB) CPU [0%@1728,1%@1728,78%@1728,0%@1728,10%@1728,9%@1728] GR3D_FREQ 0% cpu@61.968C soc2@60.687C soc0@60.75C gpu@62.093C tj@62.093C soc1@61.687C VDD_IN 9586mW/7942mW VDD_CPU_GPU_CV 3346mW/2215mW VDD_SOC 2705mW/2511mW
09-08-2026 20:15:10 RAM 4656/7620MB (lfb 108x1MB) SWAP 745/3810MB (cached 1MB) CPU [0%@1728,0%@1728,100%@1728,1%@1728,4%@1728,6%@1728] GR3D_FREQ 0% cpu@61.718C soc2@60.468C soc0@60.75C gpu@62.031C tj@62.031C soc1@61.75C VDD_IN 8655mW/7943mW VDD_CPU_GPU_CV 2705mW/2215mW VDD_SOC 2588mW/2511mW
09-08-2026 20:15:11 RAM 4656/7620MB (lfb 108x1MB) SWAP 745/3810MB (cached 1MB) CPU [0%@1728,0%@1728,100%@1728,1%@1728,5%@1728,5%@1728] GR3D_FREQ 0% cpu@61.843C soc2@60.531C soc0@60.718C gpu@61.781C tj@61.843C soc1@61.781C VDD_IN 8574mW/7944mW VDD_CPU_GPU_CV 2705mW/2216mW VDD_SOC 2548mW/2511mW
09-08-2026 20:15:12 RAM 4656/7620MB (lfb 108x1MB) SWAP 745/3810MB (cached 1MB) CPU [0%@1728,0%@1728,100%@1728,0%@1728,5%@1728,5%@1728] GR3D_FREQ 0% cpu@61.718C soc2@60.625C soc0@60.656C gpu@61.75C tj@61.75C soc1@61.75C VDD_IN 8696mW/7945mW VDD_CPU_GPU_CV 2786mW/2217mW VDD_SOC 2548mW/2511mW
09-08-2026 20:15:13 RAM 4658/7620MB (lfb 108x1MB) SWAP 745/3810MB (cached 1MB) CPU [1%@1728,2%@1728,100%@1728,0%@1728,4%@1728,6%@1728] GR3D_FREQ 3% cpu@61.843C soc2@60.625C soc0@60.625C gpu@61.75C tj@61.843C soc1@61.781C VDD_IN 8777mW/7946mW VDD_CPU_GPU_CV 2826mW/2217mW VDD_SOC 2588mW/2512mW
09-08-2026 20:15:14 RAM 4658/7620MB (lfb 108x1MB) SWAP 745/3810MB (cached 1MB) CPU [0%@1728,0%@1728,100%@1728,1%@1728,6%@1728,5%@1728] GR3D_FREQ 0% cpu@61.718C soc2@60.625C soc0@60.593C gpu@61.656C tj@61.875C soc1@61.687C VDD_IN 8696mW/7947mW VDD_CPU_GPU_CV 2786mW/2218mW VDD_SOC 2548mW/2512mW
09-08-2026 20:15:15 RAM 4658/7620MB (lfb 108x1MB) SWAP 745/3810MB (cached 1MB) CPU [0%@1728,0%@1728,100%@1728,1%@1728,5%@1728,6%@1728] GR3D_FREQ 31% cpu@61.843C soc2@60.562C soc0@60.656C gpu@61.687C tj@61.843C soc1@61.656C VDD_IN 8655mW/7948mW VDD_CPU_GPU_CV 2786mW/2219mW VDD_SOC 2548mW/2512mW
09-08-2026 20:15:16 RAM 4658/7620MB (lfb 108x1MB) SWAP 745/3810MB (cached 1MB) CPU [0%@1728,0%@1728,99%@1728,0%@1728,5%@1728,5%@1728] GR3D_FREQ 31% cpu@61.843C soc2@60.406C soc0@60.687C gpu@61.781C tj@61.843C soc1@61.656C VDD_IN 8655mW/7949mW VDD_CPU_GPU_CV 2746mW/2220mW VDD_SOC 2548mW/2512mW
09-08-2026 20:15:17 RAM 4658/7620MB (lfb 108x1MB) SWAP 745/3810MB (cached 1MB) CPU [0%@1728,0%@1728,100%@1728,0%@1728,5%@1728,5%@1728] GR3D_FREQ 0% cpu@61.75C soc2@60.468C soc0@60.781C gpu@61.656C tj@61.75C soc1@61.718C VDD_IN 8655mW/7950mW VDD_CPU_GPU_CV 2746mW/2220mW VDD_SOC 2548mW/2512mW
09-08-2026 20:15:18 RAM 4658/7620MB (lfb 108x1MB) SWAP 745/3810MB (cached 1MB) CPU [2%@1728,0%@1728,99%@1728,0%@1728,0%@1728,9%@1728] GR3D_FREQ 12% cpu@61.968C soc2@60.531C soc0@60.593C gpu@61.75C tj@61.968C soc1@61.718C VDD_IN 8736mW/7951mW VDD_CPU_GPU_CV 2786mW/2221mW VDD_SOC 2588mW/2512mW
09-08-2026 20:15:19 RAM 4658/7620MB (lfb 108x1MB) SWAP 745/3810MB (cached 1MB) CPU [0%@1728,1%@1728,100%@1728,0%@1728,2%@1728,8%@1728] GR3D_FREQ 0% cpu@61.781C soc2@60.5C soc0@60.625C gpu@61.718C tj@61.875C soc1@61.875C VDD_IN 8655mW/7952mW VDD_CPU_GPU_CV 2665mW/2222mW VDD_SOC 2588mW/2512mW
09-08-2026 20:15:20 RAM 4658/7620MB (lfb 108x1MB) SWAP 745/3810MB (cached 1MB) CPU [1%@1728,0%@1728,100%@1728,0%@1728,1%@1728,8%@1728] GR3D_FREQ 0% cpu@61.781C soc2@60.562C soc0@60.593C gpu@61.781C tj@61.781C soc1@61.562C VDD_IN 8655mW/7953mW VDD_CPU_GPU_CV 2786mW/2222mW VDD_SOC 2548mW/2512mW
09-08-2026 20:15:21 RAM 4658/7620MB (lfb 108x1MB) SWAP 745/3810MB (cached 1MB) CPU [0%@1728,0%@1728,100%@1728,0%@1728,1%@1728,9%@1728] GR3D_FREQ 0% cpu@61.875C soc2@60.5C soc0@60.593C gpu@61.781C tj@61.875C soc1@61.687C VDD_IN 8615mW/7954mW VDD_CPU_GPU_CV 2705mW/2223mW VDD_SOC 2548mW/2512mW
09-08-2026 20:15:22 RAM 4658/7620MB (lfb 108x1MB) SWAP 745/3810MB (cached 1MB) CPU [0%@1728,0%@1728,99%@1728,1%@1728,0%@1728,9%@1728] GR3D_FREQ 0% cpu@61.781C soc2@60.406C soc0@60.625C gpu@61.75C tj@61.781C soc1@61.656C VDD_IN 8655mW/7955mW VDD_CPU_GPU_CV 2746mW/2224mW VDD_SOC 2548mW/2512mW
09-08-2026 20:15:23 RAM 4659/7620MB (lfb 108x1MB) SWAP 745/3810MB (cached 1MB) CPU [0%@1728,1%@1728,100%@1728,0%@1728,0%@1728,10%@1728] GR3D_FREQ 0% cpu@61.781C soc2@60.468C soc0@60.687C gpu@61.718C tj@61.781C soc1@61.75C VDD_IN 8615mW/7955mW VDD_CPU_GPU_CV 2665mW/2224mW VDD_SOC 2588mW/2512mW
09-08-2026 20:15:24 RAM 4659/7620MB (lfb 108x1MB) SWAP 745/3810MB (cached 1MB) CPU [0%@1728,0%@1728,100%@1728,1%@1728,0%@1728,9%@1728] GR3D_FREQ 0% cpu@61.75C soc2@60.437C soc0@60.437C gpu@61.781C tj@61.781C soc1@61.718C VDD_IN 8615mW/7956mW VDD_CPU_GPU_CV 2746mW/2225mW VDD_SOC 2548mW/2512mW
09-08-2026 20:15:25 RAM 4659/7620MB (lfb 108x1MB) SWAP 745/3810MB (cached 1MB) CPU [1%@1728,0%@1728,100%@1728,0%@1728,1%@1728,8%@1728] GR3D_FREQ 0% cpu@61.968C soc2@60.562C soc0@60.531C gpu@61.781C tj@61.812C soc1@61.75C VDD_IN 8574mW/7957mW VDD_CPU_GPU_CV 2705mW/2226mW VDD_SOC 2548mW/2512mW
09-08-2026 20:15:26 RAM 4661/7620MB (lfb 107x1MB) SWAP 745/3810MB (cached 1MB) CPU [53%@1728,11%@1728,39%@1728,27%@1728,60%@1728,32%@1728] GR3D_FREQ 0% cpu@61.531C soc2@60.5C soc0@60.625C gpu@61.843C tj@61.875C soc1@61.875C VDD_IN 9181mW/7959mW VDD_CPU_GPU_CV 3144mW/2227mW VDD_SOC 2584mW/2512mW
09-08-2026 20:15:27 RAM 4661/7620MB (lfb 107x1MB) SWAP 745/3810MB (cached 1MB) CPU [39%@1728,1%@1728,0%@1728,0%@1728,64%@1728,7%@1728] GR3D_FREQ 0% cpu@61.5C soc2@60.5C soc0@60.562C gpu@61.75C tj@61.75C soc1@61.593C VDD_IN 8655mW/7960mW VDD_CPU_GPU_CV 2746mW/2227mW VDD_SOC 2548mW/2512mW
09-08-2026 20:15:28 RAM 4662/7620MB (lfb 107x1MB) SWAP 745/3810MB (cached 1MB) CPU [100%@1728,1%@1728,2%@1728,1%@1728,9%@1728,2%@1728] GR3D_FREQ 0% cpu@61.625C soc2@60.562C soc0@60.562C gpu@61.781C tj@61.781C soc1@61.687C VDD_IN 8574mW/7960mW VDD_CPU_GPU_CV 2705mW/2228mW VDD_SOC 2548mW/2512mW
09-08-2026 20:15:29 RAM 4662/7620MB (lfb 107x1MB) SWAP 745/3810MB (cached 1MB) CPU [99%@1728,0%@1728,0%@1728,0%@1728,8%@1728,1%@1728] GR3D_FREQ 0% cpu@61.437C soc2@60.593C soc0@60.656C gpu@61.75C tj@61.687C soc1@61.687C VDD_IN 8534mW/7961mW VDD_CPU_GPU_CV 2705mW/2229mW VDD_SOC 2548mW/2513mW
09-08-2026 20:15:30 RAM 4662/7620MB (lfb 107x1MB) SWAP 745/3810MB (cached 1MB) CPU [100%@1728,0%@1728,0%@1728,0%@1728,8%@1728,3%@1728] GR3D_FREQ 0% cpu@61.625C soc2@60.468C soc0@60.437C gpu@61.468C tj@61.656C soc1@61.656C VDD_IN 8574mW/7962mW VDD_CPU_GPU_CV 2705mW/2229mW VDD_SOC 2548mW/2513mW
09-08-2026 20:15:32 RAM 4662/7620MB (lfb 107x1MB) SWAP 745/3810MB (cached 1MB) CPU [100%@1728,0%@1728,0%@1728,0%@1728,6%@1728,4%@1728] GR3D_FREQ 0% cpu@61.375C soc2@60.656C soc0@60.5C gpu@61.656C tj@61.75C soc1@61.75C VDD_IN 8655mW/7963mW VDD_CPU_GPU_CV 2786mW/2230mW VDD_SOC 2548mW/2513mW
09-08-2026 20:15:33 RAM 4662/7620MB (lfb 107x1MB) SWAP 745/3810MB (cached 1MB) CPU [100%@1728,0%@1728,0%@1728,0%@1728,6%@1728,4%@1728] GR3D_FREQ 5% cpu@61.531C soc2@60.656C soc0@60.531C gpu@61.562C tj@61.562C soc1@61.5C VDD_IN 8736mW/7964mW VDD_CPU_GPU_CV 2826mW/2231mW VDD_SOC 2548mW/2513mW
09-08-2026 20:15:34 RAM 4662/7620MB (lfb 107x1MB) SWAP 745/3810MB (cached 1MB) CPU [100%@1728,0%@1728,1%@1728,1%@1728,6%@1728,3%@1728] GR3D_FREQ 0% cpu@61.437C soc2@60.437C soc0@60.562C gpu@61.5C tj@61.562C soc1@61.562C VDD_IN 8736mW/7965mW VDD_CPU_GPU_CV 2746mW/2232mW VDD_SOC 2588mW/2513mW
09-08-2026 20:15:35 RAM 4662/7620MB (lfb 51x1MB) SWAP 745/3810MB (cached 1MB) CPU [18%@1728,13%@1728,0%@1728,0%@1728,52%@1728,25%@1728] GR3D_FREQ 70% cpu@61.187C soc2@60.968C soc0@61.031C gpu@62.156C tj@62.156C soc1@61.656C VDD_IN 12741mW/7971mW VDD_CPU_GPU_CV 5385mW/2236mW VDD_SOC 3144mW/2514mW
09-08-2026 20:15:36 RAM 4662/7620MB (lfb 51x1MB) SWAP 745/3810MB (cached 1MB) CPU [7%@1728,0%@1728,1%@1728,0%@1728,2%@1728,100%@1728] GR3D_FREQ 31% cpu@61.312C soc2@60.406C soc0@60.531C gpu@61.593C tj@61.687C soc1@61.687C VDD_IN 9060mW/7972mW VDD_CPU_GPU_CV 2983mW/2237mW VDD_SOC 2624mW/2514mW
09-08-2026 20:15:37 RAM 4664/7620MB (lfb 51x1MB) SWAP 745/3810MB (cached 1MB) CPU [9%@1728,1%@1728,0%@1728,0%@1728,1%@1728,100%@1728] GR3D_FREQ 0% cpu@61.437C soc2@60.406C soc0@60.562C gpu@61.562C tj@61.687C soc1@61.687C VDD_IN 8736mW/7973mW VDD_CPU_GPU_CV 2826mW/2237mW VDD_SOC 2588mW/2514mW
09-08-2026 20:15:38 RAM 4664/7620MB (lfb 51x1MB) SWAP 745/3810MB (cached 1MB) CPU [0%@1728,3%@1728,6%@1728,0%@1728,1%@1728,100%@1728] GR3D_FREQ 0% cpu@61.093C soc2@60.437C soc0@60.531C gpu@61.531C tj@61.781C soc1@61.781C VDD_IN 8655mW/7974mW VDD_CPU_GPU_CV 2746mW/2238mW VDD_SOC 2548mW/2514mW
09-08-2026 20:15:39 RAM 4662/7620MB (lfb 51x1MB) SWAP 745/3810MB (cached 1MB) CPU [2%@1728,9%@1728,18%@1728,5%@1728,1%@1728,100%@1728] GR3D_FREQ 0% cpu@61.156C soc2@60.437C soc0@60.531C gpu@61.562C tj@61.562C soc1@61.562C VDD_IN 8817mW/7975mW VDD_CPU_GPU_CV 2907mW/2239mW VDD_SOC 2548mW/2514mW
09-08-2026 20:15:40 RAM 4662/7620MB (lfb 51x1MB) SWAP 745/3810MB (cached 1MB) CPU [0%@1728,9%@1728,0%@1728,0%@1728,0%@1728,100%@1728] GR3D_FREQ 0% cpu@61.187C soc2@60.25C soc0@60.593C gpu@61.562C tj@61.593C soc1@61.593C VDD_IN 8696mW/7976mW VDD_CPU_GPU_CV 2746mW/2239mW VDD_SOC 2548mW/2514mW
09-08-2026 20:15:41 RAM 4662/7620MB (lfb 51x1MB) SWAP 745/3810MB (cached 1MB) CPU [0%@1728,9%@1728,0%@1728,1%@1728,0%@1728,100%@1728] GR3D_FREQ 0% cpu@61.218C soc2@60.312C soc0@60.562C gpu@61.593C tj@61.593C soc1@61.625C VDD_IN 8858mW/7977mW VDD_CPU_GPU_CV 2786mW/2240mW VDD_SOC 2588mW/2514mW
09-08-2026 20:15:42 RAM 4663/7620MB (lfb 51x1MB) SWAP 745/3810MB (cached 1MB) CPU [2%@1728,9%@1728,0%@1728,1%@1728,5%@1728,89%@1728] GR3D_FREQ 4% cpu@61.406C soc2@60.437C soc0@60.562C gpu@61.75C tj@61.75C soc1@61.687C VDD_IN 9707mW/7980mW VDD_CPU_GPU_CV 3467mW/2242mW VDD_SOC 2705mW/2514mW
09-08-2026 20:15:43 RAM 4663/7620MB (lfb 51x1MB) SWAP 745/3810MB (cached 1MB) CPU [8%@1728,6%@1728,5%@1728,0%@1728,87%@1728,0%@1728] GR3D_FREQ 0% cpu@61.375C soc2@60.906C soc0@60.625C gpu@61.781C tj@61.781C soc1@61.781C VDD_IN 10112mW/7982mW VDD_CPU_GPU_CV 3709mW/2244mW VDD_SOC 2786mW/2515mW
09-08-2026 20:15:44 RAM 4664/7620MB (lfb 51x1MB) SWAP 745/3810MB (cached 1MB) CPU [13%@1728,2%@1728,4%@1728,9%@1728,88%@1728,0%@1728] GR3D_FREQ 1% cpu@61.468C soc2@60.375C soc0@60.687C gpu@61.75C tj@61.75C soc1@61.75C VDD_IN 9262mW/7984mW VDD_CPU_GPU_CV 3104mW/2245mW VDD_SOC 2665mW/2515mW
09-08-2026 20:15:45 RAM 4664/7620MB (lfb 51x1MB) SWAP 745/3810MB (cached 1MB) CPU [12%@1728,0%@1728,4%@1728,6%@1728,76%@1728,0%@1728] GR3D_FREQ 58% cpu@61.343C soc2@60.75C soc0@61C gpu@62.062C tj@62.062C soc1@61.718C VDD_IN 11549mW/7989mW VDD_CPU_GPU_CV 4709mW/2248mW VDD_SOC 2903mW/2515mW
09-08-2026 20:15:46 RAM 4664/7620MB (lfb 51x1MB) SWAP 745/3810MB (cached 1MB) CPU [52%@1728,1%@1728,8%@1728,1%@1728,6%@1728,44%@1728] GR3D_FREQ 57% cpu@61.625C soc2@61.031C soc0@61.125C gpu@62.406C tj@62.406C soc1@61.781C VDD_IN 13870mW/7996mW VDD_CPU_GPU_CV 5497mW/2252mW VDD_SOC 3542mW/2517mW
09-08-2026 20:15:47 RAM 4664/7620MB (lfb 51x1MB) SWAP 745/3810MB (cached 1MB) CPU [58%@1728,0%@1728,2%@1728,7%@1728,18%@1728,26%@1728] GR3D_FREQ 69% cpu@61.75C soc2@61.187C soc0@61.312C gpu@62.593C tj@62.593C soc1@61.843C VDD_IN 14434mW/8004mW VDD_CPU_GPU_CV 5698mW/2256mW VDD_SOC 3663mW/2518mW
09-08-2026 20:15:48 RAM 4622/7620MB (lfb 11x2MB) SWAP 745/3810MB (cached 1MB) CPU [18%@1728,3%@1728,0%@1728,8%@1728,0%@1728,77%@1728] GR3D_FREQ 0% cpu@61.375C soc2@60.718C soc0@60.875C gpu@62.031C tj@62.031C soc1@61.875C VDD_IN 9060mW/8006mW VDD_CPU_GPU_CV 2741mW/2257mW VDD_SOC 2705mW/2518mW
09-08-2026 20:15:49 RAM 4624/7620MB (lfb 11x2MB) SWAP 745/3810MB (cached 1MB) CPU [0%@1728,4%@1728,1%@1728,6%@1728,0%@1728,0%@1728] GR3D_FREQ 0% cpu@61.093C soc2@60.562C soc0@60.718C gpu@61.875C tj@61.937C soc1@61.937C VDD_IN 7766mW/8005mW VDD_CPU_GPU_CV 2059mW/2257mW VDD_SOC 2507mW/2518mW
09-08-2026 20:15:50 RAM 4624/7620MB (lfb 11x2MB) SWAP 745/3810MB (cached 1MB) CPU [0%@1728,3%@1728,0%@1728,7%@1728,0%@1728,0%@1728] GR3D_FREQ 0% cpu@61.031C soc2@60.5C soc0@60.781C gpu@61.937C tj@61.937C soc1@61.875C VDD_IN 7656mW/8005mW VDD_CPU_GPU_CV 2019mW/2257mW VDD_SOC 2507mW/2518mW
09-08-2026 20:15:51 RAM 4624/7620MB (lfb 11x2MB) SWAP 745/3810MB (cached 1MB) CPU [0%@1728,6%@1728,0%@1728,4%@1728,0%@1728,0%@1728] GR3D_FREQ 0% cpu@61.156C soc2@60.656C soc0@60.75C gpu@61.906C tj@61.718C soc1@61.718C VDD_IN 7737mW/8005mW VDD_CPU_GPU_CV 2099mW/2256mW VDD_SOC 2507mW/2518mW
09-08-2026 20:15:52 RAM 4624/7620MB (lfb 11x2MB) SWAP 745/3810MB (cached 1MB) CPU [0%@1728,5%@1728,1%@1728,5%@1728,0%@1728,0%@1728] GR3D_FREQ 0% cpu@61.25C soc2@60.406C soc0@60.718C gpu@61.625C tj@61.687C soc1@61.687C VDD_IN 7778mW/8004mW VDD_CPU_GPU_CV 2099mW/2256mW VDD_SOC 2507mW/2518mW
09-08-2026 20:15:53 RAM 4624/7620MB (lfb 11x2MB) SWAP 745/3810MB (cached 1MB) CPU [1%@1728,5%@1728,0%@1728,5%@1728,0%@1728,0%@1728] GR3D_FREQ 31% cpu@61.218C soc2@60.375C soc0@60.75C gpu@61.562C tj@61.687C soc1@61.687C VDD_IN 7818mW/8004mW VDD_CPU_GPU_CV 2099mW/2256mW VDD_SOC 2507mW/2518mW
09-08-2026 20:15:54 RAM 4624/7620MB (lfb 11x2MB) SWAP 745/3810MB (cached 1MB) CPU [1%@1728,6%@1728,0%@1728,5%@1728,0%@1728,0%@1728] GR3D_FREQ 27% cpu@61.187C soc2@60.437C soc0@60.593C gpu@61.531C tj@61.718C soc1@61.718C VDD_IN 7778mW/8004mW VDD_CPU_GPU_CV 2099mW/2256mW VDD_SOC 2507mW/2518mW
09-08-2026 20:15:55 RAM 4624/7620MB (lfb 11x2MB) SWAP 745/3810MB (cached 1MB) CPU [0%@1728,6%@1728,0%@1728,4%@1728,0%@1728,0%@1728] GR3D_FREQ 20% cpu@60.968C soc2@60.343C soc0@60.593C gpu@61.593C tj@61.718C soc1@61.75C VDD_IN 7778mW/8003mW VDD_CPU_GPU_CV 2059mW/2255mW VDD_SOC 2507mW/2518mW
09-08-2026 20:15:56 RAM 4624/7620MB (lfb 11x2MB) SWAP 745/3810MB (cached 1MB) CPU [0%@1728,5%@1728,0%@1728,5%@1728,0%@1728,0%@1728] GR3D_FREQ 31% cpu@60.843C soc2@60.312C soc0@60.468C gpu@61.562C tj@61.843C soc1@61.843C VDD_IN 7737mW/8003mW VDD_CPU_GPU_CV 2059mW/2255mW VDD_SOC 2507mW/2518mW
09-08-2026 20:15:57 RAM 4628/7620MB (lfb 11x2MB) SWAP 745/3810MB (cached 1MB) CPU [25%@1728,20%@1728,19%@1728,23%@1728,13%@1728,20%@1728] GR3D_FREQ 0% cpu@61.5C soc2@60.593C soc0@60.593C gpu@61.593C tj@61.656C soc1@61.656C VDD_IN 8979mW/8004mW VDD_CPU_GPU_CV 2943mW/2256mW VDD_SOC 2588mW/2518mW
09-08-2026 20:15:58 RAM 4628/7620MB (lfb 12x2MB) SWAP 745/3810MB (cached 1MB) CPU [1%@1728,9%@1728,0%@1728,4%@1728,8%@1728,1%@1728] GR3D_FREQ 0% cpu@60.875C soc2@60.25C soc0@60.593C gpu@61.562C tj@61.625C soc1@61.625C VDD_IN 7887mW/8004mW VDD_CPU_GPU_CV 2180mW/2256mW VDD_SOC 2507mW/2518mW
09-08-2026 20:15:59 RAM 4628/7620MB (lfb 12x2MB) SWAP 745/3810MB (cached 1MB) CPU [2%@1728,5%@1728,0%@1728,5%@1728,0%@1728,0%@1728] GR3D_FREQ 0% cpu@60.937C soc2@60.218C soc0@60.625C gpu@61.5C tj@61.593C soc1@61.593C VDD_IN 7737mW/8004mW VDD_CPU_GPU_CV 2059mW/2256mW VDD_SOC 2507mW/2518mW
09-08-2026 20:16:00 RAM 4628/7620MB (lfb 12x2MB) SWAP 745/3810MB (cached 1MB) CPU [4%@1728,8%@1728,1%@1728,1%@1728,0%@1728,0%@1728] GR3D_FREQ 0% cpu@60.718C soc2@60.25C soc0@60.406C gpu@61.531C tj@61.593C soc1@61.593C VDD_IN 7697mW/8004mW VDD_CPU_GPU_CV 2059mW/2255mW VDD_SOC 2507mW/2518mW
09-08-2026 20:16:01 RAM 4628/7620MB (lfb 12x2MB) SWAP 745/3810MB (cached 1MB) CPU [0%@1728,8%@1728,1%@1728,2%@1728,0%@1728,0%@1728] GR3D_FREQ 0% cpu@61C soc2@60.187C soc0@60.437C gpu@61.562C tj@61.593C soc1@61.593C VDD_IN 7697mW/8003mW VDD_CPU_GPU_CV 2059mW/2255mW VDD_SOC 2507mW/2518mW
09-08-2026 20:16:02 RAM 4628/7620MB (lfb 12x2MB) SWAP 745/3810MB (cached 1MB) CPU [0%@1728,3%@1728,0%@1728,7%@1728,0%@1728,0%@1728] GR3D_FREQ 0% cpu@60.75C soc2@60.25C soc0@60.312C gpu@61.5C tj@61.718C soc1@61.718C VDD_IN 7697mW/8003mW VDD_CPU_GPU_CV 2019mW/2255mW VDD_SOC 2467mW/2518mW
09-08-2026 20:16:03 RAM 4628/7620MB (lfb 12x2MB) SWAP 745/3810MB (cached 1MB) CPU [2%@1728,2%@1728,0%@1728,7%@1728,0%@1728,0%@1728] GR3D_FREQ 0% cpu@60.812C soc2@60.125C soc0@60.406C gpu@61.406C tj@61.5C soc1@61.5C VDD_IN 7697mW/8002mW VDD_CPU_GPU_CV 2059mW/2255mW VDD_SOC 2507mW/2518mW
09-08-2026 20:16:04 RAM 4628/7620MB (lfb 12x2MB) SWAP 745/3810MB (cached 1MB) CPU [1%@1728,0%@1728,1%@1728,10%@1728,0%@1728,0%@1728] GR3D_FREQ 0% cpu@60.843C soc2@60.093C soc0@60.375C gpu@61.5C tj@61.531C soc1@61.531C VDD_IN 7697mW/8002mW VDD_CPU_GPU_CV 2019mW/2254mW VDD_SOC 2507mW/2518mW
09-08-2026 20:16:05 RAM 4628/7620MB (lfb 12x2MB) SWAP 745/3810MB (cached 1MB) CPU [0%@1728,0%@1728,1%@1728,9%@1728,0%@1728,0%@1728] GR3D_FREQ 0% cpu@60.843C soc2@60.093C soc0@60.531C gpu@61.437C tj@61.468C soc1@61.468C VDD_IN 7656mW/8002mW VDD_CPU_GPU_CV 2019mW/2254mW VDD_SOC 2467mW/2518mW
09-08-2026 20:16:06 RAM 4628/7620MB (lfb 12x2MB) SWAP 745/3810MB (cached 1MB) CPU [0%@1728,0%@1728,0%@1728,9%@1728,0%@1728,0%@1728] GR3D_FREQ 0% cpu@60.906C soc2@60.093C soc0@60.281C gpu@61.406C tj@61.562C soc1@61.562C VDD_IN 7656mW/8001mW VDD_CPU_GPU_CV 2019mW/2254mW VDD_SOC 2467mW/2518mW
09-08-2026 20:16:07 RAM 4631/7620MB (lfb 12x2MB) SWAP 745/3810MB (cached 1MB) CPU [1%@1728,5%@1728,0%@1728,8%@1728,0%@1728,0%@1728] GR3D_FREQ 0% cpu@60.687C soc2@60.156C soc0@60.375C gpu@61.406C tj@61.593C soc1@61.593C VDD_IN 7697mW/8001mW VDD_CPU_GPU_CV 2019mW/2254mW VDD_SOC 2507mW/2518mW
09-08-2026 20:16:08 RAM 4631/7620MB (lfb 12x2MB) SWAP 745/3810MB (cached 1MB) CPU [0%@1728,10%@1728,0%@1728,1%@1728,0%@1728,0%@1728] GR3D_FREQ 0% cpu@60.718C soc2@60.125C soc0@60.281C gpu@61.468C tj@61.562C soc1@61.562C VDD_IN 7656mW/8000mW VDD_CPU_GPU_CV 2019mW/2253mW VDD_SOC 2467mW/2518mW
09-08-2026 20:16:09 RAM 4631/7620MB (lfb 13x2MB) SWAP 745/3810MB (cached 1MB) CPU [3%@1728,13%@1728,1%@1728,3%@1728,0%@1728,9%@1728] GR3D_FREQ 0% cpu@60.625C soc2@60C soc0@60.25C gpu@61.406C tj@61.406C soc1@61.343C VDD_IN 7806mW/8000mW VDD_CPU_GPU_CV 2140mW/2253mW VDD_SOC 2507mW/2518mW
09-08-2026 20:16:10 RAM 4631/7620MB (lfb 13x2MB) SWAP 745/3810MB (cached 1MB) CPU [3%@1728,5%@1728,0%@1728,4%@1728,0%@1728,0%@1728] GR3D_FREQ 0% cpu@60.781C soc2@60.312C soc0@60.375C gpu@61.437C tj@61.437C soc1@61.343C VDD_IN 7737mW/8000mW VDD_CPU_GPU_CV 2059mW/2253mW VDD_SOC 2507mW/2518mW
09-08-2026 20:16:11 RAM 4627/7620MB (lfb 13x2MB) SWAP 745/3810MB (cached 1MB) CPU [6%@1728,0%@1728,4%@1728,0%@1728,0%@1728,0%@1728] GR3D_FREQ 0% cpu@61.125C soc2@59.968C soc0@60.406C gpu@61.437C tj@61.437C soc1@61.375C VDD_IN 7778mW/7999mW VDD_CPU_GPU_CV 2099mW/2253mW VDD_SOC 2507mW/2518mW
09-08-2026 20:16:12 RAM 4627/7620MB (lfb 13x2MB) SWAP 745/3810MB (cached 1MB) CPU [3%@1728,0%@1728,8%@1728,1%@1728,0%@1728,0%@1728] GR3D_FREQ 31% cpu@61C soc2@60.031C soc0@60.218C gpu@61.406C tj@61.406C soc1@61.406C VDD_IN 7778mW/7999mW VDD_CPU_GPU_CV 2099mW/2252mW VDD_SOC 2507mW/2518mW
09-08-2026 20:16:13 RAM 4627/7620MB (lfb 13x2MB) SWAP 745/3810MB (cached 1MB) CPU [2%@1728,0%@1728,7%@1728,0%@1728,0%@1728,0%@1728] GR3D_FREQ 20% cpu@60.656C soc2@60.093C soc0@60.187C gpu@61.437C tj@61.437C soc1@61.437C VDD_IN 7778mW/7999mW VDD_CPU_GPU_CV 2099mW/2252mW VDD_SOC 2507mW/2518mW
09-08-2026 20:16:14 RAM 4627/7620MB (lfb 13x2MB) SWAP 745/3810MB (cached 1MB) CPU [3%@1728,0%@1728,8%@1728,3%@1728,0%@1728,0%@1728] GR3D_FREQ 27% cpu@60.656C soc2@60C soc0@60.187C gpu@61.468C tj@61.468C soc1@61.468C VDD_IN 7778mW/7999mW VDD_CPU_GPU_CV 2099mW/2252mW VDD_SOC 2507mW/2518mW
09-08-2026 20:16:15 RAM 4626/7620MB (lfb 13x2MB) SWAP 745/3810MB (cached 1MB) CPU [2%@1728,0%@1728,8%@1728,0%@1728,0%@1728,0%@1728] GR3D_FREQ 31% cpu@60.656C soc2@60.093C soc0@60.187C gpu@61.5C tj@61.5C soc1@61.312C VDD_IN 7737mW/7998mW VDD_CPU_GPU_CV 2059mW/2252mW VDD_SOC 2507mW/2518mW
09-08-2026 20:16:16 RAM 4626/7620MB (lfb 13x2MB) SWAP 745/3810MB (cached 1MB) CPU [1%@1728,0%@1728,8%@1728,0%@1728,0%@1728,0%@1728] GR3D_FREQ 0% cpu@60.625C soc2@59.937C soc0@60.281C gpu@60.968C tj@61.312C soc1@61.312C VDD_IN 7737mW/7998mW VDD_CPU_GPU_CV 2059mW/2252mW VDD_SOC 2507mW/2518mW
09-08-2026 20:16:17 RAM 4626/7620MB (lfb 13x2MB) SWAP 745/3810MB (cached 1MB) CPU [2%@1728,0%@1728,7%@1728,0%@1728,0%@1728,0%@1728] GR3D_FREQ 0% cpu@60.625C soc2@59.843C soc0@60.25C gpu@60.968C tj@61.281C soc1@61.281C VDD_IN 7737mW/7998mW VDD_CPU_GPU_CV 2059mW/2251mW VDD_SOC 2507mW/2518mW
09-08-2026 20:16:18 RAM 4626/7620MB (lfb 13x2MB) SWAP 745/3810MB (cached 1MB) CPU [4%@1728,1%@1728,8%@1728,3%@1728,0%@1728,0%@1728] GR3D_FREQ 0% cpu@60.562C soc2@59.875C soc0@60.093C gpu@61C tj@61.281C soc1@61.281C VDD_IN 7778mW/7997mW VDD_CPU_GPU_CV 2099mW/2251mW VDD_SOC 2507mW/2518mW
09-08-2026 20:16:19 RAM 4627/7620MB (lfb 13x2MB) SWAP 745/3810MB (cached 1MB) CPU [1%@1728,0%@1728,9%@1728,1%@1728,0%@1728,0%@1728] GR3D_FREQ 0% cpu@60.406C soc2@59.843C soc0@60.062C gpu@60.906C tj@61.343C soc1@61.343C VDD_IN 7697mW/7997mW VDD_CPU_GPU_CV 2059mW/2251mW VDD_SOC 2507mW/2518mW
09-08-2026 20:16:20 RAM 4627/7620MB (lfb 13x2MB) SWAP 745/3810MB (cached 1MB) CPU [0%@1728,0%@1728,9%@1728,0%@1728,0%@1728,0%@1728] GR3D_FREQ 0% cpu@60.375C soc2@59.875C soc0@60C gpu@60.937C tj@61.25C soc1@61.25C VDD_IN 7697mW/7997mW VDD_CPU_GPU_CV 2019mW/2251mW VDD_SOC 2467mW/2518mW
09-08-2026 20:16:21 RAM 4627/7620MB (lfb 13x2MB) SWAP 745/3810MB (cached 1MB) CPU [1%@1728,0%@1728,8%@1728,0%@1728,0%@1728,0%@1728] GR3D_FREQ 0% cpu@60.468C soc2@59.875C soc0@60.031C gpu@60.937C tj@61.156C soc1@61.156C VDD_IN 7656mW/7996mW VDD_CPU_GPU_CV 2019mW/2250mW VDD_SOC 2467mW/2518mW
09-08-2026 20:16:22 RAM 4627/7620MB (lfb 13x2MB) SWAP 745/3810MB (cached 1MB) CPU [0%@1728,0%@1728,9%@1728,0%@1728,0%@1728,0%@1728] GR3D_FREQ 0% cpu@60.375C soc2@59.843C soc0@60.031C gpu@61.125C tj@61.187C soc1@61.187C VDD_IN 7656mW/7996mW VDD_CPU_GPU_CV 2019mW/2250mW VDD_SOC 2467mW/2518mW
09-08-2026 20:16:23 RAM 4627/7620MB (lfb 13x2MB) SWAP 745/3810MB (cached 1MB) CPU [2%@1728,0%@1728,9%@1728,0%@1728,0%@1728,0%@1728] GR3D_FREQ 0% cpu@60.625C soc2@59.781C soc0@60.187C gpu@61.125C tj@61.187C soc1@61.187C VDD_IN 7656mW/7995mW VDD_CPU_GPU_CV 2019mW/2250mW VDD_SOC 2467mW/2518mW
09-08-2026 20:16:24 RAM 4627/7620MB (lfb 13x2MB) SWAP 745/3810MB (cached 1MB) CPU [0%@1728,1%@1728,10%@1728,0%@1728,0%@1728,0%@1728] GR3D_FREQ 0% cpu@60.468C soc2@59.75C soc0@59.968C gpu@61.062C tj@61.25C soc1@61.25C VDD_IN 7656mW/7995mW VDD_CPU_GPU_CV 2019mW/2250mW VDD_SOC 2467mW/2518mW
09-08-2026 20:16:25 RAM 4627/7620MB (lfb 13x2MB) SWAP 745/3810MB (cached 1MB) CPU [0%@1728,0%@1728,9%@1728,0%@1728,0%@1728,0%@1728] GR3D_FREQ 0% cpu@60.281C soc2@59.687C soc0@59.937C gpu@61.062C tj@61.25C soc1@61.25C VDD_IN 7616mW/7995mW VDD_CPU_GPU_CV 1978mW/2249mW VDD_SOC 2467mW/2517mW
09-08-2026 20:16:26 RAM 4627/7620MB (lfb 13x2MB) SWAP 745/3810MB (cached 1MB) CPU [0%@1728,0%@1728,8%@1728,0%@1728,0%@1728,0%@1728] GR3D_FREQ 0% cpu@60.312C soc2@59.687C soc0@59.968C gpu@61.031C tj@61.281C soc1@61.281C VDD_IN 7616mW/7994mW VDD_CPU_GPU_CV 1978mW/2249mW VDD_SOC 2467mW/2517mW
09-08-2026 20:16:27 RAM 4636/7620MB (lfb 9x2MB) SWAP 745/3810MB (cached 1MB) CPU [6%@1728,4%@1728,15%@1728,4%@1728,3%@1728,5%@1728] GR3D_FREQ 0% cpu@60.906C soc2@59.875C soc0@60.031C gpu@61.125C tj@61.125C soc1@60.968C VDD_IN 8089mW/7994mW VDD_CPU_GPU_CV 2342mW/2249mW VDD_SOC 2507mW/2517mW
09-08-2026 20:16:28 RAM 4622/7620MB (lfb 12x2MB) SWAP 745/3810MB (cached 1MB) CPU [9%@1728,10%@1728,31%@1728,7%@1728,15%@1728,11%@1728] GR3D_FREQ 0% cpu@60.375C soc2@59.687C soc0@60C gpu@61.062C tj@61.093C soc1@61.093C VDD_IN 7968mW/7994mW VDD_CPU_GPU_CV 2261mW/2249mW VDD_SOC 2507mW/2517mW
09-08-2026 20:16:29 RAM 4622/7620MB (lfb 12x2MB) SWAP 745/3810MB (cached 1MB) CPU [2%@1728,2%@1728,10%@1728,0%@1728,0%@1728,0%@1728] GR3D_FREQ 0% cpu@60.75C soc2@59.906C soc0@60.093C gpu@61.093C tj@61.093C soc1@61.031C VDD_IN 7737mW/7994mW VDD_CPU_GPU_CV 2059mW/2249mW VDD_SOC 2507mW/2517mW
09-08-2026 20:16:30 RAM 4622/7620MB (lfb 12x2MB) SWAP 745/3810MB (cached 1MB) CPU [2%@1728,0%@1728,8%@1728,0%@1728,0%@1728,0%@1728] GR3D_FREQ 0% cpu@60.625C soc2@59.781C soc0@59.843C gpu@61.125C tj@61.125C soc1@61.031C VDD_IN 7778mW/7994mW VDD_CPU_GPU_CV 2099mW/2249mW VDD_SOC 2507mW/2517mW
09-08-2026 20:16:31 RAM 4622/7620MB (lfb 12x2MB) SWAP 745/3810MB (cached 1MB) CPU [0%@1728,0%@1728,9%@1728,0%@1728,0%@1728,0%@1728] GR3D_FREQ 30% cpu@60.312C soc2@59.718C soc0@59.812C gpu@61.093C tj@61.093C soc1@61.093C VDD_IN 7737mW/7993mW VDD_CPU_GPU_CV 2059mW/2248mW VDD_SOC 2507mW/2517mW
09-08-2026 20:16:32 RAM 4622/7620MB (lfb 12x2MB) SWAP 745/3810MB (cached 1MB) CPU [2%@1728,0%@1728,8%@1728,1%@1728,0%@1728,0%@1728] GR3D_FREQ 14% cpu@60.343C soc2@59.593C soc0@59.812C gpu@61.125C tj@61.156C soc1@61.156C VDD_IN 7737mW/7993mW VDD_CPU_GPU_CV 2099mW/2248mW VDD_SOC 2507mW/2517mW
09-08-2026 20:16:33 RAM 4621/7620MB (lfb 13x2MB) SWAP 745/3810MB (cached 1MB) CPU [4%@1728,0%@1728,5%@1728,1%@1728,0%@1728,0%@1728] GR3D_FREQ 31% cpu@60.25C soc2@59.593C soc0@59.937C gpu@61.031C tj@61.031C soc1@60.937C VDD_IN 7778mW/7993mW VDD_CPU_GPU_CV 2099mW/2248mW VDD_SOC 2507mW/2517mW
09-08-2026 20:16:34 RAM 4621/7620MB (lfb 13x2MB) SWAP 745/3810MB (cached 1MB) CPU [6%@1728,0%@1728,2%@1728,2%@1728,0%@1728,0%@1728] GR3D_FREQ 31% cpu@60.312C soc2@59.656C soc0@59.906C gpu@61.062C tj@61.062C soc1@60.875C VDD_IN 7737mW/7992mW VDD_CPU_GPU_CV 2059mW/2248mW VDD_SOC 2507mW/2517mW
09-08-2026 20:16:35 RAM 4621/7620MB (lfb 13x2MB) SWAP 745/3810MB (cached 1MB) CPU [4%@1728,2%@1728,1%@1728,6%@1728,0%@1728,0%@1728] GR3D_FREQ 0% cpu@60.187C soc2@59.531C soc0@59.718C gpu@61.031C tj@61.031C soc1@60.843C VDD_IN 7737mW/7992mW VDD_CPU_GPU_CV 2059mW/2248mW VDD_SOC 2507mW/2517mW
09-08-2026 20:16:36 RAM 4621/7620MB (lfb 13x2MB) SWAP 745/3810MB (cached 1MB) CPU [1%@1728,0%@1728,2%@1728,6%@1728,0%@1728,0%@1728] GR3D_FREQ 0% cpu@60.218C soc2@59.625C soc0@59.718C gpu@60.593C tj@60.875C soc1@60.875C VDD_IN 7697mW/7992mW VDD_CPU_GPU_CV 2059mW/2247mW VDD_SOC 2507mW/2517mW
09-08-2026 20:16:37 RAM 4621/7620MB (lfb 13x2MB) SWAP 745/3810MB (cached 1MB) CPU [1%@1728,1%@1728,2%@1728,8%@1728,0%@1728,0%@1728] GR3D_FREQ 0% cpu@60.031C soc2@59.531C soc0@59.718C gpu@60.687C tj@60.906C soc1@60.906C VDD_IN 7697mW/7991mW VDD_CPU_GPU_CV 2059mW/2247mW VDD_SOC 2507mW/2517mW
09-08-2026 20:16:38 RAM 4618/7620MB (lfb 14x2MB) SWAP 745/3810MB (cached 1MB) CPU [1%@1728,1%@1728,3%@1728,8%@1728,0%@1728,0%@1728] GR3D_FREQ 0% cpu@60.125C soc2@59.437C soc0@59.687C gpu@60.593C tj@60.781C soc1@60.781C VDD_IN 7737mW/7991mW VDD_CPU_GPU_CV 2059mW/2247mW VDD_SOC 2507mW/2517mW
09-08-2026 20:16:39 RAM 4622/7620MB (lfb 11x2MB) SWAP 745/3810MB (cached 1MB) CPU [4%@1728,4%@1728,13%@1728,10%@1728,2%@1728,0%@1728] GR3D_FREQ 0% cpu@60.125C soc2@59.562C soc0@59.781C gpu@60.593C tj@60.781C soc1@60.781C VDD_IN 7846mW/7991mW VDD_CPU_GPU_CV 2140mW/2247mW VDD_SOC 2507mW/2517mW
09-08-2026 20:16:40 RAM 4625/7620MB (lfb 11x2MB) SWAP 745/3810MB (cached 1MB) CPU [3%@1728,2%@1728,0%@1728,6%@1728,0%@1728,0%@1728] GR3D_FREQ 0% cpu@60.125C soc2@59.531C soc0@59.812C gpu@60.656C tj@60.812C soc1@60.812C VDD_IN 7697mW/7991mW VDD_CPU_GPU_CV 2019mW/2246mW VDD_SOC 2467mW/2517mW
09-08-2026 20:16:41 RAM 4625/7620MB (lfb 11x2MB) SWAP 745/3810MB (cached 1MB) CPU [0%@1728,0%@1728,0%@1728,9%@1728,0%@1728,0%@1728] GR3D_FREQ 0% cpu@60.187C soc2@59.468C soc0@59.625C gpu@60.5C tj@60.843C soc1@60.843C VDD_IN 7656mW/7990mW VDD_CPU_GPU_CV 2019mW/2246mW VDD_SOC 2467mW/2517mW
09-08-2026 20:16:42 RAM 4625/7620MB (lfb 11x2MB) SWAP 745/3810MB (cached 1MB) CPU [0%@1728,0%@1728,0%@1728,9%@1728,0%@1728,0%@1728] GR3D_FREQ 0% cpu@60C soc2@59.468C soc0@59.687C gpu@60.5C tj@60.843C soc1@60.843C VDD_IN 7656mW/7990mW VDD_CPU_GPU_CV 2019mW/2246mW VDD_SOC 2467mW/2517mW
09-08-2026 20:16:43 RAM 4623/7620MB (lfb 12x2MB) SWAP 745/3810MB (cached 1MB) CPU [1%@1728,1%@1728,1%@1728,10%@1728,0%@1728,0%@1728] GR3D_FREQ 0% cpu@60.312C soc2@59.375C soc0@59.562C gpu@60.468C tj@60.875C soc1@60.875C VDD_IN 7697mW/7989mW VDD_CPU_GPU_CV 2059mW/2246mW VDD_SOC 2467mW/2517mW
09-08-2026 20:16:44 RAM 4623/7620MB (lfb 12x2MB) SWAP 745/3810MB (cached 1MB) CPU [0%@1728,0%@1728,1%@1728,9%@1728,0%@1728,0%@1728] GR3D_FREQ 0% cpu@59.937C soc2@59.375C soc0@59.656C gpu@60.656C tj@60.75C soc1@60.75C VDD_IN 7616mW/7989mW VDD_CPU_GPU_CV 2019mW/2245mW VDD_SOC 2467mW/2517mW
09-08-2026 20:16:45 RAM 4623/7620MB (lfb 12x2MB) SWAP 745/3810MB (cached 1MB) CPU [0%@1728,0%@1728,0%@1728,9%@1728,0%@1728,0%@1728] GR3D_FREQ 0% cpu@59.968C soc2@59.312C soc0@59.625C gpu@60.593C tj@60.718C soc1@60.718C VDD_IN 7616mW/7989mW VDD_CPU_GPU_CV 1978mW/2245mW VDD_SOC 2467mW/2517mW
09-08-2026 20:16:46 RAM 4623/7620MB (lfb 12x2MB) SWAP 745/3810MB (cached 1MB) CPU [1%@1728,0%@1728,0%@1728,9%@1728,0%@1728,0%@1728] GR3D_FREQ 0% cpu@60.093C soc2@59.281C soc0@59.656C gpu@60.656C tj@60.687C soc1@60.687C VDD_IN 7616mW/7988mW VDD_CPU_GPU_CV 1978mW/2245mW VDD_SOC 2467mW/2517mW
09-08-2026 20:16:47 RAM 4623/7620MB (lfb 12x2MB) SWAP 745/3810MB (cached 1MB) CPU [1%@1728,0%@1728,0%@1728,8%@1728,0%@1728,0%@1728] GR3D_FREQ 0% cpu@59.906C soc2@59.25C soc0@59.687C gpu@60.625C tj@60.687C soc1@60.687C VDD_IN 7616mW/7988mW VDD_CPU_GPU_CV 1978mW/2245mW VDD_SOC 2467mW/2517mW
09-08-2026 20:16:48 RAM 4623/7620MB (lfb 12x2MB) SWAP 745/3810MB (cached 1MB) CPU [4%@1728,0%@1728,0%@1728,7%@1728,0%@1728,0%@1728] GR3D_FREQ 0% cpu@59.937C soc2@59.531C soc0@59.5C gpu@60.562C tj@60.75C soc1@60.75C VDD_IN 7656mW/7987mW VDD_CPU_GPU_CV 2019mW/2244mW VDD_SOC 2507mW/2517mW
09-08-2026 20:16:49 RAM 4623/7620MB (lfb 12x2MB) SWAP 745/3810MB (cached 1MB) CPU [0%@1728,0%@1728,1%@1728,9%@1728,0%@1728,0%@1728] GR3D_FREQ 0% cpu@60C soc2@59.406C soc0@59.437C gpu@60.656C tj@60.781C soc1@60.781C VDD_IN 7778mW/7987mW VDD_CPU_GPU_CV 2099mW/2244mW VDD_SOC 2507mW/2517mW
09-08-2026 20:16:50 RAM 4623/7620MB (lfb 12x2MB) SWAP 745/3810MB (cached 1MB) CPU [0%@1728,1%@1728,0%@1728,10%@1728,0%@1728,0%@1728] GR3D_FREQ 24% cpu@60.062C soc2@59.281C soc0@59.531C gpu@60.625C tj@60.625C soc1@60.5C VDD_IN 7737mW/7987mW VDD_CPU_GPU_CV 2059mW/2244mW VDD_SOC 2507mW/2517mW
09-08-2026 20:16:51 RAM 4623/7620MB (lfb 12x2MB) SWAP 745/3810MB (cached 1MB) CPU [0%@1728,1%@1728,0%@1728,9%@1728,0%@1728,0%@1728] GR3D_FREQ 7% cpu@59.906C soc2@59.187C soc0@59.562C gpu@60.593C tj@60.593C soc1@60.531C VDD_IN 7737mW/7986mW VDD_CPU_GPU_CV 2059mW/2244mW VDD_SOC 2507mW/2517mW
09-08-2026 20:16:52 RAM 4623/7620MB (lfb 12x2MB) SWAP 745/3810MB (cached 1MB) CPU [0%@1728,0%@1728,0%@1728,10%@1728,0%@1728,0%@1728] GR3D_FREQ 31% cpu@59.937C soc2@59.187C soc0@59.656C gpu@60.687C tj@60.687C soc1@60.562C VDD_IN 7737mW/7986mW VDD_CPU_GPU_CV 2059mW/2243mW VDD_SOC 2507mW/2517mW
09-08-2026 20:16:53 RAM 4623/7620MB (lfb 12x2MB) SWAP 745/3810MB (cached 1MB) CPU [2%@1728,0%@1728,2%@1728,7%@1728,0%@1728,0%@1728] GR3D_FREQ 31% cpu@60.093C soc2@59.281C soc0@59.562C gpu@60.625C tj@60.625C soc1@60.531C VDD_IN 7737mW/7986mW VDD_CPU_GPU_CV 2059mW/2243mW VDD_SOC 2507mW/2517mW
09-08-2026 20:16:54 RAM 4623/7620MB (lfb 12x2MB) SWAP 745/3810MB (cached 1MB) CPU [4%@1728,0%@1728,6%@1728,0%@1728,0%@1728,0%@1728] GR3D_FREQ 0% cpu@59.75C soc2@59.187C soc0@59.281C gpu@60.625C tj@60.625C soc1@60.593C VDD_IN 7737mW/7986mW VDD_CPU_GPU_CV 2059mW/2243mW VDD_SOC 2507mW/2517mW
09-08-2026 20:16:55 RAM 4623/7620MB (lfb 12x2MB) SWAP 745/3810MB (cached 1MB) CPU [5%@1728,1%@1728,5%@1728,0%@1728,0%@1728,0%@1728] GR3D_FREQ 0% cpu@59.781C soc2@59.187C soc0@59.375C gpu@60.656C tj@60.656C soc1@60.562C VDD_IN 7697mW/7985mW VDD_CPU_GPU_CV 2059mW/2243mW VDD_SOC 2507mW/2517mW
09-08-2026 20:16:56 RAM 4623/7620MB (lfb 12x2MB) SWAP 745/3810MB (cached 1MB) CPU [3%@1728,2%@1728,7%@1728,0%@1728,0%@1728,0%@1728] GR3D_FREQ 0% cpu@59.687C soc2@59.25C soc0@59.375C gpu@60.687C tj@60.687C soc1@60.687C VDD_IN 7737mW/7985mW VDD_CPU_GPU_CV 2059mW/2243mW VDD_SOC 2507mW/2517mW
09-08-2026 20:16:57 RAM 4623/7620MB (lfb 12x2MB) SWAP 745/3810MB (cached 1MB) CPU [3%@1728,0%@1728,6%@1728,0%@1728,0%@1728,0%@1728] GR3D_FREQ 0% cpu@59.75C soc2@59.062C soc0@59.468C gpu@60.25C tj@60.375C soc1@60.375C VDD_IN 7697mW/7985mW VDD_CPU_GPU_CV 2059mW/2242mW VDD_SOC 2467mW/2517mW
09-08-2026 20:16:58 RAM 4623/7620MB (lfb 13x2MB) SWAP 745/3810MB (cached 1MB) CPU [14%@1728,16%@1728,18%@1728,19%@1728,27%@1728,26%@1728] GR3D_FREQ 0% cpu@60.25C soc2@59.187C soc0@59.406C gpu@60.25C tj@60.468C soc1@60.468C VDD_IN 8858mW/7986mW VDD_CPU_GPU_CV 2907mW/2243mW VDD_SOC 2588mW/2517mW
09-08-2026 20:16:59 RAM 4623/7620MB (lfb 13x2MB) SWAP 745/3810MB (cached 1MB) CPU [2%@1728,0%@1728,1%@1728,9%@1728,0%@1728,1%@1728] GR3D_FREQ 0% cpu@59.75C soc2@59.062C soc0@59.187C gpu@60.218C tj@60.437C soc1@60.437C VDD_IN 7766mW/7985mW VDD_CPU_GPU_CV 2099mW/2243mW VDD_SOC 2507mW/2517mW
09-08-2026 20:17:00 RAM 4623/7620MB (lfb 13x2MB) SWAP 745/3810MB (cached 1MB) CPU [0%@1728,0%@1728,0%@1728,9%@1728,0%@1728,0%@1728] GR3D_FREQ 0% cpu@59.781C soc2@59.031C soc0@59.312C gpu@60.187C tj@60.468C soc1@60.468C VDD_IN 7656mW/7985mW VDD_CPU_GPU_CV 2019mW/2243mW VDD_SOC 2467mW/2517mW
09-08-2026 20:17:01 RAM 4623/7620MB (lfb 13x2MB) SWAP 745/3810MB (cached 1MB) CPU [1%@1728,0%@1728,0%@1728,9%@1728,0%@1728,0%@1728] GR3D_FREQ 0% cpu@59.687C soc2@59.031C soc0@59.312C gpu@60.125C tj@60.5C soc1@60.5C VDD_IN 7656mW/7985mW VDD_CPU_GPU_CV 2019mW/2242mW VDD_SOC 2467mW/2517mW
09-08-2026 20:17:02 RAM 4623/7620MB (lfb 13x2MB) SWAP 745/3810MB (cached 1MB) CPU [0%@1728,0%@1728,0%@1728,9%@1728,0%@1728,0%@1728] GR3D_FREQ 0% cpu@59.562C soc2@59.125C soc0@59.281C gpu@60.156C tj@60.343C soc1@60.343C VDD_IN 7616mW/7984mW VDD_CPU_GPU_CV 2019mW/2242mW VDD_SOC 2467mW/2516mW
09-08-2026 20:17:03 RAM 4623/7620MB (lfb 13x2MB) SWAP 745/3810MB (cached 1MB) CPU [0%@1728,1%@1728,1%@1728,9%@1728,0%@1728,0%@1728] GR3D_FREQ 0% cpu@59.625C soc2@58.937C soc0@59.218C gpu@60.031C tj@60.312C soc1@60.312C VDD_IN 7616mW/7984mW VDD_CPU_GPU_CV 2019mW/2242mW VDD_SOC 2467mW/2516mW
09-08-2026 20:17:04 RAM 4623/7620MB (lfb 13x2MB) SWAP 745/3810MB (cached 1MB) CPU [0%@1728,0%@1728,0%@1728,10%@1728,0%@1728,0%@1728] GR3D_FREQ 0% cpu@59.656C soc2@58.968C soc0@59.343C gpu@60.093C tj@60.375C soc1@60.375C VDD_IN 7616mW/7983mW VDD_CPU_GPU_CV 1978mW/2242mW VDD_SOC 2467mW/2516mW
09-08-2026 20:17:05 RAM 4623/7620MB (lfb 13x2MB) SWAP 745/3810MB (cached 1MB) CPU [0%@1728,0%@1728,0%@1728,10%@1728,0%@1728,0%@1728] GR3D_FREQ 0% cpu@59.656C soc2@58.937C soc0@59.187C gpu@60.125C tj@60.406C soc1@60.406C VDD_IN 7575mW/7983mW VDD_CPU_GPU_CV 1978mW/2241mW VDD_SOC 2467mW/2516mW
09-08-2026 20:17:06 RAM 4623/7620MB (lfb 13x2MB) SWAP 745/3810MB (cached 1MB) CPU [1%@1728,0%@1728,0%@1728,9%@1728,0%@1728,0%@1728] GR3D_FREQ 0% cpu@59.718C soc2@59C soc0@59.187C gpu@60.156C tj@60.343C soc1@60.343C VDD_IN 7575mW/7982mW VDD_CPU_GPU_CV 1978mW/2241mW VDD_SOC 2467mW/2516mW
09-08-2026 20:17:07 RAM 4623/7620MB (lfb 13x2MB) SWAP 745/3810MB (cached 1MB) CPU [0%@1728,1%@1728,0%@1728,9%@1728,0%@1728,0%@1728] GR3D_FREQ 0% cpu@59.531C soc2@59.062C soc0@59.156C gpu@60.031C tj@60.375C soc1@60.375C VDD_IN 7575mW/7982mW VDD_CPU_GPU_CV 1978mW/2241mW VDD_SOC 2467mW/2516mW
09-08-2026 20:17:08 RAM 4625/7620MB (lfb 12x2MB) SWAP 745/3810MB (cached 1MB) CPU [0%@1728,0%@1728,4%@1728,6%@1728,0%@1728,0%@1728] GR3D_FREQ 0% cpu@59.656C soc2@58.937C soc0@59.156C gpu@60.093C tj@60.25C soc1@60.25C VDD_IN 7737mW/7982mW VDD_CPU_GPU_CV 2059mW/2240mW VDD_SOC 2507mW/2516mW
09-08-2026 20:17:09 RAM 4625/7620MB (lfb 12x2MB) SWAP 745/3810MB (cached 1MB) CPU [12%@1728,5%@1728,6%@1728,8%@1728,0%@1728,0%@1728] GR3D_FREQ 17% cpu@59.531C soc2@58.906C soc0@59.218C gpu@60.031C tj@60.281C soc1@60.281C VDD_IN 7887mW/7981mW VDD_CPU_GPU_CV 2180mW/2240mW VDD_SOC 2507mW/2516mW
09-08-2026 20:17:10 RAM 4625/7620MB (lfb 12x2MB) SWAP 745/3810MB (cached 1MB) CPU [0%@1728,0%@1728,0%@1728,10%@1728,0%@1728,0%@1728] GR3D_FREQ 1% cpu@59.656C soc2@58.812C soc0@59.218C gpu@60.031C tj@60.312C soc1@60.25C VDD_IN 7737mW/7981mW VDD_CPU_GPU_CV 2059mW/2240mW VDD_SOC 2507mW/2516mW
09-08-2026 20:17:11 RAM 4625/7620MB (lfb 12x2MB) SWAP 745/3810MB (cached 1MB) CPU [0%@1728,0%@1728,0%@1728,9%@1728,0%@1728,0%@1728] GR3D_FREQ 31% cpu@59.687C soc2@58.875C soc0@58.937C gpu@60.281C tj@60.281C soc1@60.156C VDD_IN 7697mW/7981mW VDD_CPU_GPU_CV 2059mW/2240mW VDD_SOC 2467mW/2516mW
09-08-2026 20:17:12 RAM 4620/7620MB (lfb 13x2MB) SWAP 745/3810MB (cached 1MB) CPU [0%@1728,2%@1728,0%@1728,9%@1728,0%@1728,0%@1728] GR3D_FREQ 31% cpu@59.468C soc2@58.906C soc0@59.031C gpu@60.312C tj@60.312C soc1@60.312C VDD_IN 7737mW/7981mW VDD_CPU_GPU_CV 2059mW/2240mW VDD_SOC 2507mW/2516mW
09-08-2026 20:17:13 RAM 4620/7620MB (lfb 13x2MB) SWAP 745/3810MB (cached 1MB) CPU [2%@1728,1%@1728,4%@1728,5%@1728,0%@1728,0%@1728] GR3D_FREQ 0% cpu@59.375C soc2@58.843C soc0@59.031C gpu@60.312C tj@60.312C soc1@60.312C VDD_IN 7737mW/7980mW VDD_CPU_GPU_CV 2099mW/2240mW VDD_SOC 2507mW/2516mW
09-08-2026 20:17:14 RAM 4620/7620MB (lfb 13x2MB) SWAP 745/3810MB (cached 1MB) CPU [3%@1728,1%@1728,0%@1728,7%@1728,0%@1728,0%@1728] GR3D_FREQ 2% cpu@59.375C soc2@58.812C soc0@59.093C gpu@60.281C tj@60.281C soc1@60.156C VDD_IN 7697mW/7980mW VDD_CPU_GPU_CV 2059mW/2239mW VDD_SOC 2507mW/2516mW
09-08-2026 20:17:15 RAM 4620/7620MB (lfb 13x2MB) SWAP 745/3810MB (cached 1MB) CPU [3%@1728,0%@1728,0%@1728,7%@1728,0%@1728,0%@1728] GR3D_FREQ 0% cpu@59.406C soc2@58.718C soc0@59.093C gpu@60.281C tj@60.281C soc1@60.125C VDD_IN 7697mW/7980mW VDD_CPU_GPU_CV 2059mW/2239mW VDD_SOC 2467mW/2516mW
09-08-2026 20:17:16 RAM 4620/7620MB (lfb 13x2MB) SWAP 745/3810MB (cached 1MB) CPU [5%@1728,0%@1728,0%@1728,5%@1728,0%@1728,0%@1728] GR3D_FREQ 0% cpu@59.531C soc2@58.718C soc0@59.093C gpu@60.343C tj@60.343C soc1@60.062C VDD_IN 7656mW/7979mW VDD_CPU_GPU_CV 2019mW/2239mW VDD_SOC 2467mW/2516mW
09-08-2026 20:17:17 RAM 4620/7620MB (lfb 13x2MB) SWAP 745/3810MB (cached 1MB) CPU [4%@1728,0%@1728,0%@1728,6%@1728,0%@1728,0%@1728] GR3D_FREQ 0% cpu@59.406C soc2@58.75C soc0@59.218C gpu@60.281C tj@60.281C soc1@60.125C VDD_IN 7656mW/7979mW VDD_CPU_GPU_CV 2019mW/2239mW VDD_SOC 2467mW/2516mW
09-08-2026 20:17:18 RAM 4621/7620MB (lfb 13x2MB) SWAP 745/3810MB (cached 1MB) CPU [4%@1728,1%@1728,2%@1728,7%@1728,0%@1728,0%@1728] GR3D_FREQ 0% cpu@59.562C soc2@58.687C soc0@58.968C gpu@59.843C tj@60.156C soc1@60.156C VDD_IN 7656mW/7979mW VDD_CPU_GPU_CV 2019mW/2238mW VDD_SOC 2467mW/2516mW
09-08-2026 20:17:19 RAM 4621/7620MB (lfb 13x2MB) SWAP 745/3810MB (cached 1MB) CPU [4%@1728,1%@1728,0%@1728,5%@1728,0%@1728,0%@1728] GR3D_FREQ 0% cpu@59.218C soc2@58.718C soc0@58.937C gpu@59.812C tj@60.218C soc1@60.218C VDD_IN 7656mW/7978mW VDD_CPU_GPU_CV 2019mW/2238mW VDD_SOC 2467mW/2516mW
09-08-2026 20:17:20 RAM 4621/7620MB (lfb 13x2MB) SWAP 745/3810MB (cached 1MB) CPU [4%@1728,0%@1728,0%@1728,6%@1728,0%@1728,0%@1728] GR3D_FREQ 0% cpu@59.218C soc2@58.781C soc0@58.937C gpu@59.812C tj@60.031C soc1@60.031C VDD_IN 7656mW/7978mW VDD_CPU_GPU_CV 2019mW/2238mW VDD_SOC 2467mW/2516mW
09-08-2026 20:17:21 RAM 4621/7620MB (lfb 13x2MB) SWAP 745/3810MB (cached 1MB) CPU [3%@1728,0%@1728,0%@1728,6%@1728,0%@1728,0%@1728] GR3D_FREQ 0% cpu@59.187C soc2@58.625C soc0@58.906C gpu@59.812C tj@60C soc1@60C VDD_IN 7616mW/7977mW VDD_CPU_GPU_CV 1978mW/2238mW VDD_SOC 2467mW/2516mW
09-08-2026 20:17:22 RAM 4621/7620MB (lfb 13x2MB) SWAP 745/3810MB (cached 1MB) CPU [0%@1728,0%@1728,0%@1728,10%@1728,0%@1728,0%@1728] GR3D_FREQ 0% cpu@59.25C soc2@58.593C soc0@58.968C gpu@59.812C tj@60.062C soc1@60.062C VDD_IN 7616mW/7977mW VDD_CPU_GPU_CV 1978mW/2237mW VDD_SOC 2467mW/2516mW
09-08-2026 20:17:23 RAM 4621/7620MB (lfb 13x2MB) SWAP 745/3810MB (cached 1MB) CPU [0%@1728,0%@1728,1%@1728,9%@1728,0%@1728,0%@1728] GR3D_FREQ 0% cpu@59.375C soc2@58.656C soc0@59C gpu@59.75C tj@59.937C soc1@59.937C VDD_IN 7616mW/7977mW VDD_CPU_GPU_CV 1978mW/2237mW VDD_SOC 2467mW/2516mW
09-08-2026 20:17:24 RAM 4622/7620MB (lfb 13x2MB) SWAP 745/3810MB (cached 1MB) CPU [6%@1728,12%@1728,6%@1728,12%@1728,16%@1728,7%@1728] GR3D_FREQ 0% cpu@59.406C soc2@58.656C soc0@58.843C gpu@59.812C tj@60.093C soc1@60.093C VDD_IN 8049mW/7977mW VDD_CPU_GPU_CV 2301mW/2237mW VDD_SOC 2507mW/2516mW
09-08-2026 20:17:25 RAM 4622/7620MB (lfb 13x2MB) SWAP 745/3810MB (cached 1MB) CPU [0%@1728,9%@1728,1%@1728,0%@1728,0%@1728,0%@1728] GR3D_FREQ 0% cpu@59.25C soc2@58.593C soc0@58.781C gpu@59.75C tj@60.125C soc1@60.125C VDD_IN 7616mW/7976mW VDD_CPU_GPU_CV 2019mW/2237mW VDD_SOC 2467mW/2516mW
09-08-2026 20:17:26 RAM 4622/7620MB (lfb 13x2MB) SWAP 745/3810MB (cached 1MB) CPU [0%@1728,10%@1728,0%@1728,0%@1728,0%@1728,0%@1728] GR3D_FREQ 0% cpu@59.187C soc2@58.625C soc0@58.718C gpu@59.718C tj@60.125C soc1@59.906C VDD_IN 7575mW/7976mW VDD_CPU_GPU_CV 1978mW/2237mW VDD_SOC 2467mW/2515mW
09-08-2026 20:17:27 RAM 4622/7620MB (lfb 13x2MB) SWAP 745/3810MB (cached 1MB) CPU [0%@1728,9%@1728,0%@1728,0%@1728,0%@1728,0%@1728] GR3D_FREQ 0% cpu@59.312C soc2@58.625C soc0@58.843C gpu@59.75C tj@59.906C soc1@59.906C VDD_IN 7697mW/7975mW VDD_CPU_GPU_CV 2059mW/2236mW VDD_SOC 2507mW/2515mW
09-08-2026 20:17:28 RAM 4619/7620MB (lfb 11x2MB) SWAP 745/3810MB (cached 1MB) CPU [7%@1728,12%@1728,6%@1728,8%@1728,3%@1728,10%@1728] GR3D_FREQ 6% cpu@60.125C soc2@58.687C soc0@58.968C gpu@59.937C tj@60.125C soc1@59.937C VDD_IN 8332mW/7976mW VDD_CPU_GPU_CV 2503mW/2237mW VDD_SOC 2548mW/2515mW
09-08-2026 20:17:29 RAM 4613/7620MB (lfb 13x2MB) SWAP 745/3810MB (cached 1MB) CPU [9%@1728,17%@1728,7%@1728,6%@1728,20%@1728,30%@1728] GR3D_FREQ 0% cpu@59.343C soc2@58.625C soc0@58.781C gpu@59.937C tj@59.968C soc1@59.968C VDD_IN 8049mW/7976mW VDD_CPU_GPU_CV 2301mW/2237mW VDD_SOC 2507mW/2515mW
09-08-2026 20:17:30 RAM 4613/7620MB (lfb 13x2MB) SWAP 745/3810MB (cached 1MB) CPU [7%@1728,2%@1728,0%@1728,0%@1728,0%@1728,0%@1728] GR3D_FREQ 31% cpu@59.187C soc2@58.5C soc0@58.718C gpu@59.906C tj@60C soc1@60C VDD_IN 7737mW/7976mW VDD_CPU_GPU_CV 2059mW/2237mW VDD_SOC 2467mW/2515mW
09-08-2026 20:17:31 RAM 4613/7620MB (lfb 13x2MB) SWAP 745/3810MB (cached 1MB) CPU [3%@1728,6%@1728,0%@1728,0%@1728,0%@1728,0%@1728] GR3D_FREQ 31% cpu@59.156C soc2@58.562C soc0@58.687C gpu@60C tj@60.062C soc1@60.062C VDD_IN 7697mW/7975mW VDD_CPU_GPU_CV 2059mW/2236mW VDD_SOC 2467mW/2515mW
09-08-2026 20:17:32 RAM 4613/7620MB (lfb 13x2MB) SWAP 745/3810MB (cached 1MB) CPU [2%@1728,8%@1728,0%@1728,0%@1728,0%@1728,0%@1728] GR3D_FREQ 0% cpu@59.187C soc2@58.375C soc0@58.718C gpu@59.937C tj@59.937C soc1@59.843C VDD_IN 7697mW/7975mW VDD_CPU_GPU_CV 2059mW/2236mW VDD_SOC 2467mW/2515mW
09-08-2026 20:17:33 RAM 4613/7620MB (lfb 13x2MB) SWAP 745/3810MB (cached 1MB) CPU [5%@1728,4%@1728,0%@1728,1%@1728,0%@1728,0%@1728] GR3D_FREQ 9% cpu@59.156C soc2@58.375C soc0@58.781C gpu@59.937C tj@59.937C soc1@59.843C VDD_IN 7697mW/7975mW VDD_CPU_GPU_CV 2059mW/2236mW VDD_SOC 2467mW/2515mW
09-08-2026 20:17:34 RAM 4613/7620MB (lfb 13x2MB) SWAP 745/3810MB (cached 1MB) CPU [4%@1728,6%@1728,0%@1728,3%@1728,0%@1728,0%@1728] GR3D_FREQ 0% cpu@59.156C soc2@58.468C soc0@58.562C gpu@59.937C tj@59.937C soc1@59.843C VDD_IN 7697mW/7974mW VDD_CPU_GPU_CV 2059mW/2236mW VDD_SOC 2467mW/2515mW
09-08-2026 20:17:35 RAM 4613/7620MB (lfb 13x2MB) SWAP 745/3810MB (cached 1MB) CPU [3%@1728,7%@1728,0%@1728,0%@1728,0%@1728,0%@1728] GR3D_FREQ 0% cpu@59.093C soc2@58.343C soc0@58.562C gpu@59.843C tj@59.843C soc1@59.812C VDD_IN 7656mW/7974mW VDD_CPU_GPU_CV 2019mW/2236mW VDD_SOC 2467mW/2515mW
09-08-2026 20:17:36 RAM 4613/7620MB (lfb 13x2MB) SWAP 745/3810MB (cached 1MB) CPU [5%@1728,5%@1728,1%@1728,0%@1728,0%@1728,0%@1728] GR3D_FREQ 0% cpu@58.968C soc2@58.437C soc0@58.656C gpu@59.906C tj@59.906C soc1@59.906C VDD_IN 7656mW/7974mW VDD_CPU_GPU_CV 2019mW/2235mW VDD_SOC 2467mW/2515mW
09-08-2026 20:17:37 RAM 4613/7620MB (lfb 13x2MB) SWAP 745/3810MB (cached 1MB) CPU [3%@1728,7%@1728,0%@1728,0%@1728,0%@1728,0%@1728] GR3D_FREQ 0% cpu@58.843C soc2@58.312C soc0@58.531C gpu@59.906C tj@59.906C soc1@59.718C VDD_IN 7656mW/7973mW VDD_CPU_GPU_CV 2019mW/2235mW VDD_SOC 2467mW/2515mW
09-08-2026 20:17:38 RAM 4613/7620MB (lfb 13x2MB) SWAP 745/3810MB (cached 1MB) CPU [2%@1728,7%@1728,1%@1728,1%@1728,1%@1728,0%@1728] GR3D_FREQ 0% cpu@58.843C soc2@58.25C soc0@58.625C gpu@59.468C tj@59.625C soc1@59.625C VDD_IN 7656mW/7973mW VDD_CPU_GPU_CV 2019mW/2235mW VDD_SOC 2467mW/2515mW
09-08-2026 20:17:39 RAM 4615/7620MB (lfb 10x2MB) SWAP 745/3810MB (cached 1MB) CPU [7%@1728,10%@1728,3%@1728,3%@1728,7%@1728,0%@1728] GR3D_FREQ 0% cpu@59.031C soc2@58.25C soc0@58.625C gpu@59.468C tj@59.75C soc1@59.75C VDD_IN 7778mW/7973mW VDD_CPU_GPU_CV 2099mW/2235mW VDD_SOC 2467mW/2515mW
09-08-2026 20:17:40 RAM 4615/7620MB (lfb 10x2MB) SWAP 745/3810MB (cached 1MB) CPU [2%@1728,7%@1728,0%@1728,1%@1728,0%@1728,0%@1728] GR3D_FREQ 0% cpu@58.843C soc2@58.218C soc0@58.406C gpu@59.406C tj@59.75C soc1@59.75C VDD_IN 7616mW/7972mW VDD_CPU_GPU_CV 2019mW/2234mW VDD_SOC 2467mW/2515mW
09-08-2026 20:17:41 RAM 4615/7620MB (lfb 10x2MB) SWAP 745/3810MB (cached 1MB) CPU [2%@1728,8%@1728,0%@1728,0%@1728,0%@1728,0%@1728] GR3D_FREQ 0% cpu@58.968C soc2@58.218C soc0@58.375C gpu@59.406C tj@59.656C soc1@59.656C VDD_IN 7616mW/7972mW VDD_CPU_GPU_CV 1978mW/2234mW VDD_SOC 2467mW/2515mW
09-08-2026 20:17:42 RAM 4615/7620MB (lfb 10x2MB) SWAP 745/3810MB (cached 1MB) CPU [4%@1728,6%@1728,0%@1728,0%@1728,0%@1728,0%@1728] GR3D_FREQ 0% cpu@58.781C soc2@58.343C soc0@58.5C gpu@59.437C tj@59.781C soc1@59.781C VDD_IN 7575mW/7972mW VDD_CPU_GPU_CV 1978mW/2234mW VDD_SOC 2467mW/2515mW
09-08-2026 20:17:43 RAM 4615/7620MB (lfb 10x2MB) SWAP 745/3810MB (cached 1MB) CPU [0%@1728,9%@1728,1%@1728,2%@1728,0%@1728,0%@1728] GR3D_FREQ 0% cpu@58.843C soc2@58.218C soc0@58.531C gpu@59.437C tj@59.593C soc1@59.593C VDD_IN 7616mW/7971mW VDD_CPU_GPU_CV 1978mW/2234mW VDD_SOC 2467mW/2515mW
09-08-2026 20:17:44 RAM 4613/7620MB (lfb 11x2MB) SWAP 745/3810MB (cached 1MB) CPU [3%@1728,7%@1728,0%@1728,0%@1728,0%@1728,0%@1728] GR3D_FREQ 0% cpu@58.875C soc2@58.218C soc0@58.593C gpu@59.343C tj@59.656C soc1@59.656C VDD_IN 7575mW/7971mW VDD_CPU_GPU_CV 1978mW/2233mW VDD_SOC 2467mW/2515mW
09-08-2026 20:17:45 RAM 4616/7620MB (lfb 11x2MB) SWAP 745/3810MB (cached 1MB) CPU [4%@1728,7%@1728,0%@1728,1%@1728,0%@1728,0%@1728] GR3D_FREQ 0% cpu@58.937C soc2@58.406C soc0@58.687C gpu@59.406C tj@59.687C soc1@59.687C VDD_IN 7616mW/7970mW VDD_CPU_GPU_CV 2019mW/2233mW VDD_SOC 2467mW/2515mW
09-08-2026 20:17:46 RAM 4616/7620MB (lfb 11x2MB) SWAP 745/3810MB (cached 1MB) CPU [0%@1728,10%@1728,0%@1728,0%@1728,0%@1728,0%@1728] GR3D_FREQ 20% cpu@59.187C soc2@58.312C soc0@58.687C gpu@59.437C tj@59.718C soc1@59.75C VDD_IN 7697mW/7970mW VDD_CPU_GPU_CV 2059mW/2233mW VDD_SOC 2467mW/2515mW
09-08-2026 20:17:47 RAM 4616/7620MB (lfb 11x2MB) SWAP 745/3810MB (cached 1MB) CPU [1%@1728,9%@1728,1%@1728,0%@1728,0%@1728,0%@1728] GR3D_FREQ 2% cpu@58.875C soc2@58.343C soc0@58.437C gpu@59.406C tj@59.687C soc1@59.687C VDD_IN 7697mW/7970mW VDD_CPU_GPU_CV 2059mW/2233mW VDD_SOC 2467mW/2515mW
09-08-2026 20:17:48 RAM 4614/7620MB (lfb 12x2MB) SWAP 745/3810MB (cached 1MB) CPU [1%@1728,9%@1728,1%@1728,0%@1728,0%@1728,0%@1728] GR3D_FREQ 0% cpu@59.187C soc2@58.218C soc0@58.437C gpu@59.437C tj@59.75C soc1@59.75C VDD_IN 7737mW/7969mW VDD_CPU_GPU_CV 2059mW/2232mW VDD_SOC 2467mW/2514mW
09-08-2026 20:17:49 RAM 4614/7620MB (lfb 12x2MB) SWAP 745/3810MB (cached 1MB) CPU [1%@1728,10%@1728,0%@1728,0%@1728,0%@1728,0%@1728] GR3D_FREQ 31% cpu@58.812C soc2@58.281C soc0@58.531C gpu@59.375C tj@59.625C soc1@59.625C VDD_IN 7697mW/7969mW VDD_CPU_GPU_CV 2059mW/2232mW VDD_SOC 2467mW/2514mW
09-08-2026 20:17:50 RAM 4614/7620MB (lfb 12x2MB) SWAP 745/3810MB (cached 1MB) CPU [0%@1728,9%@1728,0%@1728,0%@1728,0%@1728,0%@1728] GR3D_FREQ 31% cpu@58.875C soc2@58.218C soc0@58.468C gpu@59.406C tj@59.531C soc1@59.531C VDD_IN 7697mW/7969mW VDD_CPU_GPU_CV 2059mW/2232mW VDD_SOC 2467mW/2514mW
09-08-2026 20:17:51 RAM 4614/7620MB (lfb 12x2MB) SWAP 745/3810MB (cached 1MB) CPU [1%@1728,9%@1728,0%@1728,0%@1728,0%@1728,0%@1728] GR3D_FREQ 0% cpu@58.937C soc2@58.187C soc0@58.437C gpu@59.5C tj@59.625C soc1@59.562C VDD_IN 7697mW/7969mW VDD_CPU_GPU_CV 2059mW/2232mW VDD_SOC 2467mW/2514mW
09-08-2026 20:17:52 RAM 4614/7620MB (lfb 12x2MB) SWAP 745/3810MB (cached 1MB) CPU [4%@1728,5%@1728,1%@1728,0%@1728,0%@1728,0%@1728] GR3D_FREQ 16% cpu@58.781C soc2@58.156C soc0@58.5C gpu@59.625C tj@59.625C soc1@59.531C VDD_IN 7697mW/7968mW VDD_CPU_GPU_CV 2019mW/2232mW VDD_SOC 2467mW/2514mW
09-08-2026 20:17:53 RAM 4614/7620MB (lfb 12x2MB) SWAP 745/3810MB (cached 1MB) CPU [2%@1728,8%@1728,1%@1728,0%@1728,0%@1728,0%@1728] GR3D_FREQ 0% cpu@58.968C soc2@58.218C soc0@58.375C gpu@59.593C tj@59.656C soc1@59.656C VDD_IN 7697mW/7968mW VDD_CPU_GPU_CV 2059mW/2231mW VDD_SOC 2467mW/2514mW
09-08-2026 20:17:54 RAM 4614/7620MB (lfb 12x2MB) SWAP 745/3810MB (cached 1MB) CPU [1%@1728,4%@1728,6%@1728,1%@1728,0%@1728,0%@1728] GR3D_FREQ 0% cpu@58.718C soc2@58.218C soc0@58.375C gpu@59.687C tj@59.687C soc1@59.656C VDD_IN 7697mW/7968mW VDD_CPU_GPU_CV 2059mW/2231mW VDD_SOC 2467mW/2514mW
09-08-2026 20:17:55 RAM 4614/7620MB (lfb 12x2MB) SWAP 745/3810MB (cached 1MB) CPU [0%@1728,1%@1728,7%@1728,0%@1728,0%@1728,0%@1728] GR3D_FREQ 0% cpu@58.75C soc2@58.218C soc0@58.406C gpu@59.625C tj@59.781C soc1@59.781C VDD_IN 7656mW/7967mW VDD_CPU_GPU_CV 2019mW/2231mW VDD_SOC 2467mW/2514mW
09-08-2026 20:17:56 RAM 4614/7620MB (lfb 12x2MB) SWAP 745/3810MB (cached 1MB) CPU [1%@1728,3%@1728,7%@1728,0%@1728,0%@1728,0%@1728] GR3D_FREQ 0% cpu@58.75C soc2@58.093C soc0@58.406C gpu@59.625C tj@59.625C soc1@59.562C VDD_IN 7656mW/7967mW VDD_CPU_GPU_CV 2019mW/2231mW VDD_SOC 2467mW/2514mW
09-08-2026 20:17:57 RAM 4614/7620MB (lfb 12x2MB) SWAP 745/3810MB (cached 1MB) CPU [0%@1728,2%@1728,6%@1728,0%@1728,0%@1728,0%@1728] GR3D_FREQ 0% cpu@58.781C soc2@58.125C soc0@58.281C gpu@59.625C tj@59.625C soc1@59.468C VDD_IN 7616mW/7967mW VDD_CPU_GPU_CV 2019mW/2231mW VDD_SOC 2467mW/2514mW
09-08-2026 20:17:58 RAM 4614/7620MB (lfb 12x2MB) SWAP 745/3810MB (cached 1MB) CPU [0%@1728,4%@1728,9%@1728,0%@1728,0%@1728,0%@1728] GR3D_FREQ 0% cpu@58.906C soc2@58.062C soc0@58.468C gpu@59.593C tj@59.593C soc1@59.5C VDD_IN 7656mW/7966mW VDD_CPU_GPU_CV 2019mW/2230mW VDD_SOC 2467mW/2514mW
09-08-2026 20:17:59 RAM 4611/7620MB (lfb 12x2MB) SWAP 745/3810MB (cached 1MB) CPU [18%@1728,13%@1728,11%@1728,15%@1728,26%@1728,27%@1728] GR3D_FREQ 0% cpu@58.968C soc2@58.125C soc0@58.281C gpu@59.25C tj@59.593C soc1@59.593C VDD_IN 8251mW/7967mW VDD_CPU_GPU_CV 2463mW/2231mW VDD_SOC 2507mW/2514mW
09-08-2026 20:18:00 RAM 4611/7620MB (lfb 12x2MB) SWAP 745/3810MB (cached 1MB) CPU [8%@1728,7%@1728,0%@1728,0%@1728,0%@1728,0%@1728] GR3D_FREQ 0% cpu@58.687C soc2@58.218C soc0@58.25C gpu@59.312C tj@59.656C soc1@59.656C VDD_IN 7697mW/7966mW VDD_CPU_GPU_CV 2059mW/2230mW VDD_SOC 2467mW/2514mW
09-08-2026 20:18:01 RAM 4611/7620MB (lfb 12x2MB) SWAP 745/3810MB (cached 1MB) CPU [3%@1728,5%@1728,1%@1728,0%@1728,0%@1728,0%@1728] GR3D_FREQ 0% cpu@58.656C soc2@58.218C soc0@58.281C gpu@59.187C tj@59.687C soc1@59.687C VDD_IN 7616mW/7966mW VDD_CPU_GPU_CV 1978mW/2230mW VDD_SOC 2467mW/2514mW
09-08-2026 20:18:02 RAM 4611/7620MB (lfb 12x2MB) SWAP 745/3810MB (cached 1MB) CPU [4%@1728,5%@1728,1%@1728,0%@1728,0%@1728,0%@1728] GR3D_FREQ 0% cpu@58.718C soc2@57.937C soc0@58.343C gpu@59.093C tj@59.437C soc1@59.437C VDD_IN 7575mW/7965mW VDD_CPU_GPU_CV 1978mW/2230mW VDD_SOC 2467mW/2514mW
09-08-2026 20:18:03 RAM 4611/7620MB (lfb 12x2MB) SWAP 745/3810MB (cached 1MB) CPU [10%@1728,1%@1728,1%@1728,1%@1728,0%@1728,0%@1728] GR3D_FREQ 0% cpu@58.75C soc2@58C soc0@58.343C gpu@59.187C tj@59.562C soc1@59.562C VDD_IN 7616mW/7965mW VDD_CPU_GPU_CV 1978mW/2230mW VDD_SOC 2467mW/2514mW
09-08-2026 20:18:04 RAM 4612/7620MB (lfb 12x2MB) SWAP 745/3810MB (cached 1MB) CPU [6%@1728,6%@1728,0%@1728,0%@1728,0%@1728,0%@1728] GR3D_FREQ 0% cpu@58.75C soc2@58C soc0@58.281C gpu@59.187C tj@59.531C soc1@59.531C VDD_IN 7575mW/7965mW VDD_CPU_GPU_CV 1978mW/2229mW VDD_SOC 2467mW/2514mW
09-08-2026 20:18:05 RAM 4612/7620MB (lfb 12x2MB) SWAP 745/3810MB (cached 1MB) CPU [4%@1728,6%@1728,0%@1728,0%@1728,0%@1728,0%@1728] GR3D_FREQ 13% cpu@58.75C soc2@58.218C soc0@58.25C gpu@59.25C tj@59.562C soc1@59.562C VDD_IN 7697mW/7964mW VDD_CPU_GPU_CV 2059mW/2229mW VDD_SOC 2467mW/2514mW
09-08-2026 20:18:06 RAM 4612/7620MB (lfb 12x2MB) SWAP 745/3810MB (cached 1MB) CPU [10%@1728,0%@1728,2%@1728,0%@1728,0%@1728,0%@1728] GR3D_FREQ 0% cpu@58.718C soc2@58.125C soc0@58.25C gpu@59.25C tj@59.656C soc1@59.656C VDD_IN 7697mW/7964mW VDD_CPU_GPU_CV 2059mW/2229mW VDD_SOC 2467mW/2514mW
09-08-2026 20:18:07 RAM 4612/7620MB (lfb 12x2MB) SWAP 745/3810MB (cached 1MB) CPU [6%@1728,4%@1728,1%@1728,0%@1728,0%@1728,0%@1728] GR3D_FREQ 0% cpu@58.718C soc2@58.031C soc0@58.281C gpu@59.156C tj@59.406C soc1@59.406C VDD_IN 7697mW/7964mW VDD_CPU_GPU_CV 2059mW/2229mW VDD_SOC 2467mW/2514mW
09-08-2026 20:18:08 RAM 4612/7620MB (lfb 12x2MB) SWAP 745/3810MB (cached 1MB) CPU [8%@1728,2%@1728,0%@1728,0%@1728,0%@1728,0%@1728] GR3D_FREQ 31% cpu@58.687C soc2@58.125C soc0@58.25C gpu@59.156C tj@59.437C soc1@59.437C VDD_IN 7697mW/7964mW VDD_CPU_GPU_CV 2059mW/2229mW VDD_SOC 2467mW/2513mW
09-08-2026 20:18:09 RAM 4607/7620MB (lfb 12x2MB) SWAP 745/3810MB (cached 1MB) CPU [4%@1728,7%@1728,2%@1728,9%@1728,1%@1728,7%@1728] GR3D_FREQ 31% cpu@58.781C soc2@58.062C soc0@58.375C gpu@59.218C tj@59.468C soc1@59.468C VDD_IN 7806mW/7963mW VDD_CPU_GPU_CV 2140mW/2228mW VDD_SOC 2507mW/2513mW
09-08-2026 20:18:10 RAM 4605/7620MB (lfb 12x2MB) SWAP 745/3810MB (cached 1MB) CPU [5%@1728,3%@1728,1%@1728,2%@1728,0%@1728,0%@1728] GR3D_FREQ 6% cpu@58.687C soc2@58.093C soc0@58.25C gpu@59.218C tj@59.406C soc1@59.406C VDD_IN 7697mW/7963mW VDD_CPU_GPU_CV 2059mW/2228mW VDD_SOC 2467mW/2513mW
09-08-2026 20:18:11 RAM 4605/7620MB (lfb 12x2MB) SWAP 745/3810MB (cached 1MB) CPU [8%@1728,1%@1728,0%@1728,0%@1728,0%@1728,0%@1728] GR3D_FREQ 23% cpu@58.75C soc2@58C soc0@58.25C gpu@59.25C tj@59.468C soc1@59.468C VDD_IN 7656mW/7963mW VDD_CPU_GPU_CV 2019mW/2228mW VDD_SOC 2467mW/2513mW
09-08-2026 20:18:12 RAM 4605/7620MB (lfb 12x2MB) SWAP 745/3810MB (cached 1MB) CPU [6%@1728,4%@1728,0%@1728,0%@1728,0%@1728,0%@1728] GR3D_FREQ 0% cpu@58.593C soc2@58C soc0@58.25C gpu@59.187C tj@59.625C soc1@59.625C VDD_IN 7656mW/7962mW VDD_CPU_GPU_CV 2019mW/2228mW VDD_SOC 2467mW/2513mW
09-08-2026 20:18:13 RAM 4605/7620MB (lfb 12x2MB) SWAP 745/3810MB (cached 1MB) CPU [7%@1728,3%@1728,0%@1728,3%@1728,0%@1728,0%@1728] GR3D_FREQ 0% cpu@58.593C soc2@57.968C soc0@58.25C gpu@59.218C tj@59.468C soc1@59.468C VDD_IN 7697mW/7962mW VDD_CPU_GPU_CV 2019mW/2228mW VDD_SOC 2467mW/2513mW
09-08-2026 20:18:14 RAM 4605/7620MB (lfb 12x2MB) SWAP 745/3810MB (cached 1MB) CPU [4%@1728,7%@1728,1%@1728,1%@1728,0%@1728,0%@1728] GR3D_FREQ 0% cpu@58.718C soc2@57.937C soc0@58.312C gpu@59.25C tj@59.437C soc1@59.437C VDD_IN 7656mW/7962mW VDD_CPU_GPU_CV 2019mW/2227mW VDD_SOC 2467mW/2513mW
09-08-2026 20:18:15 RAM 4605/7620MB (lfb 12x2MB) SWAP 745/3810MB (cached 1MB) CPU [4%@1728,6%@1728,1%@1728,0%@1728,0%@1728,0%@1728] GR3D_FREQ 0% cpu@58.656C soc2@57.875C soc0@58.406C gpu@59.218C tj@59.406C soc1@59.406C VDD_IN 7656mW/7961mW VDD_CPU_GPU_CV 2019mW/2227mW VDD_SOC 2467mW/2513mW
09-08-2026 20:18:16 RAM 4605/7620MB (lfb 12x2MB) SWAP 745/3810MB (cached 1MB) CPU [2%@1728,7%@1728,0%@1728,0%@1728,0%@1728,0%@1728] GR3D_FREQ 0% cpu@58.75C soc2@57.937C soc0@58.437C gpu@59.218C tj@59.437C soc1@59.437C VDD_IN 7616mW/7961mW VDD_CPU_GPU_CV 2019mW/2227mW VDD_SOC 2467mW/2513mW
09-08-2026 20:18:17 RAM 4605/7620MB (lfb 12x2MB) SWAP 745/3810MB (cached 1MB) CPU [4%@1728,6%@1728,0%@1728,0%@1728,0%@1728,0%@1728] GR3D_FREQ 0% cpu@58.468C soc2@57.968C soc0@58.25C gpu@59.25C tj@59.5C soc1@59.5C VDD_IN 7616mW/7961mW VDD_CPU_GPU_CV 2019mW/2227mW VDD_SOC 2467mW/2513mW
09-08-2026 20:18:18 RAM 4602/7620MB (lfb 12x2MB) SWAP 745/3810MB (cached 1MB) CPU [4%@1728,7%@1728,1%@1728,0%@1728,0%@1728,0%@1728] GR3D_FREQ 0% cpu@58.812C soc2@57.968C soc0@58.218C gpu@59.25C tj@59.531C soc1@59.531C VDD_IN 7656mW/7960mW VDD_CPU_GPU_CV 2019mW/2227mW VDD_SOC 2467mW/2513mW
09-08-2026 20:18:19 RAM 4602/7620MB (lfb 12x2MB) SWAP 745/3810MB (cached 1MB) CPU [2%@1728,8%@1728,0%@1728,1%@1728,0%@1728,0%@1728] GR3D_FREQ 0% cpu@58.562C soc2@58C soc0@58.218C gpu@59.156C tj@59.343C soc1@59.343C VDD_IN 7616mW/7960mW VDD_CPU_GPU_CV 2019mW/2226mW VDD_SOC 2467mW/2513mW
09-08-2026 20:18:20 RAM 4602/7620MB (lfb 12x2MB) SWAP 745/3810MB (cached 1MB) CPU [4%@1728,6%@1728,0%@1728,0%@1728,0%@1728,0%@1728] GR3D_FREQ 0% cpu@58.562C soc2@57.937C soc0@58.218C gpu@59.281C tj@59.406C soc1@59.406C VDD_IN 7575mW/7960mW VDD_CPU_GPU_CV 1978mW/2226mW VDD_SOC 2467mW/2513mW
09-08-2026 20:18:21 RAM 4602/7620MB (lfb 12x2MB) SWAP 745/3810MB (cached 1MB) CPU [4%@1728,6%@1728,0%@1728,0%@1728,0%@1728,0%@1728] GR3D_FREQ 0% cpu@58.718C soc2@57.968C soc0@58.312C gpu@59.062C tj@59.375C soc1@59.406C VDD_IN 7575mW/7959mW VDD_CPU_GPU_CV 1978mW/2226mW VDD_SOC 2467mW/2513mW
09-08-2026 20:18:22 RAM 4602/7620MB (lfb 12x2MB) SWAP 745/3810MB (cached 1MB) CPU [1%@1728,8%@1728,0%@1728,0%@1728,0%@1728,0%@1728] GR3D_FREQ 0% cpu@58.593C soc2@57.968C soc0@58.25C gpu@59.093C tj@59.437C soc1@59.437C VDD_IN 7575mW/7959mW VDD_CPU_GPU_CV 1978mW/2225mW VDD_SOC 2467mW/2513mW
09-08-2026 20:18:23 RAM 4602/7620MB (lfb 12x2MB) SWAP 745/3810MB (cached 1MB) CPU [3%@1728,7%@1728,1%@1728,1%@1728,0%@1728,0%@1728] GR3D_FREQ 0% cpu@58.812C soc2@57.937C soc0@58.156C gpu@59.031C tj@59.406C soc1@59.406C VDD_IN 7575mW/7958mW VDD_CPU_GPU_CV 1978mW/2225mW VDD_SOC 2467mW/2513mW
09-08-2026 20:18:24 RAM 4602/7620MB (lfb 13x2MB) SWAP 745/3810MB (cached 1MB) CPU [3%@1728,9%@1728,1%@1728,0%@1728,0%@1728,0%@1728] GR3D_FREQ 6% cpu@58.656C soc2@58.312C soc0@58.187C gpu@59.156C tj@59.5C soc1@59.5C VDD_IN 7656mW/7958mW VDD_CPU_GPU_CV 2059mW/2225mW VDD_SOC 2467mW/2513mW
09-08-2026 20:18:25 RAM 4602/7620MB (lfb 13x2MB) SWAP 745/3810MB (cached 1MB) CPU [4%@1728,6%@1728,0%@1728,0%@1728,0%@1728,0%@1728] GR3D_FREQ 0% cpu@58.625C soc2@58.125C soc0@58.25C gpu@59.187C tj@59.531C soc1@59.312C VDD_IN 7697mW/7958mW VDD_CPU_GPU_CV 2059mW/2225mW VDD_SOC 2467mW/2513mW
09-08-2026 20:18:26 RAM 4602/7620MB (lfb 13x2MB) SWAP 745/3810MB (cached 1MB) CPU [0%@1728,9%@1728,0%@1728,0%@1728,0%@1728,0%@1728] GR3D_FREQ 31% cpu@58.5C soc2@57.968C soc0@58.25C gpu@59.031C tj@59.312C soc1@59.312C VDD_IN 7697mW/7958mW VDD_CPU_GPU_CV 2059mW/2225mW VDD_SOC 2467mW/2513mW
09-08-2026 20:18:27 RAM 4602/7620MB (lfb 13x2MB) SWAP 745/3810MB (cached 1MB) CPU [8%@1728,1%@1728,0%@1728,0%@1728,0%@1728,0%@1728] GR3D_FREQ 31% cpu@58.656C soc2@57.968C soc0@58.281C gpu@59.062C tj@59.343C soc1@59.343C VDD_IN 7697mW/7957mW VDD_CPU_GPU_CV 2059mW/2225mW VDD_SOC 2467mW/2513mW
09-08-2026 20:18:28 RAM 4603/7620MB (lfb 12x2MB) SWAP 745/3810MB (cached 1MB) CPU [10%@1728,2%@1728,1%@1728,2%@1728,0%@1728,0%@1728] GR3D_FREQ 31% cpu@58.75C soc2@57.906C soc0@58.187C gpu@59.093C tj@59.406C soc1@59.406C VDD_IN 7697mW/7957mW VDD_CPU_GPU_CV 2059mW/2224mW VDD_SOC 2467mW/2513mW
09-08-2026 20:18:29 RAM 4606/7620MB (lfb 12x2MB) SWAP 745/3810MB (cached 1MB) CPU [22%@1728,9%@1728,8%@1728,13%@1728,20%@1728,10%@1728] GR3D_FREQ 15% cpu@59.468C soc2@58.125C soc0@58.218C gpu@59.156C tj@59.468C soc1@59.406C VDD_IN 8655mW/7958mW VDD_CPU_GPU_CV 2746mW/2225mW VDD_SOC 2548mW/2513mW
09-08-2026 20:18:30 RAM 4606/7620MB (lfb 12x2MB) SWAP 745/3810MB (cached 1MB) CPU [11%@1728,9%@1728,8%@1728,3%@1728,7%@1728,8%@1728] GR3D_FREQ 29% cpu@58.468C soc2@58C soc0@58.218C gpu@59.125C tj@59.5C soc1@59.5C VDD_IN 7846mW/7958mW VDD_CPU_GPU_CV 2180mW/2225mW VDD_SOC 2507mW/2513mW
09-08-2026 20:18:31 RAM 4606/7620MB (lfb 12x2MB) SWAP 745/3810MB (cached 1MB) CPU [6%@1728,3%@1728,0%@1728,0%@1728,0%@1728,0%@1728] GR3D_FREQ 0% cpu@58.562C soc2@58C soc0@58.25C gpu@59.093C tj@59.25C soc1@59.25C VDD_IN 7656mW/7957mW VDD_CPU_GPU_CV 2019mW/2225mW VDD_SOC 2467mW/2513mW
09-08-2026 20:18:32 RAM 4606/7620MB (lfb 12x2MB) SWAP 745/3810MB (cached 1MB) CPU [8%@1728,2%@1728,0%@1728,0%@1728,0%@1728,0%@1728] GR3D_FREQ 0% cpu@58.625C soc2@57.906C soc0@58.25C gpu@59.062C tj@59.343C soc1@59.343C VDD_IN 7656mW/7957mW VDD_CPU_GPU_CV 2019mW/2224mW VDD_SOC 2467mW/2512mW
09-08-2026 20:18:33 RAM 4604/7620MB (lfb 13x2MB) SWAP 745/3810MB (cached 1MB) CPU [7%@1728,2%@1728,1%@1728,0%@1728,0%@1728,0%@1728] GR3D_FREQ 0% cpu@58.718C soc2@57.906C soc0@58.25C gpu@59.093C tj@59.406C soc1@59.406C VDD_IN 7656mW/7957mW VDD_CPU_GPU_CV 2019mW/2224mW VDD_SOC 2467mW/2512mW
09-08-2026 20:18:34 RAM 4604/7620MB (lfb 13x2MB) SWAP 745/3810MB (cached 1MB) CPU [3%@1728,8%@1728,0%@1728,1%@1728,0%@1728,0%@1728] GR3D_FREQ 0% cpu@58.687C soc2@57.906C soc0@58.093C gpu@59.093C tj@59.343C soc1@59.343C VDD_IN 7656mW/7956mW VDD_CPU_GPU_CV 2019mW/2224mW VDD_SOC 2467mW/2512mW
09-08-2026 20:18:35 RAM 4604/7620MB (lfb 13x2MB) SWAP 745/3810MB (cached 1MB) CPU [6%@1728,6%@1728,0%@1728,0%@1728,0%@1728,0%@1728] GR3D_FREQ 0% cpu@58.562C soc2@57.906C soc0@58.062C gpu@59.031C tj@59.406C soc1@59.406C VDD_IN 7656mW/7956mW VDD_CPU_GPU_CV 2019mW/2224mW VDD_SOC 2467mW/2512mW
09-08-2026 20:18:36 RAM 4604/7620MB (lfb 13x2MB) SWAP 745/3810MB (cached 1MB) CPU [5%@1728,3%@1728,1%@1728,0%@1728,0%@1728,0%@1728] GR3D_FREQ 0% cpu@58.468C soc2@57.906C soc0@58.187C gpu@59.125C tj@59.531C soc1@59.531C VDD_IN 7616mW/7956mW VDD_CPU_GPU_CV 2019mW/2224mW VDD_SOC 2467mW/2512mW
09-08-2026 20:18:37 RAM 4604/7620MB (lfb 13x2MB) SWAP 745/3810MB (cached 1MB) CPU [4%@1728,8%@1728,0%@1728,0%@1728,0%@1728,0%@1728] GR3D_FREQ 0% cpu@58.375C soc2@58C soc0@58.156C gpu@59.125C tj@59.218C soc1@59.218C VDD_IN 7616mW/7955mW VDD_CPU_GPU_CV 2019mW/2223mW VDD_SOC 2467mW/2512mW
09-08-2026 20:18:38 RAM 4604/7620MB (lfb 13x2MB) SWAP 745/3810MB (cached 1MB) CPU [4%@1728,7%@1728,2%@1728,1%@1728,0%@1728,0%@1728] GR3D_FREQ 0% cpu@58.937C soc2@57.812C soc0@58.218C gpu@59.062C tj@59.343C soc1@59.343C VDD_IN 7656mW/7955mW VDD_CPU_GPU_CV 2059mW/2223mW VDD_SOC 2467mW/2512mW
09-08-2026 20:18:39 RAM 4628/7620MB (lfb 4x2MB) SWAP 745/3810MB (cached 1MB) CPU [13%@1728,14%@1728,6%@1728,26%@1728,10%@1728,9%@1728] GR3D_FREQ 0% cpu@59.156C soc2@58C soc0@58.25C gpu@59.156C tj@59.281C soc1@59.281C VDD_IN 8534mW/7956mW VDD_CPU_GPU_CV 2665mW/2224mW VDD_SOC 2548mW/2512mW
09-08-2026 20:18:40 RAM 4615/7620MB (lfb 10x2MB) SWAP 745/3810MB (cached 1MB) CPU [6%@1728,12%@1728,8%@1728,16%@1728,1%@1728,1%@1728] GR3D_FREQ 0% cpu@58.718C soc2@57.968C soc0@58.062C gpu@59.156C tj@59.375C soc1@59.406C VDD_IN 7766mW/7955mW VDD_CPU_GPU_CV 2099mW/2223mW VDD_SOC 2467mW/2512mW
09-08-2026 20:18:41 RAM 4615/7620MB (lfb 10x2MB) SWAP 745/3810MB (cached 1MB) CPU [0%@1728,4%@1728,0%@1728,6%@1728,0%@1728,0%@1728] GR3D_FREQ 0% cpu@58.718C soc2@57.968C soc0@58.125C gpu@59.312C tj@59.406C soc1@59.406C VDD_IN 7616mW/7955mW VDD_CPU_GPU_CV 1978mW/2223mW VDD_SOC 2467mW/2512mW
09-08-2026 20:18:42 RAM 4615/7620MB (lfb 10x2MB) SWAP 745/3810MB (cached 1MB) CPU [0%@1728,7%@1728,1%@1728,3%@1728,0%@1728,0%@1728] GR3D_FREQ 0% cpu@58.406C soc2@57.875C soc0@58.187C gpu@59.187C tj@59.437C soc1@59.437C VDD_IN 7575mW/7955mW VDD_CPU_GPU_CV 1978mW/2223mW VDD_SOC 2467mW/2512mW
09-08-2026 20:18:43 RAM 4615/7620MB (lfb 10x2MB) SWAP 745/3810MB (cached 1MB) CPU [2%@1728,0%@1728,1%@1728,10%@1728,0%@1728,0%@1728] GR3D_FREQ 0% cpu@58.625C soc2@58.218C soc0@58.125C gpu@59.125C tj@59.406C soc1@59.406C VDD_IN 7656mW/7954mW VDD_CPU_GPU_CV 2059mW/2223mW VDD_SOC 2467mW/2512mW
09-08-2026 20:18:45 RAM 4615/7620MB (lfb 10x2MB) SWAP 745/3810MB (cached 1MB) CPU [1%@1728,2%@1728,0%@1728,9%@1728,0%@1728,0%@1728] GR3D_FREQ 0% cpu@58.781C soc2@58C soc0@58.218C gpu@59.218C tj@59.343C soc1@59.343C VDD_IN 7737mW/7954mW VDD_CPU_GPU_CV 2059mW/2223mW VDD_SOC 2467mW/2512mW
09-08-2026 20:18:46 RAM 4615/7620MB (lfb 10x2MB) SWAP 745/3810MB (cached 1MB) CPU [0%@1728,1%@1728,0%@1728,9%@1728,0%@1728,0%@1728] GR3D_FREQ 31% cpu@58.718C soc2@57.906C soc0@58.25C gpu@59.031C tj@59.406C soc1@59.406C VDD_IN 7697mW/7954mW VDD_CPU_GPU_CV 2059mW/2222mW VDD_SOC 2467mW/2512mW
09-08-2026 20:18:47 RAM 4615/7620MB (lfb 10x2MB) SWAP 745/3810MB (cached 1MB) CPU [7%@1728,1%@1728,1%@1728,3%@1728,0%@1728,0%@1728] GR3D_FREQ 31% cpu@58.75C soc2@57.968C soc0@58.281C gpu@59.093C tj@59.406C soc1@59.406C VDD_IN 7697mW/7954mW VDD_CPU_GPU_CV 2059mW/2222mW VDD_SOC 2467mW/2512mW
09-08-2026 20:18:48 RAM 4615/7620MB (lfb 10x2MB) SWAP 745/3810MB (cached 1MB) CPU [2%@1728,0%@1728,0%@1728,8%@1728,0%@1728,0%@1728] GR3D_FREQ 27% cpu@58.468C soc2@57.906C soc0@58.187C gpu@59.125C tj@59.375C soc1@59.375C VDD_IN 7697mW/7953mW VDD_CPU_GPU_CV 2059mW/2222mW VDD_SOC 2467mW/2512mW
09-08-2026 20:18:49 RAM 4615/7620MB (lfb 10x2MB) SWAP 745/3810MB (cached 1MB) CPU [3%@1728,2%@1728,0%@1728,8%@1728,0%@1728,0%@1728] GR3D_FREQ 21% cpu@58.593C soc2@57.968C soc0@58.156C gpu@59.031C tj@59.5C soc1@59.5C VDD_IN 7737mW/7953mW VDD_CPU_GPU_CV 2059mW/2222mW VDD_SOC 2467mW/2512mW
09-08-2026 20:18:50 RAM 4615/7620MB (lfb 10x2MB) SWAP 745/3810MB (cached 1MB) CPU [15%@1728,15%@1728,11%@1728,15%@1728,2%@1728,3%@1728] GR3D_FREQ 31% cpu@58.531C soc2@58C soc0@58.187C gpu@59.125C tj@59.281C soc1@59.281C VDD_IN 7846mW/7953mW VDD_CPU_GPU_CV 2180mW/2222mW VDD_SOC 2507mW/2512mW
09-08-2026 20:18:51 RAM 4616/7620MB (lfb 10x2MB) SWAP 745/3810MB (cached 1MB) CPU [0%@1728,0%@1728,0%@1728,9%@1728,0%@1728,0%@1728] GR3D_FREQ 0% cpu@58.531C soc2@57.812C soc0@58.25C gpu@59.125C tj@59.312C soc1@59.312C VDD_IN 7697mW/7953mW VDD_CPU_GPU_CV 2059mW/2222mW VDD_SOC 2467mW/2512mW
09-08-2026 20:18:52 RAM 4616/7620MB (lfb 10x2MB) SWAP 745/3810MB (cached 1MB) CPU [1%@1728,1%@1728,0%@1728,8%@1728,0%@1728,0%@1728] GR3D_FREQ 0% cpu@58.656C soc2@57.906C soc0@58.187C gpu@59.093C tj@59.281C soc1@59.281C VDD_IN 7656mW/7952mW VDD_CPU_GPU_CV 2019mW/2222mW VDD_SOC 2467mW/2512mW
09-08-2026 20:18:53 RAM 4616/7620MB (lfb 10x2MB) SWAP 745/3810MB (cached 1MB) CPU [0%@1728,2%@1728,0%@1728,7%@1728,0%@1728,0%@1728] GR3D_FREQ 0% cpu@58.625C soc2@57.875C soc0@58.125C gpu@59.031C tj@59.343C soc1@59.343C VDD_IN 7656mW/7952mW VDD_CPU_GPU_CV 2019mW/2221mW VDD_SOC 2467mW/2512mW
09-08-2026 20:18:54 RAM 4616/7620MB (lfb 10x2MB) SWAP 745/3810MB (cached 1MB) CPU [1%@1728,4%@1728,0%@1728,8%@1728,0%@1728,0%@1728] GR3D_FREQ 0% cpu@58.75C soc2@57.906C soc0@58.125C gpu@59.062C tj@59.406C soc1@59.406C VDD_IN 7656mW/7952mW VDD_CPU_GPU_CV 2019mW/2221mW VDD_SOC 2467mW/2512mW
09-08-2026 20:18:55 RAM 4616/7620MB (lfb 10x2MB) SWAP 745/3810MB (cached 1MB) CPU [1%@1728,1%@1728,1%@1728,8%@1728,0%@1728,0%@1728] GR3D_FREQ 0% cpu@58.468C soc2@57.906C soc0@58.125C gpu@59C tj@59.406C soc1@59.406C VDD_IN 7656mW/7951mW VDD_CPU_GPU_CV 2019mW/2221mW VDD_SOC 2467mW/2512mW
09-08-2026 20:18:56 RAM 4616/7620MB (lfb 10x2MB) SWAP 745/3810MB (cached 1MB) CPU [1%@1728,1%@1728,0%@1728,8%@1728,0%@1728,0%@1728] GR3D_FREQ 0% cpu@58.468C soc2@57.937C soc0@58.156C gpu@59C tj@59.437C soc1@59.281C VDD_IN 7616mW/7951mW VDD_CPU_GPU_CV 2019mW/2221mW VDD_SOC 2467mW/2512mW
09-08-2026 20:18:57 RAM 4616/7620MB (lfb 10x2MB) SWAP 745/3810MB (cached 1MB) CPU [0%@1728,4%@1728,1%@1728,8%@1728,0%@1728,0%@1728] GR3D_FREQ 0% cpu@58.468C soc2@57.781C soc0@58.125C gpu@59.125C tj@59.25C soc1@59.25C VDD_IN 7616mW/7951mW VDD_CPU_GPU_CV 2019mW/2221mW VDD_SOC 2467mW/2511mW
09-08-2026 20:18:58 RAM 4616/7620MB (lfb 10x2MB) SWAP 745/3810MB (cached 1MB) CPU [1%@1728,8%@1728,0%@1728,0%@1728,0%@1728,0%@1728] GR3D_FREQ 0% cpu@58.437C soc2@57.875C soc0@58.093C gpu@59.062C tj@59.375C soc1@59.375C VDD_IN 7575mW/7950mW VDD_CPU_GPU_CV 1978mW/2220mW VDD_SOC 2467mW/2511mW
09-08-2026 20:18:59 RAM 4617/7620MB (lfb 10x2MB) SWAP 745/3810MB (cached 1MB) CPU [0%@1728,9%@1728,1%@1728,0%@1728,1%@1728,0%@1728] GR3D_FREQ 0% cpu@58.687C soc2@57.875C soc0@58.093C gpu@59.062C tj@59.281C soc1@59.281C VDD_IN 7616mW/7950mW VDD_CPU_GPU_CV 1978mW/2220mW VDD_SOC 2467mW/2511mW
09-08-2026 20:19:00 RAM 4617/7620MB (lfb 10x2MB) SWAP 745/3810MB (cached 1MB) CPU [2%@1728,7%@1728,0%@1728,3%@1728,0%@1728,0%@1728] GR3D_FREQ 0% cpu@58.375C soc2@57.843C soc0@58.093C gpu@59.062C tj@59.406C soc1@59.406C VDD_IN 7575mW/7950mW VDD_CPU_GPU_CV 1978mW/2220mW VDD_SOC 2467mW/2511mW
09-08-2026 20:19:01 RAM 4617/7620MB (lfb 10x2MB) SWAP 745/3810MB (cached 1MB) CPU [0%@1728,0%@1728,0%@1728,9%@1728,0%@1728,0%@1728] GR3D_FREQ 0% cpu@58.375C soc2@57.812C soc0@58.125C gpu@59.125C tj@59.343C soc1@59.406C VDD_IN 7575mW/7949mW VDD_CPU_GPU_CV 1978mW/2220mW VDD_SOC 2467mW/2511mW
09-08-2026 20:19:02 RAM 4617/7620MB (lfb 10x2MB) SWAP 745/3810MB (cached 1MB) CPU [0%@1728,0%@1728,1%@1728,9%@1728,0%@1728,0%@1728] GR3D_FREQ 0% cpu@58.406C soc2@57.875C soc0@58.062C gpu@59.093C tj@59.187C soc1@59.187C VDD_IN 7535mW/7949mW VDD_CPU_GPU_CV 1978mW/2219mW VDD_SOC 2467mW/2511mW
09-08-2026 20:19:03 RAM 4617/7620MB (lfb 10x2MB) SWAP 745/3810MB (cached 1MB) CPU [0%@1728,0%@1728,1%@1728,9%@1728,0%@1728,0%@1728] GR3D_FREQ 0% cpu@58.625C soc2@58.093C soc0@58.25C gpu@59.062C tj@59.187C soc1@59.187C VDD_IN 7575mW/7948mW VDD_CPU_GPU_CV 1978mW/2219mW VDD_SOC 2467mW/2511mW
09-08-2026 20:19:04 RAM 4619/7620MB (lfb 10x2MB) SWAP 745/3810MB (cached 1MB) CPU [0%@1728,0%@1728,1%@1728,9%@1728,0%@1728,0%@1728] GR3D_FREQ 0% cpu@58.812C soc2@57.937C soc0@58.25C gpu@59.187C tj@59.343C soc1@59.343C VDD_IN 7697mW/7948mW VDD_CPU_GPU_CV 2059mW/2219mW VDD_SOC 2467mW/2511mW
09-08-2026 20:19:05 RAM 4619/7620MB (lfb 10x2MB) SWAP 745/3810MB (cached 1MB) CPU [1%@1728,5%@1728,1%@1728,4%@1728,0%@1728,0%@1728] GR3D_FREQ 31% cpu@58.718C soc2@57.968C soc0@58.062C gpu@59.125C tj@59.343C soc1@59.343C VDD_IN 7697mW/7948mW VDD_CPU_GPU_CV 2059mW/2219mW VDD_SOC 2467mW/2511mW
09-08-2026 20:19:06 RAM 4619/7620MB (lfb 10x2MB) SWAP 745/3810MB (cached 1MB) CPU [0%@1728,8%@1728,0%@1728,2%@1728,0%@1728,0%@1728] GR3D_FREQ 31% cpu@58.687C soc2@57.875C soc0@58.156C gpu@59.156C tj@59.312C soc1@59.312C VDD_IN 7697mW/7948mW VDD_CPU_GPU_CV 2059mW/2219mW VDD_SOC 2467mW/2511mW
09-08-2026 20:19:07 RAM 4619/7620MB (lfb 10x2MB) SWAP 745/3810MB (cached 1MB) CPU [0%@1728,0%@1728,0%@1728,9%@1728,0%@1728,0%@1728] GR3D_FREQ 20% cpu@58.468C soc2@57.875C soc0@58.093C gpu@59.156C tj@59.406C soc1@59.406C VDD_IN 7697mW/7947mW VDD_CPU_GPU_CV 2059mW/2218mW VDD_SOC 2467mW/2511mW
09-08-2026 20:19:08 RAM 4619/7620MB (lfb 10x2MB) SWAP 745/3810MB (cached 1MB) CPU [0%@1728,1%@1728,1%@1728,9%@1728,5%@1728,0%@1728] GR3D_FREQ 29% cpu@58.531C soc2@57.937C soc0@58.156C gpu@59.156C tj@59.25C soc1@59.25C VDD_IN 7859mW/7947mW VDD_CPU_GPU_CV 2180mW/2218mW VDD_SOC 2507mW/2511mW
09-08-2026 20:19:09 RAM 3170/7620MB (lfb 2x4MB) SWAP 745/3810MB (cached 1MB) CPU [27%@1728,40%@1728,37%@1728,43%@1728,17%@1728,14%@1728] GR3D_FREQ 31% cpu@59.093C soc2@58.031C soc0@58.187C gpu@59.375C tj@59.375C soc1@59.25C VDD_IN 8817mW/7948mW VDD_CPU_GPU_CV 2867mW/2219mW VDD_SOC 2588mW/2511mW
09-08-2026 20:19:10 RAM 3182/7620MB (lfb 2x4MB) SWAP 745/3810MB (cached 1MB) CPU [100%@1728,5%@1728,6%@1728,11%@1728,14%@1728,13%@1728] GR3D_FREQ 0% cpu@59.312C soc2@58.218C soc0@58.25C gpu@59.343C tj@59.406C soc1@59.375C VDD_IN 8898mW/7949mW VDD_CPU_GPU_CV 2907mW/2220mW VDD_SOC 2588mW/2511mW
09-08-2026 20:19:11 RAM 3227/7620MB (lfb 2x4MB) SWAP 745/3810MB (cached 1MB) CPU [100%@1728,7%@1728,7%@1728,17%@1728,7%@1728,7%@1728] GR3D_FREQ 0% cpu@59.312C soc2@58.156C soc0@58.343C gpu@59.406C tj@59.437C soc1@59.437C VDD_IN 8736mW/7950mW VDD_CPU_GPU_CV 2826mW/2220mW VDD_SOC 2548mW/2511mW
09-08-2026 20:19:12 RAM 3229/7620MB (lfb 2x4MB) SWAP 745/3810MB (cached 1MB) CPU [12%@1728,2%@1728,1%@1728,9%@1728,0%@1728,0%@1728] GR3D_FREQ 0% cpu@58.718C soc2@57.937C soc0@58.25C gpu@59.281C tj@59.468C soc1@59.468C VDD_IN 7766mW/7950mW VDD_CPU_GPU_CV 2099mW/2220mW VDD_SOC 2467mW/2511mW
09-08-2026 20:19:13 RAM 3229/7620MB (lfb 2x4MB) SWAP 745/3810MB (cached 1MB) CPU [0%@1728,1%@1728,0%@1728,9%@1728,0%@1728,0%@1728] GR3D_FREQ 0% cpu@58.468C soc2@57.937C soc0@58.187C gpu@59.062C tj@59.5C soc1@59.5C VDD_IN 7656mW/7950mW VDD_CPU_GPU_CV 2019mW/2220mW VDD_SOC 2467mW/2511mW
09-08-2026 20:19:14 RAM 3229/7620MB (lfb 2x4MB) SWAP 745/3810MB (cached 1MB) CPU [0%@1728,1%@1728,1%@1728,9%@1728,1%@1728,0%@1728] GR3D_FREQ 0% cpu@58.562C soc2@57.968C soc0@58.25C gpu@59.156C tj@59.312C soc1@59.312C VDD_IN 7656mW/7949mW VDD_CPU_GPU_CV 2019mW/2220mW VDD_SOC 2467mW/2511mW
09-08-2026 20:19:15 RAM 3280/7620MB (lfb 2x4MB) SWAP 745/3810MB (cached 1MB) CPU [11%@1728,5%@1728,75%@1728,14%@1728,5%@1728,6%@1728] GR3D_FREQ 0% cpu@58.843C soc2@58C soc0@58.218C gpu@59.312C tj@59.437C soc1@59.437C VDD_IN 8332mW/7950mW VDD_CPU_GPU_CV 2503mW/2220mW VDD_SOC 2548mW/2511mW
09-08-2026 20:19:16 RAM 3283/7620MB (lfb 2x4MB) SWAP 745/3810MB (cached 1MB) CPU [0%@1728,1%@1728,10%@1728,10%@1728,0%@1728,0%@1728] GR3D_FREQ 0% cpu@58.812C soc2@57.968C soc0@58.312C gpu@59.156C tj@59.406C soc1@59.406C VDD_IN 7766mW/7949mW VDD_CPU_GPU_CV 2140mW/2220mW VDD_SOC 2467mW/2511mW
09-08-2026 20:19:17 RAM 3290/7620MB (lfb 2x4MB) SWAP 745/3810MB (cached 1MB) CPU [11%@1728,1%@1728,1%@1728,47%@1728,0%@1728,0%@1728] GR3D_FREQ 0% cpu@59.187C soc2@58C soc0@58.125C gpu@59.218C tj@59.468C soc1@59.468C VDD_IN 8089mW/7950mW VDD_CPU_GPU_CV 2382mW/2220mW VDD_SOC 2507mW/2511mW
09-08-2026 20:19:18 RAM 3299/7620MB (lfb 2x4MB) SWAP 745/3810MB (cached 1MB) CPU [11%@1728,0%@1728,0%@1728,100%@1728,0%@1728,0%@1728] GR3D_FREQ 0% cpu@59.093C soc2@58.093C soc0@58.093C gpu@59.312C tj@59.437C soc1@59.437C VDD_IN 8534mW/7950mW VDD_CPU_GPU_CV 2665mW/2221mW VDD_SOC 2548mW/2511mW
09-08-2026 20:19:19 RAM 3191/7620MB (lfb 2x4MB) SWAP 745/3810MB (cached 1MB) CPU [18%@1728,17%@1728,13%@1728,56%@1728,11%@1728,11%@1728] GR3D_FREQ 0% cpu@59.031C soc2@58.125C soc0@58.25C gpu@59.281C tj@59.562C soc1@59.562C VDD_IN 8655mW/7951mW VDD_CPU_GPU_CV 2624mW/2221mW VDD_SOC 2588mW/2511mW
09-08-2026 20:19:20 RAM 3184/7620MB (lfb 2x4MB) SWAP 745/3810MB (cached 1MB) CPU [8%@1728,75%@1728,9%@1728,13%@1728,23%@1728,6%@1728] GR3D_FREQ 0% cpu@59.281C soc2@58.187C soc0@58.281C gpu@59.312C tj@59.437C soc1@59.437C VDD_IN 8655mW/7952mW VDD_CPU_GPU_CV 2746mW/2222mW VDD_SOC 2548mW/2511mW
09-08-2026 20:19:21 RAM 3200/7620MB (lfb 2x4MB) SWAP 745/3810MB (cached 1MB) CPU [8%@1728,7%@1728,15%@1728,7%@1728,100%@1728,7%@1728] GR3D_FREQ 0% cpu@59.312C soc2@58.062C soc0@58.281C gpu@59.406C tj@59.437C soc1@59.437C VDD_IN 8655mW/7952mW VDD_CPU_GPU_CV 2826mW/2222mW VDD_SOC 2548mW/2511mW
09-08-2026 20:19:22 RAM 3569/7620MB (lfb 85x1MB) SWAP 745/3810MB (cached 1MB) CPU [2%@1728,2%@1728,12%@1728,3%@1728,100%@1728,3%@1728] GR3D_FREQ 0% cpu@59.625C soc2@58.218C soc0@58.375C gpu@59.406C tj@59.625C soc1@59.531C VDD_IN 9019mW/7953mW VDD_CPU_GPU_CV 2746mW/2223mW VDD_SOC 2710mW/2511mW
09-08-2026 20:19:23 RAM 3625/7620MB (lfb 85x1MB) SWAP 745/3810MB (cached 1MB) CPU [8%@1728,13%@1728,11%@1728,7%@1728,61%@1728,6%@1728] GR3D_FREQ 0% cpu@58.843C soc2@58.187C soc0@58.312C gpu@59.375C tj@59.468C soc1@59.468C VDD_IN 8453mW/7954mW VDD_CPU_GPU_CV 2544mW/2223mW VDD_SOC 2588mW/2512mW
09-08-2026 20:19:24 RAM 3621/7620MB (lfb 93x1MB) SWAP 745/3810MB (cached 1MB) CPU [0%@1728,25%@1728,7%@1728,0%@1728,0%@1728,0%@1728] GR3D_FREQ 0% cpu@59.281C soc2@58.156C soc0@58.281C gpu@59.406C tj@59.562C soc1@59.562C VDD_IN 7968mW/7954mW VDD_CPU_GPU_CV 2180mW/2223mW VDD_SOC 2507mW/2512mW
09-08-2026 20:19:25 RAM 3626/7620MB (lfb 93x1MB) SWAP 745/3810MB (cached 1MB) CPU [0%@1728,2%@1728,10%@1728,0%@1728,0%@1728,2%@1728] GR3D_FREQ 30% cpu@58.75C soc2@58.187C soc0@58.218C gpu@59.468C tj@59.625C soc1@59.625C VDD_IN 7737mW/7954mW VDD_CPU_GPU_CV 2059mW/2223mW VDD_SOC 2507mW/2512mW
09-08-2026 20:19:26 RAM 3635/7620MB (lfb 93x1MB) SWAP 745/3810MB (cached 1MB) CPU [7%@1728,9%@1728,13%@1728,12%@1728,24%@1728,5%@1728] GR3D_FREQ 22% cpu@58.812C soc2@58.218C soc0@58.281C gpu@59.406C tj@59.468C soc1@59.468C VDD_IN 8049mW/7954mW VDD_CPU_GPU_CV 2342mW/2223mW VDD_SOC 2507mW/2512mW
09-08-2026 20:19:27 RAM 3635/7620MB (lfb 93x1MB) SWAP 745/3810MB (cached 1MB) CPU [1%@1728,0%@1728,0%@1728,9%@1728,0%@1728,0%@1728] GR3D_FREQ 25% cpu@58.906C soc2@58C soc0@58.312C gpu@59.406C tj@59.406C soc1@59.406C VDD_IN 7737mW/7954mW VDD_CPU_GPU_CV 2059mW/2223mW VDD_SOC 2467mW/2511mW
09-08-2026 20:19:28 RAM 3637/7620MB (lfb 93x1MB) SWAP 745/3810MB (cached 1MB) CPU [3%@1728,0%@1728,2%@1728,7%@1728,0%@1728,0%@1728] GR3D_FREQ 31% cpu@58.718C soc2@58.031C soc0@58.437C gpu@59.406C tj@59.406C soc1@59.406C VDD_IN 7697mW/7953mW VDD_CPU_GPU_CV 2059mW/2223mW VDD_SOC 2467mW/2511mW
09-08-2026 20:19:29 RAM 3637/7620MB (lfb 93x1MB) SWAP 745/3810MB (cached 1MB) CPU [4%@1728,0%@1728,1%@1728,5%@1728,0%@1728,1%@1728] GR3D_FREQ 0% cpu@58.843C soc2@58.062C soc0@58.25C gpu@59.5C tj@59.531C soc1@59.531C VDD_IN 7697mW/7953mW VDD_CPU_GPU_CV 2059mW/2222mW VDD_SOC 2467mW/2511mW
09-08-2026 20:19:30 RAM 3640/7620MB (lfb 93x1MB) SWAP 745/3810MB (cached 1MB) CPU [9%@1728,1%@1728,0%@1728,1%@1728,0%@1728,0%@1728] GR3D_FREQ 0% cpu@58.656C soc2@58.062C soc0@58.25C gpu@59.406C tj@59.593C soc1@59.593C VDD_IN 7697mW/7953mW VDD_CPU_GPU_CV 2059mW/2222mW VDD_SOC 2467mW/2511mW
09-08-2026 20:19:31 RAM 3640/7620MB (lfb 93x1MB) SWAP 745/3810MB (cached 1MB) CPU [9%@1728,0%@1728,0%@1728,0%@1728,0%@1728,1%@1728] GR3D_FREQ 0% cpu@58.718C soc2@58.218C soc0@58.25C gpu@59.406C tj@59.625C soc1@59.625C VDD_IN 7656mW/7952mW VDD_CPU_GPU_CV 2019mW/2222mW VDD_SOC 2467mW/2511mW
09-08-2026 20:19:32 RAM 3643/7620MB (lfb 93x1MB) SWAP 745/3810MB (cached 1MB) CPU [13%@1728,15%@1728,6%@1728,11%@1728,5%@1728,9%@1728] GR3D_FREQ 0% cpu@59.187C soc2@58.125C soc0@58.375C gpu@59.406C tj@59.406C soc1@59.343C VDD_IN 8372mW/7953mW VDD_CPU_GPU_CV 2544mW/2222mW VDD_SOC 2548mW/2511mW
09-08-2026 20:19:33 RAM 3647/7620MB (lfb 93x1MB) SWAP 745/3810MB (cached 1MB) CPU [10%@1728,3%@1728,0%@1728,2%@1728,0%@1728,0%@1728] GR3D_FREQ 0% cpu@58.75C soc2@58.031C soc0@58.343C gpu@59.437C tj@59.437C soc1@59.468C VDD_IN 7737mW/7953mW VDD_CPU_GPU_CV 2099mW/2222mW VDD_SOC 2467mW/2511mW
09-08-2026 20:19:34 RAM 3647/7620MB (lfb 93x1MB) SWAP 745/3810MB (cached 1MB) CPU [9%@1728,0%@1728,1%@1728,0%@1728,0%@1728,0%@1728] GR3D_FREQ 0% cpu@58.781C soc2@57.968C soc0@58.343C gpu@59.468C tj@59.468C soc1@59.437C VDD_IN 7656mW/7952mW VDD_CPU_GPU_CV 2019mW/2222mW VDD_SOC 2467mW/2511mW
09-08-2026 20:19:35 RAM 3648/7620MB (lfb 93x1MB) SWAP 745/3810MB (cached 1MB) CPU [7%@1728,0%@1728,2%@1728,2%@1728,0%@1728,0%@1728] GR3D_FREQ 0% cpu@58.718C soc2@58.093C soc0@58.218C gpu@59.468C tj@59.468C soc1@59.437C VDD_IN 7616mW/7952mW VDD_CPU_GPU_CV 2019mW/2222mW VDD_SOC 2467mW/2511mW
09-08-2026 20:19:36 RAM 3648/7620MB (lfb 93x1MB) SWAP 745/3810MB (cached 1MB) CPU [1%@1728,10%@1728,0%@1728,0%@1728,0%@1728,0%@1728] GR3D_FREQ 0% cpu@58.718C soc2@58.031C soc0@58.156C gpu@59.437C tj@59.468C soc1@59.468C VDD_IN 7616mW/7952mW VDD_CPU_GPU_CV 2019mW/2222mW VDD_SOC 2467mW/2511mW
09-08-2026 20:19:37 RAM 3648/7620MB (lfb 93x1MB) SWAP 745/3810MB (cached 1MB) CPU [0%@1728,9%@1728,0%@1728,0%@1728,0%@1728,0%@1728] GR3D_FREQ 0% cpu@58.593C soc2@58.062C soc0@58.218C gpu@59.5C tj@59.593C soc1@59.593C VDD_IN 7616mW/7951mW VDD_CPU_GPU_CV 1978mW/2221mW VDD_SOC 2467mW/2511mW
09-08-2026 20:19:38 RAM 3648/7620MB (lfb 93x1MB) SWAP 745/3810MB (cached 1MB) CPU [0%@1728,10%@1728,0%@1728,1%@1728,0%@1728,0%@1728] GR3D_FREQ 0% cpu@58.687C soc2@57.968C soc0@58.281C gpu@59.187C tj@59.312C soc1@59.375C VDD_IN 7616mW/7951mW VDD_CPU_GPU_CV 2019mW/2221mW VDD_SOC 2467mW/2511mW
09-08-2026 20:19:39 RAM 3647/7620MB (lfb 93x1MB) SWAP 745/3810MB (cached 1MB) CPU [1%@1728,6%@1728,2%@1728,5%@1728,0%@1728,0%@1728] GR3D_FREQ 0% cpu@58.656C soc2@57.968C soc0@58.437C gpu@59.218C tj@59.468C soc1@59.468C VDD_IN 7616mW/7951mW VDD_CPU_GPU_CV 2019mW/2221mW VDD_SOC 2467mW/2511mW
09-08-2026 20:19:40 RAM 3651/7620MB (lfb 93x1MB) SWAP 745/3810MB (cached 1MB) CPU [9%@1728,5%@1728,2%@1728,10%@1728,0%@1728,1%@1728] GR3D_FREQ 0% cpu@58.718C soc2@57.968C soc0@58.281C gpu@59.187C tj@59.406C soc1@59.406C VDD_IN 7697mW/7950mW VDD_CPU_GPU_CV 2059mW/2221mW VDD_SOC 2467mW/2511mW
09-08-2026 20:19:41 RAM 3651/7620MB (lfb 93x1MB) SWAP 745/3810MB (cached 1MB) CPU [10%@1728,0%@1728,0%@1728,0%@1728,0%@1728,0%@1728] GR3D_FREQ 0% cpu@58.781C soc2@57.968C soc0@58.218C gpu@59.281C tj@59.437C soc1@59.437C VDD_IN 7575mW/7950mW VDD_CPU_GPU_CV 1978mW/2221mW VDD_SOC 2467mW/2511mW
09-08-2026 20:19:42 RAM 3651/7620MB (lfb 93x1MB) SWAP 745/3810MB (cached 1MB) CPU [9%@1728,0%@1728,0%@1728,0%@1728,0%@1728,0%@1728] GR3D_FREQ 0% cpu@58.625C soc2@58.156C soc0@58.25C gpu@59.281C tj@59.437C soc1@59.437C VDD_IN 7697mW/7950mW VDD_CPU_GPU_CV 2059mW/2220mW VDD_SOC 2467mW/2511mW
09-08-2026 20:19:43 RAM 3652/7620MB (lfb 93x1MB) SWAP 745/3810MB (cached 1MB) CPU [9%@1728,1%@1728,1%@1728,0%@1728,0%@1728,0%@1728] GR3D_FREQ 30% cpu@58.593C soc2@58.093C soc0@58.25C gpu@59.375C tj@59.375C soc1@59.375C VDD_IN 7737mW/7950mW VDD_CPU_GPU_CV 2059mW/2220mW VDD_SOC 2467mW/2511mW
09-08-2026 20:19:44 RAM 3652/7620MB (lfb 93x1MB) SWAP 745/3810MB (cached 1MB) CPU [9%@1728,0%@1728,1%@1728,0%@1728,0%@1728,0%@1728] GR3D_FREQ 31% cpu@58.687C soc2@58C soc0@58.187C gpu@59.25C tj@59.406C soc1@59.406C VDD_IN 7737mW/7949mW VDD_CPU_GPU_CV 2059mW/2220mW VDD_SOC 2467mW/2511mW
09-08-2026 20:19:45 RAM 3652/7620MB (lfb 93x1MB) SWAP 745/3810MB (cached 1MB) CPU [9%@1728,0%@1728,0%@1728,1%@1728,0%@1728,0%@1728] GR3D_FREQ 15% cpu@58.75C soc2@58.062C soc0@58.343C gpu@59.343C tj@59.406C soc1@59.406C VDD_IN 7697mW/7949mW VDD_CPU_GPU_CV 2059mW/2220mW VDD_SOC 2467mW/2511mW
09-08-2026 20:19:46 RAM 3652/7620MB (lfb 93x1MB) SWAP 745/3810MB (cached 1MB) CPU [9%@1728,1%@1728,0%@1728,0%@1728,12%@1728,0%@1728] GR3D_FREQ 30% cpu@58.75C soc2@58.031C soc0@58.375C gpu@59.343C tj@59.406C soc1@59.406C VDD_IN 7806mW/7949mW VDD_CPU_GPU_CV 2140mW/2220mW VDD_SOC 2507mW/2511mW
09-08-2026 20:19:47 RAM 3691/7620MB (lfb 94x1MB) SWAP 745/3810MB (cached 1MB) CPU [25%@1728,17%@1728,18%@1728,18%@1728,18%@1728,22%@1728] GR3D_FREQ 31% cpu@59.093C soc2@58.187C soc0@58.156C gpu@59.343C tj@59.437C soc1@59.437C VDD_IN 9019mW/7950mW VDD_CPU_GPU_CV 3104mW/2221mW VDD_SOC 2584mW/2511mW
09-08-2026 20:19:48 RAM 3696/7620MB (lfb 94x1MB) SWAP 745/3810MB (cached 1MB) CPU [9%@1728,2%@1728,2%@1728,0%@1728,2%@1728,2%@1728] GR3D_FREQ 0% cpu@58.562C soc2@58.062C soc0@58.25C gpu@59.343C tj@59.5C soc1@59.5C VDD_IN 7846mW/7950mW VDD_CPU_GPU_CV 2180mW/2221mW VDD_SOC 2507mW/2511mW
09-08-2026 20:19:49 RAM 3696/7620MB (lfb 94x1MB) SWAP 745/3810MB (cached 1MB) CPU [9%@1728,1%@1728,0%@1728,0%@1728,1%@1728,1%@1728] GR3D_FREQ 0% cpu@58.718C soc2@58.062C soc0@58.25C gpu@59.343C tj@59.343C soc1@59.343C VDD_IN 7737mW/7950mW VDD_CPU_GPU_CV 2099mW/2221mW VDD_SOC 2467mW/2511mW
09-08-2026 20:19:50 RAM 3716/7620MB (lfb 94x1MB) SWAP 745/3810MB (cached 1MB) CPU [28%@1728,23%@1728,22%@1728,21%@1728,20%@1728,29%@1728] GR3D_FREQ 0% cpu@58.781C soc2@58.062C soc0@58.281C gpu@59.406C tj@59.406C soc1@59.406C VDD_IN 8291mW/7950mW VDD_CPU_GPU_CV 2503mW/2221mW VDD_SOC 2548mW/2511mW
09-08-2026 20:19:51 RAM 3716/7620MB (lfb 94x1MB) SWAP 745/3810MB (cached 1MB) CPU [12%@1728,1%@1728,0%@1728,1%@1728,0%@1728,1%@1728] GR3D_FREQ 0% cpu@58.687C soc2@58.062C soc0@58.375C gpu@59.343C tj@59.406C soc1@59.406C VDD_IN 7725mW/7950mW VDD_CPU_GPU_CV 2099mW/2221mW VDD_SOC 2467mW/2511mW
09-08-2026 20:19:52 RAM 3717/7620MB (lfb 94x1MB) SWAP 745/3810MB (cached 1MB) CPU [9%@1728,0%@1728,1%@1728,3%@1728,0%@1728,0%@1728] GR3D_FREQ 0% cpu@58.781C soc2@58.093C soc0@58.437C gpu@59.375C tj@59.375C soc1@59.375C VDD_IN 7697mW/7950mW VDD_CPU_GPU_CV 2059mW/2221mW VDD_SOC 2467mW/2511mW
09-08-2026 20:19:53 RAM 3722/7620MB (lfb 94x1MB) SWAP 745/3810MB (cached 1MB) CPU [12%@1728,1%@1728,2%@1728,2%@1728,0%@1728,0%@1728] GR3D_FREQ 0% cpu@58.562C soc2@58.031C soc0@58.125C gpu@59.375C tj@59.437C soc1@59.437C VDD_IN 7697mW/7949mW VDD_CPU_GPU_CV 2059mW/2220mW VDD_SOC 2467mW/2511mW
09-08-2026 20:19:54 RAM 3720/7620MB (lfb 94x1MB) SWAP 745/3810MB (cached 1MB) CPU [15%@1728,21%@1728,12%@1728,12%@1728,20%@1728,12%@1728] GR3D_FREQ 0% cpu@60.187C soc2@58.343C soc0@58.25C gpu@59.468C tj@60.187C soc1@59.562C VDD_IN 9222mW/7951mW VDD_CPU_GPU_CV 3144mW/2221mW VDD_SOC 2665mW/2511mW
09-08-2026 20:19:55 RAM 3726/7620MB (lfb 94x1MB) SWAP 745/3810MB (cached 1MB) CPU [15%@1728,21%@1728,14%@1728,14%@1728,13%@1728,15%@1728] GR3D_FREQ 0% cpu@58.562C soc2@58.062C soc0@58.281C gpu@59.468C tj@59.593C soc1@59.406C VDD_IN 7968mW/7951mW VDD_CPU_GPU_CV 2261mW/2221mW VDD_SOC 2507mW/2511mW
09-08-2026 20:19:56 RAM 3732/7620MB (lfb 94x1MB) SWAP 745/3810MB (cached 1MB) CPU [2%@1728,13%@1728,0%@1728,0%@1728,0%@1728,2%@1728] GR3D_FREQ 0% cpu@58.687C soc2@58.031C soc0@58.281C gpu@59.531C tj@59.406C soc1@59.406C VDD_IN 7778mW/7951mW VDD_CPU_GPU_CV 2099mW/2221mW VDD_SOC 2507mW/2511mW
09-08-2026 20:19:57 RAM 3732/7620MB (lfb 94x1MB) SWAP 745/3810MB (cached 1MB) CPU [0%@1728,9%@1728,0%@1728,1%@1728,0%@1728,3%@1728] GR3D_FREQ 0% cpu@58.781C soc2@58C soc0@58.312C gpu@59.156C tj@59.468C soc1@59.468C VDD_IN 7656mW/7950mW VDD_CPU_GPU_CV 2019mW/2221mW VDD_SOC 2467mW/2511mW
09-08-2026 20:19:58 RAM 3738/7620MB (lfb 94x1MB) SWAP 745/3810MB (cached 1MB) CPU [0%@1728,9%@1728,2%@1728,0%@1728,1%@1728,2%@1728] GR3D_FREQ 0% cpu@58.531C soc2@57.937C soc0@58.25C gpu@59.312C tj@59.5C soc1@59.5C VDD_IN 7656mW/7950mW VDD_CPU_GPU_CV 2019mW/2221mW VDD_SOC 2467mW/2511mW
09-08-2026 20:19:59 RAM 3738/7620MB (lfb 94x1MB) SWAP 745/3810MB (cached 1MB) CPU [0%@1728,9%@1728,1%@1728,0%@1728,0%@1728,4%@1728] GR3D_FREQ 0% cpu@58.875C soc2@58C soc0@58.187C gpu@59.25C tj@59.5C soc1@59.5C VDD_IN 7616mW/7950mW VDD_CPU_GPU_CV 1978mW/2221mW VDD_SOC 2467mW/2511mW
09-08-2026 20:20:00 RAM 3739/7620MB (lfb 94x1MB) SWAP 745/3810MB (cached 1MB) CPU [2%@1728,10%@1728,0%@1728,0%@1728,0%@1728,3%@1728] GR3D_FREQ 0% cpu@58.656C soc2@58.031C soc0@58.281C gpu@59.281C tj@59.593C soc1@59.593C VDD_IN 7616mW/7949mW VDD_CPU_GPU_CV 2019mW/2220mW VDD_SOC 2467mW/2511mW
09-08-2026 20:20:01 RAM 3739/7620MB (lfb 94x1MB) SWAP 745/3810MB (cached 1MB) CPU [1%@1728,10%@1728,0%@1728,0%@1728,3%@1728,0%@1728] GR3D_FREQ 0% cpu@58.656C soc2@58.25C soc0@58.25C gpu@59.281C tj@59.406C soc1@59.406C VDD_IN 7737mW/7949mW VDD_CPU_GPU_CV 2099mW/2220mW VDD_SOC 2467mW/2511mW
09-08-2026 20:20:02 RAM 3739/7620MB (lfb 94x1MB) SWAP 745/3810MB (cached 1MB) CPU [1%@1728,9%@1728,0%@1728,1%@1728,7%@1728,0%@1728] GR3D_FREQ 30% cpu@58.875C soc2@58.062C soc0@58.375C gpu@59.312C tj@59.406C soc1@59.406C VDD_IN 7778mW/7949mW VDD_CPU_GPU_CV 2099mW/2220mW VDD_SOC 2507mW/2511mW
09-08-2026 20:20:03 RAM 3739/7620MB (lfb 94x1MB) SWAP 745/3810MB (cached 1MB) CPU [2%@1728,9%@1728,0%@1728,0%@1728,2%@1728,1%@1728] GR3D_FREQ 27% cpu@58.718C soc2@58.062C soc0@58.437C gpu@59.25C tj@59.437C soc1@59.437C VDD_IN 7778mW/7949mW VDD_CPU_GPU_CV 2099mW/2220mW VDD_SOC 2467mW/2511mW
09-08-2026 20:20:04 RAM 3720/7620MB (lfb 94x1MB) SWAP 745/3810MB (cached 1MB) CPU [15%@1728,18%@1728,22%@1728,16%@1728,17%@1728,15%@1728] GR3D_FREQ 25% cpu@60.5C soc2@58.343C soc0@58.218C gpu@59.375C tj@60.5C soc1@59.5C VDD_IN 9262mW/7950mW VDD_CPU_GPU_CV 3225mW/2221mW VDD_SOC 2624mW/2511mW
09-08-2026 20:20:05 RAM 3720/7620MB (lfb 94x1MB) SWAP 745/3810MB (cached 1MB) CPU [36%@1728,32%@1728,40%@1728,34%@1728,32%@1728,33%@1728] GR3D_FREQ 31% cpu@58.843C soc2@58.281C soc0@58.25C gpu@59.468C tj@59.531C soc1@59.531C VDD_IN 8413mW/7950mW VDD_CPU_GPU_CV 2544mW/2221mW VDD_SOC 2588mW/2511mW
09-08-2026 20:20:06 RAM 3721/7620MB (lfb 94x1MB) SWAP 745/3810MB (cached 1MB) CPU [20%@1728,18%@1728,22%@1728,26%@1728,14%@1728,18%@1728] GR3D_FREQ 0% cpu@59.062C soc2@58.343C soc0@58.375C gpu@59.5C tj@59.593C soc1@59.593C VDD_IN 8939mW/7951mW VDD_CPU_GPU_CV 3024mW/2222mW VDD_SOC 2588mW/2511mW
09-08-2026 20:20:07 RAM 3721/7620MB (lfb 94x1MB) SWAP 745/3810MB (cached 1MB) CPU [0%@1728,0%@1728,0%@1728,9%@1728,2%@1728,0%@1728] GR3D_FREQ 0% cpu@58.75C soc2@58.125C soc0@58.375C gpu@59.437C tj@59.531C soc1@59.531C VDD_IN 7806mW/7951mW VDD_CPU_GPU_CV 2140mW/2222mW VDD_SOC 2507mW/2511mW
09-08-2026 20:20:08 RAM 3726/7620MB (lfb 94x1MB) SWAP 745/3810MB (cached 1MB) CPU [0%@1728,1%@1728,1%@1728,9%@1728,2%@1728,0%@1728] GR3D_FREQ 0% cpu@58.781C soc2@58.062C soc0@58.406C gpu@59.468C tj@59.5C soc1@59.5C VDD_IN 7737mW/7951mW VDD_CPU_GPU_CV 2059mW/2222mW VDD_SOC 2467mW/2511mW
09-08-2026 20:20:09 RAM 3727/7620MB (lfb 94x1MB) SWAP 745/3810MB (cached 1MB) CPU [1%@1728,2%@1728,2%@1728,10%@1728,3%@1728,0%@1728] GR3D_FREQ 0% cpu@59.031C soc2@58.062C soc0@58.531C gpu@59.437C tj@59.5C soc1@59.5C VDD_IN 7737mW/7951mW VDD_CPU_GPU_CV 2059mW/2222mW VDD_SOC 2467mW/2511mW
09-08-2026 20:20:10 RAM 3728/7620MB (lfb 94x1MB) SWAP 745/3810MB (cached 1MB) CPU [33%@1728,32%@1728,37%@1728,36%@1728,23%@1728,38%@1728] GR3D_FREQ 0% cpu@59.062C soc2@58.343C soc0@58.281C gpu@59.593C tj@59.593C soc1@59.562C VDD_IN 9343mW/7952mW VDD_CPU_GPU_CV 3225mW/2223mW VDD_SOC 2624mW/2511mW
09-08-2026 20:20:11 RAM 3728/7620MB (lfb 94x1MB) SWAP 745/3810MB (cached 1MB) CPU [7%@1728,0%@1728,3%@1728,0%@1728,2%@1728,2%@1728] GR3D_FREQ 0% cpu@58.843C soc2@58.156C soc0@58.312C gpu@59.437C tj@59.562C soc1@59.562C VDD_IN 7806mW/7952mW VDD_CPU_GPU_CV 2140mW/2223mW VDD_SOC 2507mW/2511mW
09-08-2026 20:20:12 RAM 3728/7620MB (lfb 94x1MB) SWAP 745/3810MB (cached 1MB) CPU [6%@1728,0%@1728,4%@1728,0%@1728,0%@1728,3%@1728] GR3D_FREQ 0% cpu@58.781C soc2@58.187C soc0@58.343C gpu@59.5C tj@59.656C soc1@59.406C VDD_IN 7697mW/7952mW VDD_CPU_GPU_CV 2059mW/2222mW VDD_SOC 2467mW/2511mW
09-08-2026 20:20:13 RAM 3728/7620MB (lfb 94x1MB) SWAP 745/3810MB (cached 1MB) CPU [7%@1728,0%@1728,2%@1728,1%@1728,0%@1728,3%@1728] GR3D_FREQ 0% cpu@58.75C soc2@58.031C soc0@58.375C gpu@59.562C tj@59.562C soc1@59.5C VDD_IN 7697mW/7952mW VDD_CPU_GPU_CV 2059mW/2222mW VDD_SOC 2467mW/2511mW
09-08-2026 20:20:14 RAM 3727/7620MB (lfb 94x1MB) SWAP 745/3810MB (cached 1MB) CPU [6%@1728,0%@1728,5%@1728,0%@1728,0%@1728,2%@1728] GR3D_FREQ 0% cpu@58.718C soc2@58.093C soc0@58.406C gpu@59.531C tj@59.531C soc1@59.437C VDD_IN 7656mW/7951mW VDD_CPU_GPU_CV 2019mW/2222mW VDD_SOC 2467mW/2511mW
09-08-2026 20:20:15 RAM 3727/7620MB (lfb 94x1MB) SWAP 745/3810MB (cached 1MB) CPU [8%@1728,0%@1728,4%@1728,1%@1728,0%@1728,3%@1728] GR3D_FREQ 0% cpu@58.812C soc2@58.062C soc0@58.531C gpu@59.5C tj@59.531C soc1@59.531C VDD_IN 7656mW/7951mW VDD_CPU_GPU_CV 2019mW/2222mW VDD_SOC 2467mW/2511mW
09-08-2026 20:20:16 RAM 3727/7620MB (lfb 94x1MB) SWAP 745/3810MB (cached 1MB) CPU [8%@1728,1%@1728,2%@1728,0%@1728,2%@1728,1%@1728] GR3D_FREQ 0% cpu@58.75C soc2@58C soc0@58.281C gpu@59.343C tj@59.531C soc1@59.531C VDD_IN 7616mW/7951mW VDD_CPU_GPU_CV 2019mW/2222mW VDD_SOC 2467mW/2511mW
09-08-2026 20:20:17 RAM 3715/7620MB (lfb 94x1MB) SWAP 745/3810MB (cached 1MB) CPU [8%@1728,0%@1728,1%@1728,0%@1728,1%@1728,1%@1728] GR3D_FREQ 0% cpu@58.625C soc2@58.093C soc0@58.281C gpu@59.281C tj@59.625C soc1@59.625C VDD_IN 7616mW/7950mW VDD_CPU_GPU_CV 2019mW/2222mW VDD_SOC 2467mW/2511mW
09-08-2026 20:20:18 RAM 3720/7620MB (lfb 94x1MB) SWAP 745/3810MB (cached 1MB) CPU [6%@1728,1%@1728,4%@1728,2%@1728,0%@1728,2%@1728] GR3D_FREQ 0% cpu@58.625C soc2@58.093C soc0@58.281C gpu@59.156C tj@59.406C soc1@59.406C VDD_IN 7616mW/7950mW VDD_CPU_GPU_CV 2019mW/2221mW VDD_SOC 2467mW/2511mW
09-08-2026 20:20:19 RAM 3721/7620MB (lfb 94x1MB) SWAP 745/3810MB (cached 1MB) CPU [10%@1728,0%@1728,1%@1728,0%@1728,0%@1728,3%@1728] GR3D_FREQ 0% cpu@58.718C soc2@58.093C soc0@58.281C gpu@59.281C tj@59.437C soc1@59.437C VDD_IN 7616mW/7950mW VDD_CPU_GPU_CV 2019mW/2221mW VDD_SOC 2467mW/2511mW
09-08-2026 20:20:20 RAM 3726/7620MB (lfb 94x1MB) SWAP 745/3810MB (cached 1MB) CPU [10%@1728,1%@1728,1%@1728,0%@1728,0%@1728,2%@1728] GR3D_FREQ 0% cpu@58.843C soc2@58.218C soc0@58.281C gpu@59.343C tj@59.468C soc1@59.468C VDD_IN 7737mW/7950mW VDD_CPU_GPU_CV 2099mW/2221mW VDD_SOC 2467mW/2510mW
09-08-2026 20:20:21 RAM 3726/7620MB (lfb 94x1MB) SWAP 745/3810MB (cached 1MB) CPU [5%@1728,0%@1728,5%@1728,0%@1728,0%@1728,0%@1728] GR3D_FREQ 11% cpu@58.906C soc2@58.125C soc0@58.406C gpu@59.375C tj@59.437C soc1@59.468C VDD_IN 7737mW/7949mW VDD_CPU_GPU_CV 2099mW/2221mW VDD_SOC 2467mW/2510mW
09-08-2026 20:20:22 RAM 3726/7620MB (lfb 94x1MB) SWAP 745/3810MB (cached 1MB) CPU [10%@1728,0%@1728,0%@1728,3%@1728,0%@1728,0%@1728] GR3D_FREQ 0% cpu@58.875C soc2@58.218C soc0@58.25C gpu@59.312C tj@59.5C soc1@59.5C VDD_IN 7737mW/7949mW VDD_CPU_GPU_CV 2099mW/2221mW VDD_SOC 2467mW/2510mW
09-08-2026 20:20:23 RAM 3726/7620MB (lfb 94x1MB) SWAP 745/3810MB (cached 1MB) CPU [10%@1728,0%@1728,3%@1728,3%@1728,0%@1728,0%@1728] GR3D_FREQ 31% cpu@58.718C soc2@58.125C soc0@58.218C gpu@59.312C tj@59.562C soc1@59.562C VDD_IN 7737mW/7949mW VDD_CPU_GPU_CV 2099mW/2221mW VDD_SOC 2507mW/2510mW
09-08-2026 20:20:24 RAM 3726/7620MB (lfb 94x1MB) SWAP 745/3810MB (cached 1MB) CPU [9%@1728,0%@1728,0%@1728,3%@1728,0%@1728,0%@1728] GR3D_FREQ 31% cpu@58.718C soc2@58.156C soc0@58.343C gpu@59.312C tj@59.656C soc1@59.656C VDD_IN 7737mW/7949mW VDD_CPU_GPU_CV 2059mW/2221mW VDD_SOC 2467mW/2510mW
09-08-2026 20:20:25 RAM 3726/7620MB (lfb 94x1MB) SWAP 745/3810MB (cached 1MB) CPU [9%@1728,0%@1728,2%@1728,3%@1728,0%@1728,0%@1728] GR3D_FREQ 0% cpu@58.843C soc2@58.187C soc0@58.343C gpu@59.312C tj@59.406C soc1@59.406C VDD_IN 7737mW/7949mW VDD_CPU_GPU_CV 2059mW/2220mW VDD_SOC 2467mW/2510mW
09-08-2026 20:20:26 RAM 3727/7620MB (lfb 94x1MB) SWAP 745/3810MB (cached 1MB) CPU [9%@1728,0%@1728,0%@1728,3%@1728,0%@1728,0%@1728] GR3D_FREQ 8% cpu@58.687C soc2@58.062C soc0@58.312C gpu@59.375C tj@59.406C soc1@59.406C VDD_IN 7697mW/7948mW VDD_CPU_GPU_CV 2059mW/2220mW VDD_SOC 2467mW/2510mW
09-08-2026 20:20:27 RAM 3727/7620MB (lfb 94x1MB) SWAP 745/3810MB (cached 1MB) CPU [9%@1728,0%@1728,1%@1728,2%@1728,0%@1728,0%@1728] GR3D_FREQ 0% cpu@58.843C soc2@58C soc0@58.468C gpu@59.312C tj@59.468C soc1@59.468C VDD_IN 7697mW/7948mW VDD_CPU_GPU_CV 2059mW/2220mW VDD_SOC 2467mW/2510mW
09-08-2026 20:20:28 RAM 3726/7620MB (lfb 94x1MB) SWAP 745/3810MB (cached 1MB) CPU [7%@1728,0%@1728,2%@1728,3%@1728,0%@1728,0%@1728] GR3D_FREQ 0% cpu@58.593C soc2@58.093C soc0@58.25C gpu@59.343C tj@59.437C soc1@59.437C VDD_IN 7697mW/7948mW VDD_CPU_GPU_CV 2059mW/2220mW VDD_SOC 2467mW/2510mW
09-08-2026 20:20:29 RAM 3728/7620MB (lfb 94x1MB) SWAP 745/3810MB (cached 1MB) CPU [8%@1728,2%@1728,3%@1728,3%@1728,0%@1728,0%@1728] GR3D_FREQ 0% cpu@58.656C soc2@58.093C soc0@58.281C gpu@59.375C tj@59.468C soc1@59.468C VDD_IN 7697mW/7948mW VDD_CPU_GPU_CV 2059mW/2220mW VDD_SOC 2467mW/2510mW
09-08-2026 20:20:30 RAM 3734/7620MB (lfb 94x1MB) SWAP 745/3810MB (cached 1MB) CPU [7%@1728,0%@1728,4%@1728,3%@1728,0%@1728,0%@1728] GR3D_FREQ 0% cpu@58.593C soc2@58.062C soc0@58.25C gpu@59.375C tj@59.531C soc1@59.531C VDD_IN 7697mW/7947mW VDD_CPU_GPU_CV 2059mW/2220mW VDD_SOC 2467mW/2510mW
09-08-2026 20:20:31 RAM 3734/7620MB (lfb 94x1MB) SWAP 745/3810MB (cached 1MB) CPU [8%@1728,4%@1728,0%@1728,1%@1728,0%@1728,0%@1728] GR3D_FREQ 0% cpu@58.625C soc2@57.906C soc0@58.25C gpu@59.312C tj@59.375C soc1@59.375C VDD_IN 7697mW/7947mW VDD_CPU_GPU_CV 2019mW/2219mW VDD_SOC 2467mW/2510mW
09-08-2026 20:20:32 RAM 3734/7620MB (lfb 94x1MB) SWAP 745/3810MB (cached 1MB) CPU [8%@1728,3%@1728,0%@1728,0%@1728,1%@1728,3%@1728] GR3D_FREQ 0% cpu@58.75C soc2@57.968C soc0@58.375C gpu@59.281C tj@59.375C soc1@59.375C VDD_IN 7656mW/7947mW VDD_CPU_GPU_CV 2019mW/2219mW VDD_SOC 2467mW/2510mW
09-08-2026 20:20:33 RAM 3734/7620MB (lfb 94x1MB) SWAP 745/3810MB (cached 1MB) CPU [4%@1728,2%@1728,2%@1728,4%@1728,0%@1728,2%@1728] GR3D_FREQ 0% cpu@58.718C soc2@58C soc0@58.343C gpu@59.375C tj@59.531C soc1@59.531C VDD_IN 7697mW/7947mW VDD_CPU_GPU_CV 2059mW/2219mW VDD_SOC 2467mW/2510mW
09-08-2026 20:20:34 RAM 3721/7620MB (lfb 95x1MB) SWAP 745/3810MB (cached 1MB) CPU [73%@1728,72%@1728,71%@1728,70%@1728,73%@1728,71%@1728] GR3D_FREQ 0% cpu@61.093C soc2@58.593C soc0@58.312C gpu@59.718C tj@61.093C soc1@59.562C VDD_IN 12115mW/7951mW VDD_CPU_GPU_CV 4870mW/2222mW VDD_SOC 3104mW/2511mW
09-08-2026 20:20:35 RAM 3728/7620MB (lfb 95x1MB) SWAP 745/3810MB (cached 1MB) CPU [23%@1728,24%@1728,17%@1728,22%@1728,17%@1728,18%@1728] GR3D_FREQ 0% cpu@58.843C soc2@58.218C soc0@58.343C gpu@59.531C tj@59.75C soc1@59.75C VDD_IN 8291mW/7951mW VDD_CPU_GPU_CV 2423mW/2222mW VDD_SOC 2548mW/2511mW
09-08-2026 20:20:36 RAM 3728/7620MB (lfb 95x1MB) SWAP 745/3810MB (cached 1MB) CPU [1%@1728,2%@1728,4%@1728,5%@1728,0%@1728,1%@1728] GR3D_FREQ 0% cpu@58.75C soc2@58.218C soc0@58.312C gpu@59.5C tj@59.5C soc1@59.5C VDD_IN 7656mW/7951mW VDD_CPU_GPU_CV 2059mW/2222mW VDD_SOC 2467mW/2511mW
09-08-2026 20:20:37 RAM 3728/7620MB (lfb 95x1MB) SWAP 745/3810MB (cached 1MB) CPU [1%@1728,0%@1728,7%@1728,3%@1728,0%@1728,3%@1728] GR3D_FREQ 0% cpu@58.656C soc2@57.968C soc0@58.406C gpu@59.437C tj@59.5C soc1@59.5C VDD_IN 7656mW/7950mW VDD_CPU_GPU_CV 2019mW/2221mW VDD_SOC 2467mW/2510mW
09-08-2026 20:20:38 RAM 3733/7620MB (lfb 95x1MB) SWAP 745/3810MB (cached 1MB) CPU [3%@1728,1%@1728,5%@1728,5%@1728,0%@1728,3%@1728] GR3D_FREQ 0% cpu@58.75C soc2@58C soc0@58.375C gpu@59.281C tj@59.437C soc1@59.437C VDD_IN 7656mW/7950mW VDD_CPU_GPU_CV 2019mW/2221mW VDD_SOC 2467mW/2510mW
09-08-2026 20:20:39 RAM 3734/7620MB (lfb 95x1MB) SWAP 745/3810MB (cached 1MB) CPU [1%@1728,0%@1728,10%@1728,4%@1728,1%@1728,2%@1728] GR3D_FREQ 0% cpu@58.968C soc2@58.187C soc0@58.25C gpu@59.312C tj@59.562C soc1@59.562C VDD_IN 7737mW/7950mW VDD_CPU_GPU_CV 2099mW/2221mW VDD_SOC 2507mW/2510mW
09-08-2026 20:20:40 RAM 3735/7620MB (lfb 95x1MB) SWAP 745/3810MB (cached 1MB) CPU [5%@1728,1%@1728,12%@1728,1%@1728,8%@1728,2%@1728] GR3D_FREQ 3% cpu@58.968C soc2@58.187C soc0@58.218C gpu@59.343C tj@59.531C soc1@59.531C VDD_IN 7846mW/7950mW VDD_CPU_GPU_CV 2180mW/2221mW VDD_SOC 2507mW/2510mW
09-08-2026 20:20:41 RAM 3735/7620MB (lfb 95x1MB) SWAP 745/3810MB (cached 1MB) CPU [0%@1728,0%@1728,5%@1728,6%@1728,2%@1728,1%@1728] GR3D_FREQ 0% cpu@58.812C soc2@58.093C soc0@58.25C gpu@59.343C tj@59.625C soc1@59.625C VDD_IN 7737mW/7950mW VDD_CPU_GPU_CV 2099mW/2221mW VDD_SOC 2467mW/2510mW
09-08-2026 20:20:42 RAM 3735/7620MB (lfb 95x1MB) SWAP 745/3810MB (cached 1MB) CPU [1%@1728,1%@1728,7%@1728,3%@1728,3%@1728,0%@1728] GR3D_FREQ 31% cpu@58.875C soc2@58.156C soc0@58.281C gpu@59.312C tj@59.437C soc1@59.437C VDD_IN 7737mW/7949mW VDD_CPU_GPU_CV 2099mW/2221mW VDD_SOC 2467mW/2510mW
09-08-2026 20:20:43 RAM 3739/7620MB (lfb 95x1MB) SWAP 745/3810MB (cached 1MB) CPU [1%@1728,1%@1728,10%@1728,0%@1728,2%@1728,0%@1728] GR3D_FREQ 31% cpu@58.843C soc2@58.062C soc0@58.25C gpu@59.312C tj@59.375C soc1@59.375C VDD_IN 7737mW/7949mW VDD_CPU_GPU_CV 2099mW/2221mW VDD_SOC 2467mW/2510mW
09-08-2026 20:20:44 RAM 3738/7620MB (lfb 95x1MB) SWAP 745/3810MB (cached 1MB) CPU [1%@1728,0%@1728,6%@1728,5%@1728,2%@1728,0%@1728] GR3D_FREQ 0% cpu@58.937C soc2@58.062C soc0@58.437C gpu@59.312C tj@59.406C soc1@59.406C VDD_IN 7737mW/7949mW VDD_CPU_GPU_CV 2059mW/2221mW VDD_SOC 2467mW/2510mW
09-08-2026 20:20:45 RAM 3738/7620MB (lfb 95x1MB) SWAP 745/3810MB (cached 1MB) CPU [1%@1728,0%@1728,10%@1728,0%@1728,3%@1728,0%@1728] GR3D_FREQ 16% cpu@58.781C soc2@58.062C soc0@58.437C gpu@59.281C tj@59.437C soc1@59.437C VDD_IN 7697mW/7949mW VDD_CPU_GPU_CV 2059mW/2220mW VDD_SOC 2467mW/2510mW
09-08-2026 20:20:46 RAM 3722/7620MB (lfb 95x1MB) SWAP 745/3810MB (cached 1MB) CPU [48%@1728,48%@1728,54%@1728,48%@1728,48%@1728,52%@1728] GR3D_FREQ 0% cpu@59.625C soc2@58.531C soc0@58.25C gpu@59.468C tj@59.625C soc1@59.562C VDD_IN 11065mW/7952mW VDD_CPU_GPU_CV 4267mW/2222mW VDD_SOC 2907mW/2511mW
09-08-2026 20:20:47 RAM 3722/7620MB (lfb 95x1MB) SWAP 745/3810MB (cached 1MB) CPU [0%@1728,1%@1728,5%@1728,5%@1728,1%@1728,1%@1728] GR3D_FREQ 0% cpu@58.781C soc2@58.25C soc0@58.312C gpu@59.406C tj@59.656C soc1@59.656C VDD_IN 7968mW/7952mW VDD_CPU_GPU_CV 2221mW/2222mW VDD_SOC 2507mW/2511mW
09-08-2026 20:20:48 RAM 3728/7620MB (lfb 95x1MB) SWAP 745/3810MB (cached 1MB) CPU [1%@1728,2%@1728,7%@1728,3%@1728,0%@1728,3%@1728] GR3D_FREQ 0% cpu@58.75C soc2@58.187C soc0@58.25C gpu@59.468C tj@59.468C soc1@59.468C VDD_IN 7737mW/7951mW VDD_CPU_GPU_CV 2059mW/2222mW VDD_SOC 2467mW/2511mW
09-08-2026 20:20:49 RAM 3729/7620MB (lfb 95x1MB) SWAP 745/3810MB (cached 1MB) CPU [0%@1728,0%@1728,6%@1728,4%@1728,2%@1728,2%@1728] GR3D_FREQ 0% cpu@58.687C soc2@58.031C soc0@58.343C gpu@59.375C tj@59.5C soc1@59.5C VDD_IN 7697mW/7951mW VDD_CPU_GPU_CV 2059mW/2222mW VDD_SOC 2467mW/2511mW
09-08-2026 20:20:50 RAM 3734/7620MB (lfb 95x1MB) SWAP 745/3810MB (cached 1MB) CPU [1%@1728,0%@1728,4%@1728,6%@1728,3%@1728,0%@1728] GR3D_FREQ 0% cpu@58.75C soc2@58.093C soc0@58.343C gpu@59.375C tj@59.531C soc1@59.531C VDD_IN 7656mW/7951mW VDD_CPU_GPU_CV 2059mW/2222mW VDD_SOC 2467mW/2510mW
09-08-2026 20:20:51 RAM 3734/7620MB (lfb 95x1MB) SWAP 745/3810MB (cached 1MB) CPU [0%@1728,0%@1728,4%@1728,7%@1728,3%@1728,0%@1728] GR3D_FREQ 0% cpu@59C soc2@57.968C soc0@58.25C gpu@59.468C tj@59.468C soc1@59.468C VDD_IN 7656mW/7951mW VDD_CPU_GPU_CV 2059mW/2222mW VDD_SOC 2467mW/2510mW
09-08-2026 20:20:52 RAM 3734/7620MB (lfb 95x1MB) SWAP 745/3810MB (cached 1MB) CPU [0%@1728,0%@1728,3%@1728,6%@1728,0%@1728,2%@1728] GR3D_FREQ 0% cpu@58.593C soc2@58C soc0@58.312C gpu@59.343C tj@59.531C soc1@59.531C VDD_IN 7656mW/7950mW VDD_CPU_GPU_CV 2019mW/2222mW VDD_SOC 2467mW/2510mW
09-08-2026 20:20:53 RAM 3734/7620MB (lfb 95x1MB) SWAP 745/3810MB (cached 1MB) CPU [1%@1728,0%@1728,5%@1728,6%@1728,0%@1728,2%@1728] GR3D_FREQ 0% cpu@58.593C soc2@58.093C soc0@58.312C gpu@59.468C tj@59.531C soc1@59.531C VDD_IN 7656mW/7950mW VDD_CPU_GPU_CV 2019mW/2221mW VDD_SOC 2467mW/2510mW
09-08-2026 20:20:54 RAM 3734/7620MB (lfb 95x1MB) SWAP 745/3810MB (cached 1MB) CPU [0%@1728,0%@1728,3%@1728,7%@1728,0%@1728,3%@1728] GR3D_FREQ 0% cpu@58.625C soc2@58.093C soc0@58.281C gpu@59.406C tj@59.406C soc1@59.406C VDD_IN 7656mW/7950mW VDD_CPU_GPU_CV 2019mW/2221mW VDD_SOC 2467mW/2510mW
09-08-2026 20:20:55 RAM 3734/7620MB (lfb 95x1MB) SWAP 745/3810MB (cached 1MB) CPU [1%@1728,0%@1728,4%@1728,7%@1728,0%@1728,3%@1728] GR3D_FREQ 0% cpu@58.718C soc2@58.031C soc0@58.343C gpu@59.375C tj@59.5C soc1@59.5C VDD_IN 7656mW/7950mW VDD_CPU_GPU_CV 2019mW/2221mW VDD_SOC 2467mW/2510mW
09-08-2026 20:20:56 RAM 3734/7620MB (lfb 95x1MB) SWAP 745/3810MB (cached 1MB) CPU [2%@1728,0%@1728,4%@1728,7%@1728,0%@1728,2%@1728] GR3D_FREQ 0% cpu@58.75C soc2@58C soc0@58.375C gpu@59.468C tj@59.468C soc1@59.437C VDD_IN 7656mW/7949mW VDD_CPU_GPU_CV 2019mW/2221mW VDD_SOC 2467mW/2510mW
09-08-2026 20:20:57 RAM 3734/7620MB (lfb 95x1MB) SWAP 745/3810MB (cached 1MB) CPU [0%@1728,0%@1728,5%@1728,6%@1728,0%@1728,3%@1728] GR3D_FREQ 0% cpu@58.75C soc2@58C soc0@58.25C gpu@59.437C tj@59.5C soc1@59.5C VDD_IN 7616mW/7949mW VDD_CPU_GPU_CV 2019mW/2221mW VDD_SOC 2467mW/2510mW
09-08-2026 20:20:58 RAM 3735/7620MB (lfb 95x1MB) SWAP 745/3810MB (cached 1MB) CPU [2%@1728,0%@1728,4%@1728,8%@1728,0%@1728,2%@1728] GR3D_FREQ 0% cpu@58.843C soc2@58.25C soc0@58.25C gpu@59.531C tj@59.531C soc1@59.468C VDD_IN 7778mW/7949mW VDD_CPU_GPU_CV 2099mW/2220mW VDD_SOC 2507mW/2510mW
09-08-2026 20:20:59 RAM 3735/7620MB (lfb 95x1MB) SWAP 745/3810MB (cached 1MB) CPU [0%@1728,0%@1728,2%@1728,8%@1728,0%@1728,3%@1728] GR3D_FREQ 0% cpu@58.781C soc2@58.125C soc0@58.25C gpu@59.468C tj@59.593C soc1@59.593C VDD_IN 7778mW/7949mW VDD_CPU_GPU_CV 2099mW/2220mW VDD_SOC 2507mW/2510mW
09-08-2026 20:21:00 RAM 3722/7620MB (lfb 95x1MB) SWAP 745/3810MB (cached 1MB) CPU [51%@1728,50%@1728,49%@1728,54%@1728,53%@1728,50%@1728] GR3D_FREQ 0% cpu@59.062C soc2@58.406C soc0@58.25C gpu@59.718C tj@59.718C soc1@59.531C VDD_IN 9950mW/7950mW VDD_CPU_GPU_CV 3548mW/2222mW VDD_SOC 2786mW/2510mW
09-08-2026 20:21:01 RAM 3722/7620MB (lfb 95x1MB) SWAP 745/3810MB (cached 1MB) CPU [5%@1728,0%@1728,1%@1728,5%@1728,2%@1728,0%@1728] GR3D_FREQ 31% cpu@58.843C soc2@58.218C soc0@58.406C gpu@59.781C tj@59.531C soc1@59.531C VDD_IN 7927mW/7950mW VDD_CPU_GPU_CV 2221mW/2222mW VDD_SOC 2507mW/2510mW
09-08-2026 20:21:02 RAM 3722/7620MB (lfb 96x1MB) SWAP 745/3810MB (cached 1MB) CPU [23%@1728,21%@1728,22%@1728,22%@1728,21%@1728,23%@1728] GR3D_FREQ 31% cpu@59.031C soc2@58.218C soc0@58.562C gpu@59.468C tj@59.531C soc1@59.531C VDD_IN 8534mW/7951mW VDD_CPU_GPU_CV 2705mW/2222mW VDD_SOC 2548mW/2510mW
09-08-2026 20:21:03 RAM 3727/7620MB (lfb 96x1MB) SWAP 745/3810MB (cached 1MB) CPU [9%@1728,0%@1728,2%@1728,1%@1728,4%@1728,0%@1728] GR3D_FREQ 6% cpu@58.812C soc2@58.156C soc0@58.25C gpu@59.437C tj@59.531C soc1@59.531C VDD_IN 7806mW/7951mW VDD_CPU_GPU_CV 2140mW/2222mW VDD_SOC 2507mW/2510mW
09-08-2026 20:21:04 RAM 3727/7620MB (lfb 96x1MB) SWAP 745/3810MB (cached 1MB) CPU [1%@1728,0%@1728,9%@1728,0%@1728,2%@1728,0%@1728] GR3D_FREQ 22% cpu@58.906C soc2@58.062C soc0@58.281C gpu@59.343C tj@59.531C soc1@59.531C VDD_IN 7697mW/7951mW VDD_CPU_GPU_CV 2059mW/2222mW VDD_SOC 2467mW/2510mW
09-08-2026 20:21:05 RAM 3733/7620MB (lfb 96x1MB) SWAP 745/3810MB (cached 1MB) CPU [8%@1728,2%@1728,2%@1728,0%@1728,2%@1728,0%@1728] GR3D_FREQ 0% cpu@58.718C soc2@58.218C soc0@58.281C gpu@59.343C tj@59.593C soc1@59.593C VDD_IN 7697mW/7950mW VDD_CPU_GPU_CV 2059mW/2222mW VDD_SOC 2467mW/2510mW
09-08-2026 20:21:06 RAM 3721/7620MB (lfb 96x1MB) SWAP 745/3810MB (cached 1MB) CPU [27%@1728,19%@1728,19%@1728,20%@1728,21%@1728,22%@1728] GR3D_FREQ 0% cpu@60.593C soc2@58.312C soc0@58.437C gpu@59.437C tj@60.593C soc1@59.406C VDD_IN 9667mW/7952mW VDD_CPU_GPU_CV 3427mW/2223mW VDD_SOC 2705mW/2511mW
09-08-2026 20:21:07 RAM 3722/7620MB (lfb 96x1MB) SWAP 745/3810MB (cached 1MB) CPU [11%@1728,13%@1728,8%@1728,8%@1728,7%@1728,11%@1728] GR3D_FREQ 0% cpu@58.875C soc2@58.062C soc0@58.437C gpu@59.406C tj@59.593C soc1@59.593C VDD_IN 7968mW/7952mW VDD_CPU_GPU_CV 2221mW/2223mW VDD_SOC 2507mW/2511mW
09-08-2026 20:21:08 RAM 3727/7620MB (lfb 96x1MB) SWAP 745/3810MB (cached 1MB) CPU [0%@1728,9%@1728,1%@1728,1%@1728,0%@1728,3%@1728] GR3D_FREQ 0% cpu@58.781C soc2@58.062C soc0@58.406C gpu@59.437C tj@59.531C soc1@59.531C VDD_IN 7737mW/7952mW VDD_CPU_GPU_CV 2059mW/2223mW VDD_SOC 2467mW/2511mW
09-08-2026 20:21:09 RAM 3729/7620MB (lfb 96x1MB) SWAP 745/3810MB (cached 1MB) CPU [0%@1728,10%@1728,2%@1728,3%@1728,0%@1728,2%@1728] GR3D_FREQ 0% cpu@58.906C soc2@58.093C soc0@58.25C gpu@59.5C tj@59.5C soc1@59.5C VDD_IN 7697mW/7952mW VDD_CPU_GPU_CV 2059mW/2222mW VDD_SOC 2467mW/2510mW
09-08-2026 20:21:10 RAM 3728/7620MB (lfb 96x1MB) SWAP 745/3810MB (cached 1MB) CPU [27%@1728,38%@1728,27%@1728,25%@1728,24%@1728,30%@1728] GR3D_FREQ 0% cpu@58.843C soc2@58.218C soc0@58.25C gpu@59.5C tj@59.687C soc1@59.687C VDD_IN 9019mW/7952mW VDD_CPU_GPU_CV 2983mW/2223mW VDD_SOC 2629mW/2511mW
09-08-2026 20:21:11 RAM 3728/7620MB (lfb 96x1MB) SWAP 745/3810MB (cached 1MB) CPU [0%@1728,0%@1728,4%@1728,6%@1728,2%@1728,0%@1728] GR3D_FREQ 0% cpu@58.718C soc2@58.187C soc0@58.343C gpu@59.468C tj@59.468C soc1@59.468C VDD_IN 7766mW/7952mW VDD_CPU_GPU_CV 2099mW/2223mW VDD_SOC 2467mW/2511mW
09-08-2026 20:21:12 RAM 3728/7620MB (lfb 96x1MB) SWAP 745/3810MB (cached 1MB) CPU [0%@1728,0%@1728,4%@1728,6%@1728,2%@1728,0%@1728] GR3D_FREQ 0% cpu@58.656C soc2@58.062C soc0@58.312C gpu@59.406C tj@59.5C soc1@59.5C VDD_IN 7656mW/7952mW VDD_CPU_GPU_CV 2019mW/2223mW VDD_SOC 2467mW/2511mW
09-08-2026 20:21:13 RAM 3733/7620MB (lfb 96x1MB) SWAP 745/3810MB (cached 1MB) CPU [0%@1728,0%@1728,7%@1728,5%@1728,3%@1728,0%@1728] GR3D_FREQ 0% cpu@58.781C soc2@57.968C soc0@58.343C gpu@59.437C tj@59.531C soc1@59.531C VDD_IN 7697mW/7952mW VDD_CPU_GPU_CV 2059mW/2223mW VDD_SOC 2467mW/2510mW
09-08-2026 20:21:14 RAM 3733/7620MB (lfb 96x1MB) SWAP 745/3810MB (cached 1MB) CPU [7%@1728,1%@1728,4%@1728,0%@1728,5%@1728,1%@1728] GR3D_FREQ 0% cpu@58.937C soc2@58C soc0@58.281C gpu@59.375C tj@59.5C soc1@59.5C VDD_IN 7697mW/7952mW VDD_CPU_GPU_CV 2059mW/2223mW VDD_SOC 2467mW/2510mW
09-08-2026 20:21:15 RAM 3723/7620MB (lfb 96x1MB) SWAP 745/3810MB (cached 1MB) CPU [30%@1728,28%@1728,28%@1728,29%@1728,35%@1728,31%@1728] GR3D_FREQ 0% cpu@59.343C soc2@58.312C soc0@58.25C gpu@59.656C tj@59.656C soc1@59.593C VDD_IN 9909mW/7953mW VDD_CPU_GPU_CV 3628mW/2224mW VDD_SOC 2705mW/2511mW
09-08-2026 20:21:16 RAM 3722/7620MB (lfb 96x1MB) SWAP 745/3810MB (cached 1MB) CPU [0%@1728,0%@1728,1%@1728,0%@1728,9%@1728,2%@1728] GR3D_FREQ 0% cpu@58.75C soc2@58.187C soc0@58.281C gpu@59.5C tj@59.593C soc1@59.656C VDD_IN 7806mW/7953mW VDD_CPU_GPU_CV 2140mW/2224mW VDD_SOC 2507mW/2511mW
09-08-2026 20:21:17 RAM 3722/7620MB (lfb 96x1MB) SWAP 745/3810MB (cached 1MB) CPU [20%@1728,17%@1728,20%@1728,17%@1728,23%@1728,17%@1728] GR3D_FREQ 7% cpu@59C soc2@58.562C soc0@58.281C gpu@59.562C tj@59.562C soc1@59.562C VDD_IN 8170mW/7953mW VDD_CPU_GPU_CV 2423mW/2224mW VDD_SOC 2548mW/2511mW
09-08-2026 20:21:18 RAM 3722/7620MB (lfb 96x1MB) SWAP 745/3810MB (cached 1MB) CPU [4%@1728,0%@1728,6%@1728,0%@1728,4%@1728,0%@1728] GR3D_FREQ 0% cpu@58.906C soc2@58.187C soc0@58.343C gpu@59.5C tj@59.531C soc1@59.531C VDD_IN 7806mW/7953mW VDD_CPU_GPU_CV 2140mW/2224mW VDD_SOC 2507mW/2511mW
09-08-2026 20:21:19 RAM 3720/7620MB (lfb 96x1MB) SWAP 745/3810MB (cached 1MB) CPU [4%@1728,0%@1728,6%@1728,0%@1728,3%@1728,1%@1728] GR3D_FREQ 31% cpu@59.031C soc2@58.062C soc0@58.406C gpu@59.562C tj@59.562C soc1@59.5C VDD_IN 7778mW/7953mW VDD_CPU_GPU_CV 2099mW/2224mW VDD_SOC 2507mW/2511mW
09-08-2026 20:21:20 RAM 3726/7620MB (lfb 96x1MB) SWAP 745/3810MB (cached 1MB) CPU [1%@1728,1%@1728,9%@1728,0%@1728,3%@1728,0%@1728] GR3D_FREQ 31% cpu@58.968C soc2@58.093C soc0@58.562C gpu@59.531C tj@59.531C soc1@59.562C VDD_IN 7737mW/7953mW VDD_CPU_GPU_CV 2099mW/2224mW VDD_SOC 2467mW/2511mW
09-08-2026 20:21:21 RAM 3726/7620MB (lfb 96x1MB) SWAP 745/3810MB (cached 1MB) CPU [0%@1728,1%@1728,8%@1728,1%@1728,2%@1728,0%@1728] GR3D_FREQ 31% cpu@59C soc2@58.125C soc0@58.25C gpu@59.593C tj@59.531C soc1@59.531C VDD_IN 7737mW/7953mW VDD_CPU_GPU_CV 2059mW/2223mW VDD_SOC 2467mW/2511mW
09-08-2026 20:21:22 RAM 3726/7620MB (lfb 96x1MB) SWAP 745/3810MB (cached 1MB) CPU [1%@1728,0%@1728,0%@1728,10%@1728,2%@1728,0%@1728] GR3D_FREQ 12% cpu@58.718C soc2@58.093C soc0@58.281C gpu@59.375C tj@59.593C soc1@59.593C VDD_IN 7737mW/7953mW VDD_CPU_GPU_CV 2059mW/2223mW VDD_SOC 2467mW/2511mW
09-08-2026 20:21:23 RAM 3724/7620MB (lfb 96x1MB) SWAP 745/3810MB (cached 1MB) CPU [37%@1728,37%@1728,37%@1728,42%@1728,37%@1728,39%@1728] GR3D_FREQ 29% cpu@59C soc2@58.312C soc0@58.343C gpu@59.468C tj@59.531C soc1@59.531C VDD_IN 9343mW/7954mW VDD_CPU_GPU_CV 3185mW/2224mW VDD_SOC 2665mW/2511mW
09-08-2026 20:21:24 RAM 3725/7620MB (lfb 96x1MB) SWAP 745/3810MB (cached 1MB) CPU [1%@1728,0%@1728,0%@1728,9%@1728,3%@1728,0%@1728] GR3D_FREQ 0% cpu@58.75C soc2@58.062C soc0@58.375C gpu@59.343C tj@59.437C soc1@59.437C VDD_IN 7846mW/7954mW VDD_CPU_GPU_CV 2140mW/2224mW VDD_SOC 2507mW/2511mW
09-08-2026 20:21:25 RAM 3724/7620MB (lfb 96x1MB) SWAP 745/3810MB (cached 1MB) CPU [1%@1728,2%@1728,1%@1728,9%@1728,3%@1728,0%@1728] GR3D_FREQ 0% cpu@58.781C soc2@57.937C soc0@58.406C gpu@59.343C tj@59.468C soc1@59.468C VDD_IN 7697mW/7953mW VDD_CPU_GPU_CV 2059mW/2224mW VDD_SOC 2467mW/2511mW
09-08-2026 20:21:26 RAM 3718/7620MB (lfb 96x1MB) SWAP 745/3810MB (cached 1MB) CPU [2%@1728,3%@1728,2%@1728,12%@1728,5%@1728,7%@1728] GR3D_FREQ 39% cpu@59.281C soc2@58.343C soc0@58.5C gpu@59.437C tj@59.5C soc1@59.5C VDD_IN 8372mW/7954mW VDD_CPU_GPU_CV 2544mW/2224mW VDD_SOC 2548mW/2511mW
09-08-2026 20:21:27 RAM 3719/7620MB (lfb 96x1MB) SWAP 745/3810MB (cached 1MB) CPU [18%@1728,21%@1728,18%@1728,17%@1728,16%@1728,18%@1728] GR3D_FREQ 0% cpu@58.812C soc2@58.093C soc0@58.281C gpu@59.406C tj@59.562C soc1@59.562C VDD_IN 7927mW/7954mW VDD_CPU_GPU_CV 2221mW/2224mW VDD_SOC 2507mW/2511mW
09-08-2026 20:21:28 RAM 3719/7620MB (lfb 96x1MB) SWAP 745/3810MB (cached 1MB) CPU [2%@1728,11%@1728,2%@1728,0%@1728,0%@1728,2%@1728] GR3D_FREQ 0% cpu@58.718C soc2@58.031C soc0@58.312C gpu@59.343C tj@59.593C soc1@59.593C VDD_IN 7737mW/7954mW VDD_CPU_GPU_CV 2059mW/2224mW VDD_SOC 2467mW/2511mW
09-08-2026 20:21:29 RAM 3719/7620MB (lfb 96x1MB) SWAP 745/3810MB (cached 1MB) CPU [0%@1728,8%@1728,3%@1728,0%@1728,0%@1728,1%@1728] GR3D_FREQ 0% cpu@58.625C soc2@58.062C soc0@58.312C gpu@59.406C tj@59.531C soc1@59.531C VDD_IN 7656mW/7953mW VDD_CPU_GPU_CV 2019mW/2224mW VDD_SOC 2467mW/2511mW
09-08-2026 20:21:30 RAM 3718/7620MB (lfb 96x1MB) SWAP 745/3810MB (cached 1MB) CPU [24%@1728,32%@1728,23%@1728,23%@1728,25%@1728,23%@1728] GR3D_FREQ 0% cpu@58.906C soc2@58.156C soc0@58.312C gpu@59.5C tj@59.5C soc1@59.5C VDD_IN 8696mW/7954mW VDD_CPU_GPU_CV 2746mW/2224mW VDD_SOC 2588mW/2511mW
09-08-2026 20:21:31 RAM 3718/7620MB (lfb 96x1MB) SWAP 745/3810MB (cached 1MB) CPU [0%@1728,10%@1728,0%@1728,0%@1728,1%@1728,2%@1728] GR3D_FREQ 0% cpu@58.75C soc2@57.968C soc0@58.25C gpu@59.406C tj@59.5C soc1@59.5C VDD_IN 7725mW/7954mW VDD_CPU_GPU_CV 2099mW/2224mW VDD_SOC 2467mW/2511mW
09-08-2026 20:21:32 RAM 3718/7620MB (lfb 96x1MB) SWAP 745/3810MB (cached 1MB) CPU [18%@1728,24%@1728,21%@1728,19%@1728,18%@1728,23%@1728] GR3D_FREQ 0% cpu@59.687C soc2@58.281C soc0@58.25C gpu@59.531C tj@59.687C soc1@59.406C VDD_IN 9464mW/7955mW VDD_CPU_GPU_CV 3346mW/2225mW VDD_SOC 2665mW/2511mW
09-08-2026 20:21:33 RAM 3723/7620MB (lfb 96x1MB) SWAP 745/3810MB (cached 1MB) CPU [0%@1728,7%@1728,2%@1728,2%@1728,3%@1728,0%@1728] GR3D_FREQ 0% cpu@58.812C soc2@58.156C soc0@58.312C gpu@59.406C tj@59.5C soc1@59.5C VDD_IN 7806mW/7955mW VDD_CPU_GPU_CV 2140mW/2225mW VDD_SOC 2507mW/2511mW
09-08-2026 20:21:34 RAM 3725/7620MB (lfb 96x1MB) SWAP 745/3810MB (cached 1MB) CPU [1%@1728,8%@1728,3%@1728,0%@1728,0%@1728,2%@1728] GR3D_FREQ 0% cpu@58.687C soc2@58.031C soc0@58.25C gpu@59.437C tj@59.562C soc1@59.562C VDD_IN 7656mW/7955mW VDD_CPU_GPU_CV 2019mW/2225mW VDD_SOC 2467mW/2511mW
09-08-2026 20:21:35 RAM 3744/7620MB (lfb 96x1MB) SWAP 745/3810MB (cached 1MB) CPU [1%@1728,8%@1728,2%@1728,4%@1728,5%@1728,1%@1728] GR3D_FREQ 0% cpu@58.875C soc2@58.093C soc0@58.25C gpu@59.437C tj@59.437C soc1@59.406C VDD_IN 7697mW/7955mW VDD_CPU_GPU_CV 2059mW/2225mW VDD_SOC 2507mW/2511mW
09-08-2026 20:21:36 RAM 3718/7620MB (lfb 96x1MB) SWAP 745/3810MB (cached 1MB) CPU [21%@1728,20%@1728,23%@1728,25%@1728,22%@1728,19%@1728] GR3D_FREQ 1% cpu@58.906C soc2@58.343C soc0@58.312C gpu@59.5C tj@59.5C soc1@59.437C VDD_IN 8008mW/7955mW VDD_CPU_GPU_CV 2301mW/2225mW VDD_SOC 2507mW/2511mW
09-08-2026 20:21:37 RAM 3719/7620MB (lfb 96x1MB) SWAP 745/3810MB (cached 1MB) CPU [0%@1728,0%@1728,4%@1728,6%@1728,3%@1728,0%@1728] GR3D_FREQ 0% cpu@59C soc2@58.093C soc0@58.406C gpu@59.468C tj@59.531C soc1@59.531C VDD_IN 7778mW/7954mW VDD_CPU_GPU_CV 2099mW/2225mW VDD_SOC 2507mW/2511mW
09-08-2026 20:21:38 RAM 3724/7620MB (lfb 96x1MB) SWAP 745/3810MB (cached 1MB) CPU [0%@1728,3%@1728,4%@1728,6%@1728,2%@1728,0%@1728] GR3D_FREQ 31% cpu@58.843C soc2@58.093C soc0@58.25C gpu@59.531C tj@59.531C soc1@59.437C VDD_IN 7778mW/7954mW VDD_CPU_GPU_CV 2099mW/2225mW VDD_SOC 2507mW/2511mW
09-08-2026 20:21:39 RAM 3726/7620MB (lfb 96x1MB) SWAP 745/3810MB (cached 1MB) CPU [9%@1728,0%@1728,1%@1728,2%@1728,3%@1728,0%@1728] GR3D_FREQ 31% cpu@58.875C soc2@58.125C soc0@58.281C gpu@59.531C tj@59.531C soc1@59.531C VDD_IN 7737mW/7954mW VDD_CPU_GPU_CV 2099mW/2225mW VDD_SOC 2467mW/2511mW
09-08-2026 20:21:40 RAM 3738/7620MB (lfb 96x1MB) SWAP 745/3810MB (cached 1MB) CPU [11%@1728,3%@1728,1%@1728,3%@1728,3%@1728,10%@1728] GR3D_FREQ 29% cpu@58.687C soc2@58.156C soc0@58.312C gpu@59.5C tj@59.593C soc1@59.593C VDD_IN 7806mW/7954mW VDD_CPU_GPU_CV 2140mW/2225mW VDD_SOC 2507mW/2511mW
09-08-2026 20:21:41 RAM 3738/7620MB (lfb 96x1MB) SWAP 745/3810MB (cached 1MB) CPU [9%@1728,0%@1728,0%@1728,0%@1728,2%@1728,0%@1728] GR3D_FREQ 19% cpu@58.656C soc2@58.125C soc0@58.25C gpu@59.5C tj@59.5C soc1@59.406C VDD_IN 7737mW/7954mW VDD_CPU_GPU_CV 2059mW/2224mW VDD_SOC 2467mW/2511mW
09-08-2026 20:21:42 RAM 3738/7620MB (lfb 96x1MB) SWAP 745/3810MB (cached 1MB) CPU [5%@1728,0%@1728,0%@1728,4%@1728,3%@1728,0%@1728] GR3D_FREQ 31% cpu@58.812C soc2@58.031C soc0@58.375C gpu@59.5C tj@59.5C soc1@59.406C VDD_IN 7697mW/7954mW VDD_CPU_GPU_CV 2059mW/2224mW VDD_SOC 2467mW/2511mW
09-08-2026 20:21:43 RAM 3738/7620MB (lfb 96x1MB) SWAP 745/3810MB (cached 1MB) CPU [0%@1728,2%@1728,2%@1728,10%@1728,3%@1728,0%@1728] GR3D_FREQ 0% cpu@58.781C soc2@58.031C soc0@58.406C gpu@59.531C tj@59.531C soc1@59.375C VDD_IN 7737mW/7953mW VDD_CPU_GPU_CV 2099mW/2224mW VDD_SOC 2467mW/2511mW
09-08-2026 20:21:44 RAM 3738/7620MB (lfb 96x1MB) SWAP 745/3810MB (cached 1MB) CPU [1%@1728,0%@1728,0%@1728,9%@1728,3%@1728,0%@1728] GR3D_FREQ 0% cpu@58.906C soc2@58.062C soc0@58.5C gpu@59.5C tj@59.5C soc1@59.406C VDD_IN 7697mW/7953mW VDD_CPU_GPU_CV 2059mW/2224mW VDD_SOC 2467mW/2510mW
09-08-2026 20:21:45 RAM 3738/7620MB (lfb 96x1MB) SWAP 745/3810MB (cached 1MB) CPU [0%@1728,6%@1728,1%@1728,5%@1728,3%@1728,0%@1728] GR3D_FREQ 0% cpu@58.593C soc2@57.937C soc0@58.281C gpu@59.5C tj@59.5C soc1@59.406C VDD_IN 7697mW/7953mW VDD_CPU_GPU_CV 2059mW/2224mW VDD_SOC 2467mW/2510mW
09-08-2026 20:21:46 RAM 3738/7620MB (lfb 96x1MB) SWAP 745/3810MB (cached 1MB) CPU [0%@1728,9%@1728,0%@1728,0%@1728,3%@1728,0%@1728] GR3D_FREQ 0% cpu@58.906C soc2@58.125C soc0@58.25C gpu@59.156C tj@59.531C soc1@59.531C VDD_IN 7697mW/7953mW VDD_CPU_GPU_CV 2059mW/2224mW VDD_SOC 2467mW/2510mW
09-08-2026 20:21:47 RAM 3738/7620MB (lfb 96x1MB) SWAP 745/3810MB (cached 1MB) CPU [0%@1728,9%@1728,1%@1728,0%@1728,2%@1728,0%@1728] GR3D_FREQ 0% cpu@58.562C soc2@58C soc0@58.218C gpu@59.25C tj@59.406C soc1@59.406C VDD_IN 7656mW/7952mW VDD_CPU_GPU_CV 2019mW/2224mW VDD_SOC 2467mW/2510mW
09-08-2026 20:21:48 RAM 3739/7620MB (lfb 96x1MB) SWAP 745/3810MB (cached 1MB) CPU [2%@1728,8%@1728,1%@1728,2%@1728,3%@1728,0%@1728] GR3D_FREQ 0% cpu@58.656C soc2@57.906C soc0@58.281C gpu@59.187C tj@59.375C soc1@59.375C VDD_IN 7656mW/7952mW VDD_CPU_GPU_CV 2059mW/2223mW VDD_SOC 2467mW/2510mW
09-08-2026 20:21:49 RAM 3739/7620MB (lfb 96x1MB) SWAP 745/3810MB (cached 1MB) CPU [1%@1728,10%@1728,0%@1728,0%@1728,3%@1728,0%@1728] GR3D_FREQ 0% cpu@58.75C soc2@57.968C soc0@58.281C gpu@59.218C tj@59.375C soc1@59.375C VDD_IN 7656mW/7952mW VDD_CPU_GPU_CV 2019mW/2223mW VDD_SOC 2467mW/2510mW
09-08-2026 20:21:50 RAM 3739/7620MB (lfb 96x1MB) SWAP 745/3810MB (cached 1MB) CPU [0%@1728,9%@1728,2%@1728,0%@1728,2%@1728,0%@1728] GR3D_FREQ 0% cpu@58.687C soc2@58C soc0@58.375C gpu@59.312C tj@59.406C soc1@59.406C VDD_IN 7656mW/7952mW VDD_CPU_GPU_CV 2019mW/2223mW VDD_SOC 2467mW/2510mW
09-08-2026 20:21:51 RAM 3739/7620MB (lfb 96x1MB) SWAP 745/3810MB (cached 1MB) CPU [0%@1728,9%@1728,0%@1728,0%@1728,3%@1728,0%@1728] GR3D_FREQ 0% cpu@58.75C soc2@57.968C soc0@58.156C gpu@59.25C tj@59.468C soc1@59.468C VDD_IN 7616mW/7951mW VDD_CPU_GPU_CV 2019mW/2223mW VDD_SOC 2467mW/2510mW
09-08-2026 20:21:52 RAM 3739/7620MB (lfb 96x1MB) SWAP 745/3810MB (cached 1MB) CPU [0%@1728,10%@1728,1%@1728,0%@1728,3%@1728,0%@1728] GR3D_FREQ 0% cpu@58.468C soc2@58C soc0@58.25C gpu@59.25C tj@59.5C soc1@59.5C VDD_IN 7616mW/7951mW VDD_CPU_GPU_CV 2019mW/2223mW VDD_SOC 2467mW/2510mW
09-08-2026 20:21:53 RAM 3723/7620MB (lfb 96x1MB) SWAP 745/3810MB (cached 1MB) CPU [67%@1728,69%@1728,66%@1728,66%@1728,65%@1728,69%@1728] GR3D_FREQ 0% cpu@59.468C soc2@58.5C soc0@58.281C gpu@59.562C tj@59.687C soc1@59.5C VDD_IN 11307mW/7954mW VDD_CPU_GPU_CV 4387mW/2225mW VDD_SOC 2948mW/2511mW
09-08-2026 20:21:54 RAM 3720/7620MB (lfb 96x1MB) SWAP 745/3810MB (cached 1MB) CPU [2%@1728,11%@1728,1%@1728,1%@1728,5%@1728,5%@1728] GR3D_FREQ 0% cpu@58.937C soc2@58.062C soc0@58.25C gpu@59.468C tj@59.468C soc1@59.406C VDD_IN 8130mW/7954mW VDD_CPU_GPU_CV 2342mW/2225mW VDD_SOC 2548mW/2511mW
09-08-2026 20:21:55 RAM 3723/7620MB (lfb 96x1MB) SWAP 745/3810MB (cached 1MB) CPU [13%@1728,20%@1728,14%@1728,13%@1728,13%@1728,11%@1728] GR3D_FREQ 0% cpu@58.937C soc2@58.25C soc0@58.468C gpu@59.468C tj@59.468C soc1@59.468C VDD_IN 7887mW/7954mW VDD_CPU_GPU_CV 2221mW/2225mW VDD_SOC 2507mW/2511mW
09-08-2026 20:21:57 RAM 3720/7620MB (lfb 96x1MB) SWAP 745/3810MB (cached 1MB) CPU [16%@1728,24%@1728,17%@1728,16%@1728,19%@1728,22%@1728] GR3D_FREQ 0% cpu@59.093C soc2@58.156C soc0@58.25C gpu@59.468C tj@59.531C soc1@59.531C VDD_IN 8170mW/7954mW VDD_CPU_GPU_CV 2382mW/2225mW VDD_SOC 2548mW/2511mW
09-08-2026 20:21:58 RAM 3720/7620MB (lfb 96x1MB) SWAP 745/3810MB (cached 1MB) CPU [1%@1728,9%@1728,1%@1728,1%@1728,3%@1728,0%@1728] GR3D_FREQ 31% cpu@58.718C soc2@58.062C soc0@58.25C gpu@59.437C tj@59.593C soc1@59.593C VDD_IN 7778mW/7954mW VDD_CPU_GPU_CV 2140mW/2225mW VDD_SOC 2507mW/2511mW
09-08-2026 20:21:59 RAM 3724/7620MB (lfb 96x1MB) SWAP 745/3810MB (cached 1MB) CPU [2%@1728,9%@1728,3%@1728,0%@1728,3%@1728,0%@1728] GR3D_FREQ 31% cpu@58.718C soc2@58.093C soc0@58.25C gpu@59.468C tj@59.656C soc1@59.656C VDD_IN 7778mW/7954mW VDD_CPU_GPU_CV 2099mW/2225mW VDD_SOC 2507mW/2511mW
09-08-2026 20:22:00 RAM 3724/7620MB (lfb 96x1MB) SWAP 745/3810MB (cached 1MB) CPU [0%@1728,9%@1728,1%@1728,0%@1728,3%@1728,0%@1728] GR3D_FREQ 9% cpu@58.625C soc2@58.125C soc0@58.312C gpu@59.468C tj@59.468C soc1@59.343C VDD_IN 7737mW/7954mW VDD_CPU_GPU_CV 2099mW/2224mW VDD_SOC 2467mW/2511mW
09-08-2026 20:22:01 RAM 3718/7620MB (lfb 96x1MB) SWAP 745/3810MB (cached 1MB) CPU [27%@1728,33%@1728,29%@1728,25%@1728,28%@1728,27%@1728] GR3D_FREQ 26% cpu@58.875C soc2@58.125C soc0@58.375C gpu@59.625C tj@59.625C soc1@59.406C VDD_IN 9181mW/7955mW VDD_CPU_GPU_CV 3064mW/2225mW VDD_SOC 2665mW/2511mW
09-08-2026 20:22:02 RAM 3718/7620MB (lfb 96x1MB) SWAP 745/3810MB (cached 1MB) CPU [0%@1728,9%@1728,0%@1728,0%@1728,0%@1728,2%@1728] GR3D_FREQ 31% cpu@59C soc2@58.031C soc0@58.468C gpu@59.531C tj@59.531C soc1@59.406C VDD_IN 7806mW/7955mW VDD_CPU_GPU_CV 2140mW/2225mW VDD_SOC 2507mW/2511mW
09-08-2026 20:22:03 RAM 3718/7620MB (lfb 96x1MB) SWAP 745/3810MB (cached 1MB) CPU [0%@1728,9%@1728,0%@1728,0%@1728,2%@1728,5%@1728] GR3D_FREQ 0% cpu@58.875C soc2@58.093C soc0@58.25C gpu@59.468C tj@59.468C soc1@59.437C VDD_IN 7737mW/7955mW VDD_CPU_GPU_CV 2059mW/2225mW VDD_SOC 2467mW/2511mW
09-08-2026 20:22:04 RAM 3724/7620MB (lfb 96x1MB) SWAP 745/3810MB (cached 1MB) CPU [0%@1728,9%@1728,1%@1728,1%@1728,2%@1728,0%@1728] GR3D_FREQ 0% cpu@58.687C soc2@58.093C soc0@58.218C gpu@59.625C tj@59.625C soc1@59.593C VDD_IN 7697mW/7954mW VDD_CPU_GPU_CV 2059mW/2225mW VDD_SOC 2467mW/2511mW
09-08-2026 20:22:05 RAM 3724/7620MB (lfb 96x1MB) SWAP 745/3810MB (cached 1MB) CPU [10%@1728,0%@1728,1%@1728,0%@1728,3%@1728,0%@1728] GR3D_FREQ 0% cpu@58.687C soc2@58C soc0@58.281C gpu@59.531C tj@59.562C soc1@59.562C VDD_IN 7697mW/7954mW VDD_CPU_GPU_CV 2059mW/2225mW VDD_SOC 2467mW/2511mW
09-08-2026 20:22:06 RAM 3723/7620MB (lfb 96x1MB) SWAP 745/3810MB (cached 1MB) CPU [10%@1728,0%@1728,0%@1728,1%@1728,2%@1728,0%@1728] GR3D_FREQ 0% cpu@58.687C soc2@58.031C soc0@58.25C gpu@59.5C tj@59.5C soc1@59.343C VDD_IN 7656mW/7954mW VDD_CPU_GPU_CV 2059mW/2225mW VDD_SOC 2467mW/2511mW
09-08-2026 20:22:07 RAM 3723/7620MB (lfb 96x1MB) SWAP 745/3810MB (cached 1MB) CPU [10%@1728,1%@1728,1%@1728,0%@1728,4%@1728,0%@1728] GR3D_FREQ 0% cpu@58.625C soc2@58C soc0@58.343C gpu@59.093C tj@59.406C soc1@59.406C VDD_IN 7656mW/7954mW VDD_CPU_GPU_CV 2019mW/2224mW VDD_SOC 2467mW/2511mW
09-08-2026 20:22:08 RAM 3724/7620MB (lfb 96x1MB) SWAP 745/3810MB (cached 1MB) CPU [10%@1728,0%@1728,0%@1728,0%@1728,3%@1728,0%@1728] GR3D_FREQ 0% cpu@58.718C soc2@57.937C soc0@58.468C gpu@59.125C tj@59.468C soc1@59.468C VDD_IN 7656mW/7953mW VDD_CPU_GPU_CV 2019mW/2224mW VDD_SOC 2467mW/2510mW
09-08-2026 20:22:09 RAM 3726/7620MB (lfb 96x1MB) SWAP 745/3810MB (cached 1MB) CPU [10%@1728,1%@1728,1%@1728,0%@1728,0%@1728,3%@1728] GR3D_FREQ 0% cpu@58.656C soc2@58C soc0@58.281C gpu@59.187C tj@59.5C soc1@59.5C VDD_IN 7656mW/7953mW VDD_CPU_GPU_CV 2059mW/2224mW VDD_SOC 2467mW/2510mW
09-08-2026 20:22:10 RAM 3727/7620MB (lfb 96x1MB) SWAP 745/3810MB (cached 1MB) CPU [9%@1728,0%@1728,2%@1728,2%@1728,0%@1728,3%@1728] GR3D_FREQ 0% cpu@58.593C soc2@58C soc0@58.25C gpu@59.281C tj@59.468C soc1@59.468C VDD_IN 7656mW/7953mW VDD_CPU_GPU_CV 2019mW/2224mW VDD_SOC 2467mW/2510mW
09-08-2026 20:22:11 RAM 3718/7620MB (lfb 96x1MB) SWAP 745/3810MB (cached 1MB) CPU [15%@1728,8%@1728,15%@1728,7%@1728,7%@1728,8%@1728] GR3D_FREQ 67% cpu@59.187C soc2@58.343C soc0@58.375C gpu@59.375C tj@59.593C soc1@59.375C VDD_IN 8494mW/7953mW VDD_CPU_GPU_CV 2624mW/2224mW VDD_SOC 2548mW/2510mW
09-08-2026 20:22:12 RAM 3718/7620MB (lfb 96x1MB) SWAP 745/3810MB (cached 1MB) CPU [45%@1728,39%@1728,39%@1728,40%@1728,39%@1728,41%@1728] GR3D_FREQ 0% cpu@58.812C soc2@58.031C soc0@58.312C gpu@59.468C tj@59.468C soc1@59.437C VDD_IN 8453mW/7954mW VDD_CPU_GPU_CV 2544mW/2225mW VDD_SOC 2588mW/2511mW
09-08-2026 20:22:13 RAM 3718/7620MB (lfb 96x1MB) SWAP 745/3810MB (cached 1MB) CPU [21%@1728,15%@1728,15%@1728,15%@1728,21%@1728,17%@1728] GR3D_FREQ 0% cpu@58.906C soc2@58.093C soc0@58.406C gpu@59.468C tj@59.5C soc1@59.5C VDD_IN 8494mW/7954mW VDD_CPU_GPU_CV 2665mW/2225mW VDD_SOC 2548mW/2511mW
09-08-2026 20:22:14 RAM 3724/7620MB (lfb 96x1MB) SWAP 745/3810MB (cached 1MB) CPU [0%@1728,0%@1728,4%@1728,1%@1728,10%@1728,3%@1728] GR3D_FREQ 0% cpu@58.75C soc2@58.062C soc0@58.218C gpu@59.5C tj@59.5C soc1@59.406C VDD_IN 7737mW/7954mW VDD_CPU_GPU_CV 2099mW/2225mW VDD_SOC 2467mW/2511mW
09-08-2026 20:22:15 RAM 3724/7620MB (lfb 96x1MB) SWAP 745/3810MB (cached 1MB) CPU [0%@1728,1%@1728,0%@1728,0%@1728,11%@1728,1%@1728] GR3D_FREQ 0% cpu@59.031C soc2@58.281C soc0@58.25C gpu@59.468C tj@59.531C soc1@59.531C VDD_IN 7697mW/7954mW VDD_CPU_GPU_CV 2059mW/2225mW VDD_SOC 2507mW/2511mW
09-08-2026 20:22:16 RAM 3730/7620MB (lfb 96x1MB) SWAP 745/3810MB (cached 1MB) CPU [1%@1728,0%@1728,0%@1728,0%@1728,3%@1728,10%@1728] GR3D_FREQ 0% cpu@58.718C soc2@58.156C soc0@58.25C gpu@59.437C tj@59.593C soc1@59.593C VDD_IN 7778mW/7954mW VDD_CPU_GPU_CV 2099mW/2225mW VDD_SOC 2507mW/2511mW
09-08-2026 20:22:17 RAM 3730/7620MB (lfb 96x1MB) SWAP 745/3810MB (cached 1MB) CPU [0%@1728,0%@1728,0%@1728,1%@1728,3%@1728,10%@1728] GR3D_FREQ 31% cpu@58.781C soc2@58.187C soc0@58.281C gpu@59.5C tj@59.5C soc1@59.437C VDD_IN 7778mW/7953mW VDD_CPU_GPU_CV 2099mW/2224mW VDD_SOC 2507mW/2511mW
09-08-2026 20:22:18 RAM 3718/7620MB (lfb 96x1MB) SWAP 745/3810MB (cached 1MB) CPU [28%@1728,27%@1728,27%@1728,27%@1728,29%@1728,36%@1728] GR3D_FREQ 28% cpu@60.718C soc2@58.437C soc0@58.343C gpu@59.656C tj@60.718C soc1@59.437C VDD_IN 10314mW/7955mW VDD_CPU_GPU_CV 3870mW/2226mW VDD_SOC 2786mW/2511mW
09-08-2026 20:22:19 RAM 3724/7620MB (lfb 96x1MB) SWAP 745/3810MB (cached 1MB) CPU [4%@1728,2%@1728,1%@1728,2%@1728,5%@1728,11%@1728] GR3D_FREQ 16% cpu@58.875C soc2@58.156C soc0@58.531C gpu@59.531C tj@59.531C soc1@59.406C VDD_IN 8008mW/7955mW VDD_CPU_GPU_CV 2261mW/2226mW VDD_SOC 2507mW/2511mW
09-08-2026 20:22:20 RAM 3724/7620MB (lfb 96x1MB) SWAP 745/3810MB (cached 1MB) CPU [0%@1728,0%@1728,1%@1728,1%@1728,3%@1728,9%@1728] GR3D_FREQ 30% cpu@58.906C soc2@58.125C soc0@58.437C gpu@59.531C tj@59.531C soc1@59.468C VDD_IN 7766mW/7955mW VDD_CPU_GPU_CV 2099mW/2226mW VDD_SOC 2507mW/2511mW
09-08-2026 20:22:21 RAM 3729/7620MB (lfb 96x1MB) SWAP 745/3810MB (cached 1MB) CPU [0%@1728,0%@1728,2%@1728,0%@1728,2%@1728,10%@1728] GR3D_FREQ 0% cpu@58.687C soc2@58.093C soc0@58.25C gpu@59.5C tj@59.5C soc1@59.5C VDD_IN 7737mW/7955mW VDD_CPU_GPU_CV 2059mW/2226mW VDD_SOC 2467mW/2511mW
09-08-2026 20:22:22 RAM 3729/7620MB (lfb 96x1MB) SWAP 745/3810MB (cached 1MB) CPU [0%@1728,0%@1728,0%@1728,0%@1728,3%@1728,9%@1728] GR3D_FREQ 0% cpu@58.656C soc2@58.093C soc0@58.343C gpu@59.5C tj@59.562C soc1@59.562C VDD_IN 7697mW/7955mW VDD_CPU_GPU_CV 2059mW/2225mW VDD_SOC 2467mW/2511mW
09-08-2026 20:22:23 RAM 3729/7620MB (lfb 96x1MB) SWAP 745/3810MB (cached 1MB) CPU [0%@1728,1%@1728,0%@1728,0%@1728,4%@1728,9%@1728] GR3D_FREQ 0% cpu@58.593C soc2@58.093C soc0@58.281C gpu@59.5C tj@59.5C soc1@59.406C VDD_IN 7697mW/7955mW VDD_CPU_GPU_CV 2059mW/2225mW VDD_SOC 2467mW/2511mW
09-08-2026 20:22:24 RAM 3729/7620MB (lfb 96x1MB) SWAP 745/3810MB (cached 1MB) CPU [1%@1728,0%@1728,0%@1728,0%@1728,3%@1728,9%@1728] GR3D_FREQ 0% cpu@58.718C soc2@57.906C soc0@58.281C gpu@59.468C tj@59.468C soc1@59.406C VDD_IN 7697mW/7954mW VDD_CPU_GPU_CV 2059mW/2225mW VDD_SOC 2467mW/2511mW
09-08-2026 20:22:25 RAM 3729/7620MB (lfb 96x1MB) SWAP 745/3810MB (cached 1MB) CPU [0%@1728,1%@1728,0%@1728,1%@1728,3%@1728,9%@1728] GR3D_FREQ 0% cpu@58.812C soc2@58.031C soc0@58.437C gpu@59.562C tj@59.562C soc1@59.406C VDD_IN 7697mW/7954mW VDD_CPU_GPU_CV 2059mW/2225mW VDD_SOC 2467mW/2511mW
09-08-2026 20:22:26 RAM 3729/7620MB (lfb 96x1MB) SWAP 745/3810MB (cached 1MB) CPU [2%@1728,0%@1728,0%@1728,0%@1728,2%@1728,9%@1728] GR3D_FREQ 0% cpu@58.718C soc2@58C soc0@58.187C gpu@59.562C tj@59.437C soc1@59.437C VDD_IN 7656mW/7954mW VDD_CPU_GPU_CV 2019mW/2225mW VDD_SOC 2467mW/2511mW
09-08-2026 20:22:27 RAM 3729/7620MB (lfb 96x1MB) SWAP 745/3810MB (cached 1MB) CPU [0%@1728,0%@1728,0%@1728,1%@1728,4%@1728,8%@1728] GR3D_FREQ 0% cpu@58.875C soc2@58C soc0@58.25C gpu@59.218C tj@59.5C soc1@59.5C VDD_IN 7656mW/7954mW VDD_CPU_GPU_CV 2019mW/2225mW VDD_SOC 2467mW/2510mW
09-08-2026 20:22:28 RAM 3729/7620MB (lfb 96x1MB) SWAP 745/3810MB (cached 1MB) CPU [0%@1728,1%@1728,0%@1728,0%@1728,3%@1728,9%@1728] GR3D_FREQ 0% cpu@58.625C soc2@57.937C soc0@58.25C gpu@59.281C tj@59.5C soc1@59.5C VDD_IN 7656mW/7954mW VDD_CPU_GPU_CV 2019mW/2225mW VDD_SOC 2467mW/2510mW
09-08-2026 20:22:29 RAM 3729/7620MB (lfb 96x1MB) SWAP 745/3810MB (cached 1MB) CPU [0%@1728,0%@1728,3%@1728,0%@1728,2%@1728,12%@1728] GR3D_FREQ 0% cpu@58.718C soc2@58C soc0@58.218C gpu@59.281C tj@59.437C soc1@59.437C VDD_IN 7737mW/7953mW VDD_CPU_GPU_CV 2059mW/2224mW VDD_SOC 2467mW/2510mW
09-08-2026 20:22:30 RAM 3712/7620MB (lfb 96x1MB) SWAP 745/3810MB (cached 1MB) CPU [45%@1728,46%@1728,50%@1728,46%@1728,45%@1728,46%@1728] GR3D_FREQ 0% cpu@58.75C soc2@58C soc0@58.281C gpu@59.406C tj@59.468C soc1@59.468C VDD_IN 8615mW/7954mW VDD_CPU_GPU_CV 2665mW/2225mW VDD_SOC 2588mW/2510mW
09-08-2026 20:22:31 RAM 3717/7620MB (lfb 96x1MB) SWAP 745/3810MB (cached 1MB) CPU [9%@1728,0%@1728,1%@1728,1%@1728,3%@1728,0%@1728] GR3D_FREQ 0% cpu@58.75C soc2@58.093C soc0@58.375C gpu@59.312C tj@59.406C soc1@59.406C VDD_IN 7697mW/7954mW VDD_CPU_GPU_CV 2059mW/2225mW VDD_SOC 2467mW/2510mW
09-08-2026 20:22:32 RAM 3718/7620MB (lfb 96x1MB) SWAP 745/3810MB (cached 1MB) CPU [10%@1728,0%@1728,0%@1728,0%@1728,2%@1728,0%@1728] GR3D_FREQ 0% cpu@58.875C soc2@58C soc0@58.187C gpu@59.25C tj@59.406C soc1@59.406C VDD_IN 7616mW/7953mW VDD_CPU_GPU_CV 2019mW/2224mW VDD_SOC 2467mW/2510mW
09-08-2026 20:22:33 RAM 3718/7620MB (lfb 96x1MB) SWAP 745/3810MB (cached 1MB) CPU [10%@1728,0%@1728,1%@1728,1%@1728,2%@1728,0%@1728] GR3D_FREQ 0% cpu@58.718C soc2@58.031C soc0@58.187C gpu@59.312C tj@59.406C soc1@59.5C VDD_IN 7616mW/7953mW VDD_CPU_GPU_CV 2019mW/2224mW VDD_SOC 2467mW/2510mW
09-08-2026 20:22:34 RAM 3723/7620MB (lfb 96x1MB) SWAP 745/3810MB (cached 1MB) CPU [10%@1728,2%@1728,1%@1728,1%@1728,2%@1728,0%@1728] GR3D_FREQ 0% cpu@58.687C soc2@58.218C soc0@58.218C gpu@59.281C tj@59.562C soc1@59.562C VDD_IN 7697mW/7953mW VDD_CPU_GPU_CV 2059mW/2224mW VDD_SOC 2507mW/2510mW
09-08-2026 20:22:35 RAM 3723/7620MB (lfb 96x1MB) SWAP 745/3810MB (cached 1MB) CPU [10%@1728,0%@1728,1%@1728,0%@1728,2%@1728,0%@1728] GR3D_FREQ 0% cpu@58.562C soc2@58.093C soc0@58.25C gpu@59.343C tj@59.343C soc1@59.312C VDD_IN 7778mW/7953mW VDD_CPU_GPU_CV 2099mW/2224mW VDD_SOC 2507mW/2510mW
09-08-2026 20:22:36 RAM 3723/7620MB (lfb 96x1MB) SWAP 745/3810MB (cached 1MB) CPU [10%@1728,1%@1728,1%@1728,1%@1728,3%@1728,0%@1728] GR3D_FREQ 31% cpu@58.718C soc2@58.031C soc0@58.25C gpu@59.312C tj@59.437C soc1@59.437C VDD_IN 7778mW/7953mW VDD_CPU_GPU_CV 2099mW/2224mW VDD_SOC 2507mW/2510mW
09-08-2026 20:22:37 RAM 3723/7620MB (lfb 96x1MB) SWAP 745/3810MB (cached 1MB) CPU [8%@1728,0%@1728,0%@1728,0%@1728,2%@1728,0%@1728] GR3D_FREQ 25% cpu@58.843C soc2@58.031C soc0@58.437C gpu@59.312C tj@59.312C soc1@59.312C VDD_IN 7737mW/7952mW VDD_CPU_GPU_CV 2099mW/2224mW VDD_SOC 2507mW/2510mW
09-08-2026 20:22:38 RAM 3723/7620MB (lfb 96x1MB) SWAP 745/3810MB (cached 1MB) CPU [11%@1728,1%@1728,0%@1728,0%@1728,2%@1728,0%@1728] GR3D_FREQ 23% cpu@58.75C soc2@57.968C soc0@58.187C gpu@59.218C tj@59.406C soc1@59.406C VDD_IN 7737mW/7952mW VDD_CPU_GPU_CV 2099mW/2224mW VDD_SOC 2507mW/2510mW
09-08-2026 20:22:39 RAM 3730/7620MB (lfb 96x1MB) SWAP 745/3810MB (cached 1MB) CPU [9%@1728,1%@1728,4%@1728,3%@1728,3%@1728,0%@1728] GR3D_FREQ 31% cpu@58.656C soc2@58C soc0@58.218C gpu@59.375C tj@59.468C soc1@59.468C VDD_IN 7818mW/7952mW VDD_CPU_GPU_CV 2140mW/2224mW VDD_SOC 2507mW/2510mW
09-08-2026 20:22:40 RAM 3712/7620MB (lfb 96x1MB) SWAP 745/3810MB (cached 1MB) CPU [6%@1728,0%@1728,3%@1728,0%@1728,2%@1728,0%@1728] GR3D_FREQ 0% cpu@58.562C soc2@58.062C soc0@58.187C gpu@59.375C tj@59.437C soc1@59.437C VDD_IN 7778mW/7952mW VDD_CPU_GPU_CV 2099mW/2224mW VDD_SOC 2467mW/2510mW
09-08-2026 20:22:41 RAM 3724/7620MB (lfb 96x1MB) SWAP 745/3810MB (cached 1MB) CPU [4%@1728,11%@1728,2%@1728,1%@1728,8%@1728,2%@1728] GR3D_FREQ 0% cpu@58.718C soc2@57.968C soc0@58.218C gpu@59.437C tj@59.437C soc1@59.312C VDD_IN 7818mW/7952mW VDD_CPU_GPU_CV 2099mW/2223mW VDD_SOC 2507mW/2510mW
09-08-2026 20:22:42 RAM 3718/7620MB (lfb 96x1MB) SWAP 745/3810MB (cached 1MB) CPU [50%@1728,49%@1728,50%@1728,50%@1728,55%@1728,52%@1728] GR3D_FREQ 0% cpu@58.937C soc2@58.125C soc0@58.281C gpu@59.593C tj@59.593C soc1@59.406C VDD_IN 9950mW/7954mW VDD_CPU_GPU_CV 3548mW/2225mW VDD_SOC 2786mW/2511mW
09-08-2026 20:22:43 RAM 3718/7620MB (lfb 96x1MB) SWAP 745/3810MB (cached 1MB) CPU [0%@1728,0%@1728,0%@1728,1%@1728,0%@1728,8%@1728] GR3D_FREQ 0% cpu@58.718C soc2@57.906C soc0@58.312C gpu@59.406C tj@59.468C soc1@59.468C VDD_IN 7806mW/7953mW VDD_CPU_GPU_CV 2140mW/2224mW VDD_SOC 2507mW/2511mW
09-08-2026 20:22:44 RAM 3724/7620MB (lfb 96x1MB) SWAP 745/3810MB (cached 1MB) CPU [4%@1728,0%@1728,0%@1728,0%@1728,0%@1728,10%@1728] GR3D_FREQ 0% cpu@58.75C soc2@57.906C soc0@58.187C gpu@59.406C tj@59.406C soc1@59.343C VDD_IN 7697mW/7953mW VDD_CPU_GPU_CV 2059mW/2224mW VDD_SOC 2467mW/2510mW
09-08-2026 20:22:45 RAM 3724/7620MB (lfb 96x1MB) SWAP 745/3810MB (cached 1MB) CPU [0%@1728,0%@1728,0%@1728,1%@1728,0%@1728,8%@1728] GR3D_FREQ 0% cpu@58.531C soc2@57.812C soc0@58.156C gpu@59.468C tj@59.468C soc1@59.406C VDD_IN 7616mW/7953mW VDD_CPU_GPU_CV 2019mW/2224mW VDD_SOC 2467mW/2510mW
09-08-2026 20:22:46 RAM 3730/7620MB (lfb 96x1MB) SWAP 745/3810MB (cached 1MB) CPU [0%@1728,2%@1728,0%@1728,0%@1728,0%@1728,9%@1728] GR3D_FREQ 0% cpu@58.5C soc2@57.937C soc0@58.062C gpu@59.375C tj@59.5C soc1@59.5C VDD_IN 7616mW/7953mW VDD_CPU_GPU_CV 2019mW/2224mW VDD_SOC 2467mW/2510mW
09-08-2026 20:22:47 RAM 3729/7620MB (lfb 96x1MB) SWAP 745/3810MB (cached 1MB) CPU [0%@1728,0%@1728,0%@1728,0%@1728,0%@1728,9%@1728] GR3D_FREQ 0% cpu@58.5C soc2@57.843C soc0@58.156C gpu@59.437C tj@59.437C soc1@59.281C VDD_IN 7616mW/7952mW VDD_CPU_GPU_CV 1978mW/2224mW VDD_SOC 2467mW/2510mW
09-08-2026 20:22:48 RAM 3729/7620MB (lfb 96x1MB) SWAP 745/3810MB (cached 1MB) CPU [0%@1728,0%@1728,0%@1728,0%@1728,0%@1728,9%@1728] GR3D_FREQ 0% cpu@58.531C soc2@57.812C soc0@58.156C gpu@59.468C tj@59.468C soc1@59.375C VDD_IN 7575mW/7952mW VDD_CPU_GPU_CV 1978mW/2224mW VDD_SOC 2467mW/2510mW
09-08-2026 20:22:49 RAM 3730/7620MB (lfb 96x1MB) SWAP 745/3810MB (cached 1MB) CPU [2%@1728,0%@1728,0%@1728,1%@1728,0%@1728,9%@1728] GR3D_FREQ 0% cpu@58.593C soc2@57.812C soc0@58.281C gpu@59.062C tj@59.281C soc1@59.281C VDD_IN 7616mW/7952mW VDD_CPU_GPU_CV 1978mW/2223mW VDD_SOC 2467mW/2510mW
09-08-2026 20:22:50 RAM 3729/7620MB (lfb 96x1MB) SWAP 745/3810MB (cached 1MB) CPU [0%@1728,0%@1728,0%@1728,0%@1728,0%@1728,9%@1728] GR3D_FREQ 0% cpu@58.625C soc2@57.781C soc0@58.093C gpu@59.125C tj@59.281C soc1@59.281C VDD_IN 7575mW/7951mW VDD_CPU_GPU_CV 1978mW/2223mW VDD_SOC 2467mW/2510mW
09-08-2026 20:22:51 RAM 3729/7620MB (lfb 96x1MB) SWAP 745/3810MB (cached 1MB) CPU [0%@1728,1%@1728,0%@1728,0%@1728,0%@1728,9%@1728] GR3D_FREQ 0% cpu@58.375C soc2@57.843C soc0@58.093C gpu@59.125C tj@59.406C soc1@59.406C VDD_IN 7575mW/7951mW VDD_CPU_GPU_CV 1978mW/2223mW VDD_SOC 2467mW/2510mW
09-08-2026 20:22:52 RAM 3729/7620MB (lfb 96x1MB) SWAP 745/3810MB (cached 1MB) CPU [0%@1728,0%@1728,0%@1728,0%@1728,0%@1728,9%@1728] GR3D_FREQ 0% cpu@58.437C soc2@57.906C soc0@58.093C gpu@59.093C tj@59.156C soc1@59.156C VDD_IN 7535mW/7951mW VDD_CPU_GPU_CV 1978mW/2223mW VDD_SOC 2467mW/2510mW
09-08-2026 20:22:53 RAM 3729/7620MB (lfb 96x1MB) SWAP 745/3810MB (cached 1MB) CPU [0%@1728,0%@1728,0%@1728,0%@1728,0%@1728,10%@1728] GR3D_FREQ 0% cpu@58.5C soc2@57.968C soc0@58.125C gpu@59.093C tj@59.187C soc1@59.187C VDD_IN 7616mW/7951mW VDD_CPU_GPU_CV 2019mW/2223mW VDD_SOC 2467mW/2510mW
09-08-2026 20:22:54 RAM 3730/7620MB (lfb 96x1MB) SWAP 745/3810MB (cached 1MB) CPU [1%@1728,0%@1728,1%@1728,2%@1728,0%@1728,11%@1728] GR3D_FREQ 0% cpu@58.593C soc2@57.781C soc0@58.156C gpu@59.156C tj@59.25C soc1@59.25C VDD_IN 7737mW/7950mW VDD_CPU_GPU_CV 2099mW/2222mW VDD_SOC 2467mW/2510mW
09-08-2026 20:22:55 RAM 3729/7620MB (lfb 96x1MB) SWAP 745/3810MB (cached 1MB) CPU [0%@1728,0%@1728,0%@1728,0%@1728,0%@1728,11%@1728] GR3D_FREQ 31% cpu@58.593C soc2@57.812C soc0@58.218C gpu@59.156C tj@59.25C soc1@59.25C VDD_IN 7778mW/7950mW VDD_CPU_GPU_CV 2099mW/2222mW VDD_SOC 2507mW/2510mW
09-08-2026 20:22:56 RAM 3719/7620MB (lfb 96x1MB) SWAP 745/3810MB (cached 1MB) CPU [14%@1728,18%@1728,14%@1728,14%@1728,17%@1728,27%@1728] GR3D_FREQ 17% cpu@58.687C soc2@57.906C soc0@58.093C gpu@59.25C tj@59.375C soc1@59.375C VDD_IN 8777mW/7951mW VDD_CPU_GPU_CV 2867mW/2223mW VDD_SOC 2588mW/2510mW
09-08-2026 20:22:57 RAM 3720/7620MB (lfb 96x1MB) SWAP 745/3810MB (cached 1MB) CPU [0%@1728,0%@1728,0%@1728,1%@1728,10%@1728,2%@1728] GR3D_FREQ 29% cpu@58.406C soc2@57.812C soc0@58.062C gpu@59.187C tj@59.375C soc1@59.375C VDD_IN 7806mW/7951mW VDD_CPU_GPU_CV 2180mW/2223mW VDD_SOC 2507mW/2510mW
09-08-2026 20:22:58 RAM 3720/7620MB (lfb 96x1MB) SWAP 745/3810MB (cached 1MB) CPU [0%@1728,0%@1728,0%@1728,0%@1728,10%@1728,3%@1728] GR3D_FREQ 31% cpu@58.406C soc2@57.875C soc0@58C gpu@59.125C tj@59.468C soc1@59.468C VDD_IN 7737mW/7951mW VDD_CPU_GPU_CV 2059mW/2223mW VDD_SOC 2467mW/2510mW
09-08-2026 20:22:59 RAM 3724/7620MB (lfb 96x1MB) SWAP 745/3810MB (cached 1MB) CPU [30%@1728,27%@1728,27%@1728,28%@1728,29%@1728,28%@1728] GR3D_FREQ 0% cpu@58.625C soc2@57.843C soc0@58.156C gpu@59.218C tj@59.218C soc1@59.312C VDD_IN 8210mW/7951mW VDD_CPU_GPU_CV 2463mW/2223mW VDD_SOC 2548mW/2510mW
09-08-2026 20:23:00 RAM 3724/7620MB (lfb 96x1MB) SWAP 745/3810MB (cached 1MB) CPU [0%@1728,0%@1728,0%@1728,0%@1728,9%@1728,3%@1728] GR3D_FREQ 0% cpu@58.562C soc2@57.812C soc0@58.125C gpu@59.25C tj@59.25C soc1@59.25C VDD_IN 7737mW/7951mW VDD_CPU_GPU_CV 2099mW/2223mW VDD_SOC 2507mW/2510mW
09-08-2026 20:23:01 RAM 3724/7620MB (lfb 96x1MB) SWAP 745/3810MB (cached 1MB) CPU [0%@1728,1%@1728,0%@1728,1%@1728,10%@1728,3%@1728] GR3D_FREQ 0% cpu@58.5C soc2@57.812C soc0@58.156C gpu@59.125C tj@59.218C soc1@59.218C VDD_IN 7697mW/7950mW VDD_CPU_GPU_CV 2059mW/2223mW VDD_SOC 2467mW/2510mW
09-08-2026 20:23:02 RAM 3724/7620MB (lfb 96x1MB) SWAP 745/3810MB (cached 1MB) CPU [0%@1728,0%@1728,2%@1728,0%@1728,9%@1728,2%@1728] GR3D_FREQ 0% cpu@58.718C soc2@57.75C soc0@58.031C gpu@59.187C tj@59.312C soc1@59.312C VDD_IN 7656mW/7950mW VDD_CPU_GPU_CV 2059mW/2223mW VDD_SOC 2467mW/2510mW
09-08-2026 20:23:03 RAM 3724/7620MB (lfb 96x1MB) SWAP 745/3810MB (cached 1MB) CPU [0%@1728,0%@1728,0%@1728,0%@1728,9%@1728,3%@1728] GR3D_FREQ 0% cpu@58.406C soc2@57.718C soc0@58C gpu@59.218C tj@59.343C soc1@59.343C VDD_IN 7656mW/7950mW VDD_CPU_GPU_CV 2019mW/2222mW VDD_SOC 2467mW/2510mW
09-08-2026 20:23:04 RAM 3724/7620MB (lfb 96x1MB) SWAP 745/3810MB (cached 1MB) CPU [1%@1728,0%@1728,0%@1728,1%@1728,3%@1728,8%@1728] GR3D_FREQ 0% cpu@58.343C soc2@57.812C soc0@58.031C gpu@59.187C tj@59.375C soc1@59.093C VDD_IN 7697mW/7950mW VDD_CPU_GPU_CV 2059mW/2222mW VDD_SOC 2467mW/2510mW
09-08-2026 20:23:05 RAM 3724/7620MB (lfb 96x1MB) SWAP 745/3810MB (cached 1MB) CPU [1%@1728,0%@1728,0%@1728,0%@1728,3%@1728,9%@1728] GR3D_FREQ 0% cpu@58.375C soc2@57.656C soc0@58.031C gpu@59.312C tj@59.312C soc1@59.062C VDD_IN 7656mW/7949mW VDD_CPU_GPU_CV 2019mW/2222mW VDD_SOC 2467mW/2510mW
09-08-2026 20:23:06 RAM 3724/7620MB (lfb 96x1MB) SWAP 745/3810MB (cached 1MB) CPU [0%@1728,1%@1728,0%@1728,0%@1728,2%@1728,9%@1728] GR3D_FREQ 0% cpu@58.375C soc2@57.593C soc0@58.156C gpu@59.187C tj@59.187C soc1@59.156C VDD_IN 7656mW/7949mW VDD_CPU_GPU_CV 2019mW/2222mW VDD_SOC 2467mW/2510mW
09-08-2026 20:23:07 RAM 3724/7620MB (lfb 96x1MB) SWAP 745/3810MB (cached 1MB) CPU [0%@1728,0%@1728,0%@1728,0%@1728,4%@1728,9%@1728] GR3D_FREQ 0% cpu@58.531C soc2@57.718C soc0@57.937C gpu@59.187C tj@59.187C soc1@59.125C VDD_IN 7616mW/7949mW VDD_CPU_GPU_CV 2019mW/2222mW VDD_SOC 2467mW/2510mW
09-08-2026 20:23:08 RAM 3724/7620MB (lfb 96x1MB) SWAP 745/3810MB (cached 1MB) CPU [0%@1728,0%@1728,0%@1728,0%@1728,2%@1728,10%@1728] GR3D_FREQ 0% cpu@58.218C soc2@57.718C soc0@57.937C gpu@59.25C tj@59.25C soc1@59.156C VDD_IN 7616mW/7949mW VDD_CPU_GPU_CV 2019mW/2222mW VDD_SOC 2467mW/2510mW
09-08-2026 20:23:09 RAM 3724/7620MB (lfb 96x1MB) SWAP 745/3810MB (cached 1MB) CPU [3%@1728,1%@1728,1%@1728,0%@1728,3%@1728,9%@1728] GR3D_FREQ 0% cpu@58.406C soc2@57.718C soc0@57.968C gpu@58.781C tj@59.343C soc1@59.343C VDD_IN 7656mW/7948mW VDD_CPU_GPU_CV 2059mW/2221mW VDD_SOC 2467mW/2510mW
09-08-2026 20:23:10 RAM 3724/7620MB (lfb 96x1MB) SWAP 745/3810MB (cached 1MB) CPU [0%@1728,0%@1728,0%@1728,2%@1728,3%@1728,10%@1728] GR3D_FREQ 0% cpu@58.281C soc2@57.781C soc0@57.968C gpu@58.843C tj@59.062C soc1@59.062C VDD_IN 7616mW/7948mW VDD_CPU_GPU_CV 2019mW/2221mW VDD_SOC 2467mW/2510mW
09-08-2026 20:23:11 RAM 3734/7620MB (lfb 96x1MB) SWAP 745/3810MB (cached 1MB) CPU [4%@1728,2%@1728,3%@1728,10%@1728,4%@1728,10%@1728] GR3D_FREQ 0% cpu@58.343C soc2@57.656C soc0@57.968C gpu@58.937C tj@59.125C soc1@59.125C VDD_IN 7697mW/7948mW VDD_CPU_GPU_CV 2059mW/2221mW VDD_SOC 2467mW/2510mW
09-08-2026 20:23:12 RAM 3717/7620MB (lfb 96x1MB) SWAP 745/3810MB (cached 1MB) CPU [37%@1728,31%@1728,35%@1728,36%@1728,34%@1728,46%@1728] GR3D_FREQ 0% cpu@60.375C soc2@58.375C soc0@58C gpu@59.062C tj@60.375C soc1@59.062C VDD_IN 10459mW/7950mW VDD_CPU_GPU_CV 4025mW/2223mW VDD_SOC 2786mW/2510mW
09-08-2026 20:23:13 RAM 3719/7620MB (lfb 96x1MB) SWAP 745/3810MB (cached 1MB) CPU [24%@1728,25%@1728,24%@1728,24%@1728,22%@1728,31%@1728] GR3D_FREQ 0% cpu@58.562C soc2@57.875C soc0@57.906C gpu@59.093C tj@59.218C soc1@59.218C VDD_IN 8372mW/7950mW VDD_CPU_GPU_CV 2503mW/2223mW VDD_SOC 2548mW/2510mW
09-08-2026 20:23:14 RAM 3717/7620MB (lfb 96x1MB) SWAP 745/3810MB (cached 1MB) CPU [11%@1728,12%@1728,11%@1728,12%@1728,13%@1728,22%@1728] GR3D_FREQ 22% cpu@59.593C soc2@58C soc0@57.968C gpu@59.187C tj@59.593C soc1@59.25C VDD_IN 8898mW/7951mW VDD_CPU_GPU_CV 2983mW/2223mW VDD_SOC 2588mW/2510mW
09-08-2026 20:23:15 RAM 3719/7620MB (lfb 96x1MB) SWAP 745/3810MB (cached 1MB) CPU [13%@1728,10%@1728,7%@1728,8%@1728,9%@1728,6%@1728] GR3D_FREQ 12% cpu@58.562C soc2@57.875C soc0@57.937C gpu@59.125C tj@59.312C soc1@59.312C VDD_IN 7927mW/7951mW VDD_CPU_GPU_CV 2221mW/2223mW VDD_SOC 2507mW/2510mW
09-08-2026 20:23:16 RAM 3724/7620MB (lfb 96x1MB) SWAP 745/3810MB (cached 1MB) CPU [8%@1728,3%@1728,0%@1728,1%@1728,2%@1728,0%@1728] GR3D_FREQ 31% cpu@58.437C soc2@57.718C soc0@57.968C gpu@59.062C tj@59.125C soc1@59.125C VDD_IN 7778mW/7951mW VDD_CPU_GPU_CV 2099mW/2223mW VDD_SOC 2467mW/2510mW
09-08-2026 20:23:17 RAM 3724/7620MB (lfb 96x1MB) SWAP 745/3810MB (cached 1MB) CPU [10%@1728,1%@1728,1%@1728,0%@1728,3%@1728,0%@1728] GR3D_FREQ 31% cpu@58.406C soc2@57.718C soc0@58.031C gpu@59.093C tj@59.156C soc1@59.156C VDD_IN 7737mW/7951mW VDD_CPU_GPU_CV 2099mW/2223mW VDD_SOC 2467mW/2510mW
09-08-2026 20:23:18 RAM 3724/7620MB (lfb 96x1MB) SWAP 745/3810MB (cached 1MB) CPU [9%@1728,2%@1728,0%@1728,0%@1728,2%@1728,0%@1728] GR3D_FREQ 0% cpu@58.468C soc2@57.75C soc0@58.031C gpu@59.031C tj@59.156C soc1@59.156C VDD_IN 7737mW/7951mW VDD_CPU_GPU_CV 2059mW/2223mW VDD_SOC 2467mW/2510mW
09-08-2026 20:23:19 RAM 3723/7620MB (lfb 96x1MB) SWAP 745/3810MB (cached 1MB) CPU [31%@1728,32%@1728,29%@1728,29%@1728,30%@1728,38%@1728] GR3D_FREQ 0% cpu@58.562C soc2@57.781C soc0@57.906C gpu@59.187C tj@59.187C soc1@59.187C VDD_IN 8615mW/7951mW VDD_CPU_GPU_CV 2705mW/2224mW VDD_SOC 2588mW/2510mW
09-08-2026 20:23:20 RAM 3715/7620MB (lfb 96x1MB) SWAP 745/3810MB (cached 1MB) CPU [20%@1728,22%@1728,19%@1728,20%@1728,16%@1728,26%@1728] GR3D_FREQ 0% cpu@60.187C soc2@58.062C soc0@57.937C gpu@59.312C tj@60.062C soc1@59.281C VDD_IN 9545mW/7952mW VDD_CPU_GPU_CV 3467mW/2225mW VDD_SOC 2624mW/2510mW
09-08-2026 20:23:21 RAM 3721/7620MB (lfb 96x1MB) SWAP 745/3810MB (cached 1MB) CPU [5%@1728,4%@1728,4%@1728,4%@1728,8%@1728,14%@1728] GR3D_FREQ 0% cpu@58.312C soc2@57.812C soc0@57.968C gpu@59.156C tj@59.156C soc1@59.031C VDD_IN 7927mW/7952mW VDD_CPU_GPU_CV 2221mW/2225mW VDD_SOC 2507mW/2510mW
09-08-2026 20:23:22 RAM 3721/7620MB (lfb 96x1MB) SWAP 745/3810MB (cached 1MB) CPU [0%@1728,0%@1728,0%@1728,0%@1728,3%@1728,9%@1728] GR3D_FREQ 0% cpu@58.343C soc2@57.718C soc0@58.031C gpu@59.093C tj@59.156C soc1@59.156C VDD_IN 7697mW/7952mW VDD_CPU_GPU_CV 2059mW/2224mW VDD_SOC 2467mW/2510mW
09-08-2026 20:23:23 RAM 3721/7620MB (lfb 96x1MB) SWAP 745/3810MB (cached 1MB) CPU [0%@1728,0%@1728,1%@1728,0%@1728,3%@1728,9%@1728] GR3D_FREQ 0% cpu@58.375C soc2@57.75C soc0@58.031C gpu@59.156C tj@59.156C soc1@59.062C VDD_IN 7656mW/7952mW VDD_CPU_GPU_CV 2019mW/2224mW VDD_SOC 2467mW/2510mW
09-08-2026 20:23:24 RAM 3720/7620MB (lfb 96x1MB) SWAP 745/3810MB (cached 1MB) CPU [2%@1728,2%@1728,0%@1728,0%@1728,3%@1728,9%@1728] GR3D_FREQ 0% cpu@58.406C soc2@57.656C soc0@58.156C gpu@59.156C tj@59.156C soc1@59.093C VDD_IN 7656mW/7952mW VDD_CPU_GPU_CV 2019mW/2224mW VDD_SOC 2467mW/2510mW
09-08-2026 20:23:25 RAM 3721/7620MB (lfb 96x1MB) SWAP 745/3810MB (cached 1MB) CPU [0%@1728,0%@1728,0%@1728,0%@1728,3%@1728,9%@1728] GR3D_FREQ 0% cpu@58.437C soc2@57.687C soc0@57.843C gpu@59.187C tj@59.187C soc1@59.156C VDD_IN 7656mW/7952mW VDD_CPU_GPU_CV 2019mW/2224mW VDD_SOC 2467mW/2510mW
09-08-2026 20:23:26 RAM 3715/7620MB (lfb 96x1MB) SWAP 745/3810MB (cached 1MB) CPU [11%@1728,11%@1728,9%@1728,10%@1728,12%@1728,23%@1728] GR3D_FREQ 0% cpu@59.656C soc2@57.906C soc0@57.968C gpu@59C tj@59.656C soc1@59.25C VDD_IN 8817mW/7952mW VDD_CPU_GPU_CV 2907mW/2224mW VDD_SOC 2588mW/2510mW
09-08-2026 20:23:27 RAM 3716/7620MB (lfb 96x1MB) SWAP 745/3810MB (cached 1MB) CPU [30%@1728,29%@1728,25%@1728,27%@1728,27%@1728,27%@1728] GR3D_FREQ 0% cpu@58.468C soc2@57.875C soc0@57.968C gpu@59C tj@59.062C soc1@59.062C VDD_IN 8130mW/7952mW VDD_CPU_GPU_CV 2382mW/2225mW VDD_SOC 2548mW/2510mW
09-08-2026 20:23:28 RAM 3716/7620MB (lfb 96x1MB) SWAP 745/3810MB (cached 1MB) CPU [2%@1728,8%@1728,0%@1728,0%@1728,3%@1728,0%@1728] GR3D_FREQ 0% cpu@58.375C soc2@57.718C soc0@57.968C gpu@58.906C tj@59.125C soc1@59.125C VDD_IN 7656mW/7952mW VDD_CPU_GPU_CV 2019mW/2224mW VDD_SOC 2467mW/2510mW
09-08-2026 20:23:29 RAM 3722/7620MB (lfb 96x1MB) SWAP 745/3810MB (cached 1MB) CPU [3%@1728,10%@1728,3%@1728,0%@1728,2%@1728,0%@1728] GR3D_FREQ 0% cpu@58.343C soc2@57.718C soc0@58.062C gpu@58.968C tj@59.125C soc1@59.125C VDD_IN 7656mW/7952mW VDD_CPU_GPU_CV 2019mW/2224mW VDD_SOC 2467mW/2510mW
09-08-2026 20:23:30 RAM 3722/7620MB (lfb 96x1MB) SWAP 745/3810MB (cached 1MB) CPU [0%@1728,10%@1728,0%@1728,0%@1728,2%@1728,0%@1728] GR3D_FREQ 0% cpu@58.406C soc2@57.593C soc0@58.031C gpu@58.906C tj@59.125C soc1@59.125C VDD_IN 7575mW/7952mW VDD_CPU_GPU_CV 1978mW/2224mW VDD_SOC 2467mW/2510mW
09-08-2026 20:23:31 RAM 3727/7620MB (lfb 96x1MB) SWAP 745/3810MB (cached 1MB) CPU [6%@1728,5%@1728,0%@1728,0%@1728,2%@1728,0%@1728] GR3D_FREQ 0% cpu@58.375C soc2@57.937C soc0@57.843C gpu@58.968C tj@59.156C soc1@59.156C VDD_IN 7656mW/7951mW VDD_CPU_GPU_CV 2059mW/2224mW VDD_SOC 2467mW/2510mW
09-08-2026 20:23:32 RAM 3727/7620MB (lfb 96x1MB) SWAP 745/3810MB (cached 1MB) CPU [1%@1728,9%@1728,0%@1728,0%@1728,2%@1728,0%@1728] GR3D_FREQ 0% cpu@58.468C soc2@57.687C soc0@57.875C gpu@58.968C tj@59.25C soc1@59.25C VDD_IN 7737mW/7951mW VDD_CPU_GPU_CV 2059mW/2224mW VDD_SOC 2467mW/2510mW
09-08-2026 20:23:33 RAM 3727/7620MB (lfb 96x1MB) SWAP 745/3810MB (cached 1MB) CPU [1%@1728,9%@1728,1%@1728,0%@1728,2%@1728,0%@1728] GR3D_FREQ 21% cpu@58.218C soc2@57.656C soc0@57.875C gpu@58.968C tj@59.062C soc1@59.062C VDD_IN 7737mW/7951mW VDD_CPU_GPU_CV 2099mW/2224mW VDD_SOC 2467mW/2510mW
09-08-2026 20:23:34 RAM 3727/7620MB (lfb 96x1MB) SWAP 745/3810MB (cached 1MB) CPU [0%@1728,9%@1728,1%@1728,0%@1728,3%@1728,0%@1728] GR3D_FREQ 4% cpu@58.312C soc2@57.656C soc0@57.843C gpu@58.937C tj@59.031C soc1@59.031C VDD_IN 7778mW/7951mW VDD_CPU_GPU_CV 2099mW/2224mW VDD_SOC 2467mW/2510mW
09-08-2026 20:23:35 RAM 3727/7620MB (lfb 96x1MB) SWAP 745/3810MB (cached 1MB) CPU [5%@1728,6%@1728,0%@1728,0%@1728,2%@1728,0%@1728] GR3D_FREQ 31% cpu@58.406C soc2@57.593C soc0@57.968C gpu@58.906C tj@59.125C soc1@59.125C VDD_IN 7737mW/7951mW VDD_CPU_GPU_CV 2099mW/2224mW VDD_SOC 2467mW/2510mW
09-08-2026 20:23:36 RAM 3727/7620MB (lfb 96x1MB) SWAP 745/3810MB (cached 1MB) CPU [3%@1728,8%@1728,2%@1728,0%@1728,3%@1728,0%@1728] GR3D_FREQ 31% cpu@58.218C soc2@57.656C soc0@57.875C gpu@58.937C tj@59.093C soc1@59.093C VDD_IN 7737mW/7951mW VDD_CPU_GPU_CV 2059mW/2223mW VDD_SOC 2467mW/2510mW
09-08-2026 20:23:37 RAM 3727/7620MB (lfb 96x1MB) SWAP 745/3810MB (cached 1MB) CPU [3%@1728,2%@1728,0%@1728,6%@1728,2%@1728,0%@1728] GR3D_FREQ 0% cpu@58.5C soc2@57.656C soc0@57.781C gpu@58.968C tj@59.062C soc1@59.062C VDD_IN 7697mW/7950mW VDD_CPU_GPU_CV 2059mW/2223mW VDD_SOC 2467mW/2510mW
09-08-2026 20:23:38 RAM 3715/7620MB (lfb 96x1MB) SWAP 745/3810MB (cached 1MB) CPU [42%@1728,43%@1728,43%@1728,48%@1728,43%@1728,44%@1728] GR3D_FREQ 0% cpu@59.093C soc2@58.031C soc0@57.75C gpu@59.156C tj@59.281C soc1@59.281C VDD_IN 10782mW/7953mW VDD_CPU_GPU_CV 4065mW/2225mW VDD_SOC 2867mW/2510mW
09-08-2026 20:23:39 RAM 3723/7620MB (lfb 96x1MB) SWAP 745/3810MB (cached 1MB) CPU [2%@1728,3%@1728,3%@1728,10%@1728,3%@1728,0%@1728] GR3D_FREQ 0% cpu@58.343C soc2@57.75C soc0@57.843C gpu@59.125C tj@59.125C soc1@58.937C VDD_IN 8008mW/7953mW VDD_CPU_GPU_CV 2261mW/2225mW VDD_SOC 2507mW/2510mW
09-08-2026 20:23:40 RAM 3723/7620MB (lfb 96x1MB) SWAP 745/3810MB (cached 1MB) CPU [2%@1728,0%@1728,0%@1728,9%@1728,0%@1728,3%@1728] GR3D_FREQ 0% cpu@58.437C soc2@57.656C soc0@57.906C gpu@58.968C tj@58.968C soc1@58.968C VDD_IN 7697mW/7952mW VDD_CPU_GPU_CV 2059mW/2225mW VDD_SOC 2467mW/2510mW
09-08-2026 20:23:41 RAM 3709/7620MB (lfb 96x1MB) SWAP 745/3810MB (cached 1MB) CPU [11%@1728,2%@1728,3%@1728,10%@1728,1%@1728,2%@1728] GR3D_FREQ 0% cpu@58.312C soc2@57.593C soc0@57.968C gpu@58.968C tj@59C soc1@59C VDD_IN 7737mW/7952mW VDD_CPU_GPU_CV 2099mW/2225mW VDD_SOC 2467mW/2510mW
09-08-2026 20:23:42 RAM 3710/7620MB (lfb 96x1MB) SWAP 745/3810MB (cached 1MB) CPU [1%@1728,1%@1728,0%@1728,10%@1728,0%@1728,2%@1728] GR3D_FREQ 0% cpu@58.406C soc2@57.687C soc0@57.812C gpu@58.968C tj@59.062C soc1@59.062C VDD_IN 7656mW/7952mW VDD_CPU_GPU_CV 2059mW/2224mW VDD_SOC 2467mW/2510mW
09-08-2026 20:23:43 RAM 3710/7620MB (lfb 96x1MB) SWAP 745/3810MB (cached 1MB) CPU [1%@1728,0%@1728,1%@1728,9%@1728,0%@1728,3%@1728] GR3D_FREQ 0% cpu@58.156C soc2@57.625C soc0@57.718C gpu@59C tj@59.093C soc1@59.093C VDD_IN 7656mW/7952mW VDD_CPU_GPU_CV 2019mW/2224mW VDD_SOC 2467mW/2510mW
09-08-2026 20:23:44 RAM 3717/7620MB (lfb 96x1MB) SWAP 745/3810MB (cached 1MB) CPU [2%@1728,2%@1728,0%@1728,10%@1728,0%@1728,2%@1728] GR3D_FREQ 0% cpu@58.093C soc2@57.625C soc0@57.75C gpu@59C tj@59.187C soc1@59.187C VDD_IN 7656mW/7952mW VDD_CPU_GPU_CV 2059mW/2224mW VDD_SOC 2467mW/2510mW
09-08-2026 20:23:45 RAM 3718/7620MB (lfb 96x1MB) SWAP 745/3810MB (cached 1MB) CPU [1%@1728,0%@1728,0%@1728,9%@1728,0%@1728,3%@1728] GR3D_FREQ 0% cpu@58.156C soc2@57.562C soc0@57.906C gpu@59.031C tj@58.937C soc1@58.937C VDD_IN 7616mW/7951mW VDD_CPU_GPU_CV 2019mW/2224mW VDD_SOC 2467mW/2510mW
09-08-2026 20:23:46 RAM 3718/7620MB (lfb 96x1MB) SWAP 745/3810MB (cached 1MB) CPU [0%@1728,2%@1728,0%@1728,9%@1728,0%@1728,2%@1728] GR3D_FREQ 0% cpu@58.187C soc2@57.562C soc0@57.843C gpu@58.843C tj@58.937C soc1@58.937C VDD_IN 7616mW/7951mW VDD_CPU_GPU_CV 2019mW/2224mW VDD_SOC 2467mW/2510mW
09-08-2026 20:23:47 RAM 3718/7620MB (lfb 96x1MB) SWAP 745/3810MB (cached 1MB) CPU [0%@1728,0%@1728,0%@1728,10%@1728,0%@1728,3%@1728] GR3D_FREQ 0% cpu@58.312C soc2@57.468C soc0@57.843C gpu@58.75C tj@59.031C soc1@59.031C VDD_IN 7616mW/7951mW VDD_CPU_GPU_CV 2019mW/2224mW VDD_SOC 2467mW/2510mW
09-08-2026 20:23:48 RAM 3718/7620MB (lfb 96x1MB) SWAP 745/3810MB (cached 1MB) CPU [0%@1728,4%@1728,0%@1728,8%@1728,0%@1728,2%@1728] GR3D_FREQ 0% cpu@58.187C soc2@57.562C soc0@57.75C gpu@58.718C tj@59C soc1@59C VDD_IN 7616mW/7950mW VDD_CPU_GPU_CV 2019mW/2223mW VDD_SOC 2467mW/2510mW
09-08-2026 20:23:49 RAM 3722/7620MB (lfb 96x1MB) SWAP 745/3810MB (cached 1MB) CPU [6%@1728,1%@1728,1%@1728,5%@1728,0%@1728,2%@1728] GR3D_FREQ 0% cpu@58.218C soc2@57.531C soc0@57.718C gpu@58.718C tj@59.062C soc1@59.062C VDD_IN 7616mW/7950mW VDD_CPU_GPU_CV 2019mW/2223mW VDD_SOC 2467mW/2510mW
09-08-2026 20:23:50 RAM 3715/7620MB (lfb 96x1MB) SWAP 745/3810MB (cached 1MB) CPU [22%@1728,13%@1728,14%@1728,14%@1728,17%@1728,16%@1728] GR3D_FREQ 0% cpu@59.843C soc2@58.093C soc0@57.812C gpu@58.906C tj@59.843C soc1@58.906C VDD_IN 9222mW/7951mW VDD_CPU_GPU_CV 3185mW/2224mW VDD_SOC 2665mW/2510mW
09-08-2026 20:23:51 RAM 3716/7620MB (lfb 96x1MB) SWAP 745/3810MB (cached 1MB) CPU [43%@1728,37%@1728,36%@1728,37%@1728,34%@1728,41%@1728] GR3D_FREQ 24% cpu@58.468C soc2@57.718C soc0@57.937C gpu@59C tj@59.031C soc1@59.031C VDD_IN 8574mW/7952mW VDD_CPU_GPU_CV 2665mW/2224mW VDD_SOC 2588mW/2510mW
09-08-2026 20:23:52 RAM 3715/7620MB (lfb 96x1MB) SWAP 745/3810MB (cached 1MB) CPU [19%@1728,15%@1728,13%@1728,15%@1728,16%@1728,18%@1728] GR3D_FREQ 5% cpu@58.656C soc2@57.75C soc0@58C gpu@58.937C tj@59.062C soc1@59.062C VDD_IN 8413mW/7952mW VDD_CPU_GPU_CV 2584mW/2225mW VDD_SOC 2548mW/2510mW
09-08-2026 20:23:53 RAM 3715/7620MB (lfb 96x1MB) SWAP 745/3810MB (cached 1MB) CPU [10%@1728,1%@1728,0%@1728,0%@1728,0%@1728,3%@1728] GR3D_FREQ 31% cpu@58.343C soc2@57.687C soc0@57.937C gpu@58.937C tj@59.062C soc1@59.062C VDD_IN 7806mW/7952mW VDD_CPU_GPU_CV 2140mW/2225mW VDD_SOC 2507mW/2510mW
09-08-2026 20:23:54 RAM 3715/7620MB (lfb 96x1MB) SWAP 745/3810MB (cached 1MB) CPU [15%@1728,8%@1728,8%@1728,9%@1728,7%@1728,11%@1728] GR3D_FREQ 31% cpu@59.031C soc2@57.75C soc0@57.843C gpu@58.968C tj@59.125C soc1@59.125C VDD_IN 8574mW/7952mW VDD_CPU_GPU_CV 2705mW/2225mW VDD_SOC 2548mW/2510mW
09-08-2026 20:23:55 RAM 3716/7620MB (lfb 96x1MB) SWAP 745/3810MB (cached 1MB) CPU [26%@1728,17%@1728,18%@1728,29%@1728,15%@1728,17%@1728] GR3D_FREQ 0% cpu@58.281C soc2@57.718C soc0@57.812C gpu@58.968C tj@59.187C soc1@59.187C VDD_IN 8049mW/7953mW VDD_CPU_GPU_CV 2301mW/2225mW VDD_SOC 2507mW/2510mW
09-08-2026 20:23:56 RAM 3717/7620MB (lfb 96x1MB) SWAP 745/3810MB (cached 1MB) CPU [27%@1728,23%@1728,19%@1728,22%@1728,19%@1728,23%@1728] GR3D_FREQ 3% cpu@58.375C soc2@57.843C soc0@57.843C gpu@58.968C tj@59.062C soc1@59.062C VDD_IN 8453mW/7953mW VDD_CPU_GPU_CV 2624mW/2225mW VDD_SOC 2548mW/2510mW
09-08-2026 20:23:57 RAM 3717/7620MB (lfb 96x1MB) SWAP 745/3810MB (cached 1MB) CPU [9%@1728,3%@1728,0%@1728,0%@1728,0%@1728,0%@1728] GR3D_FREQ 0% cpu@58.218C soc2@57.656C soc0@57.875C gpu@58.843C tj@59C soc1@59C VDD_IN 7778mW/7953mW VDD_CPU_GPU_CV 2099mW/2225mW VDD_SOC 2467mW/2510mW
09-08-2026 20:23:58 RAM 3717/7620MB (lfb 96x1MB) SWAP 745/3810MB (cached 1MB) CPU [9%@1728,3%@1728,0%@1728,0%@1728,0%@1728,0%@1728] GR3D_FREQ 0% cpu@58.281C soc2@57.593C soc0@57.937C gpu@58.718C tj@59.062C soc1@59.062C VDD_IN 7697mW/7953mW VDD_CPU_GPU_CV 2059mW/2225mW VDD_SOC 2467mW/2510mW
09-08-2026 20:23:59 RAM 3723/7620MB (lfb 96x1MB) SWAP 745/3810MB (cached 1MB) CPU [10%@1728,3%@1728,4%@1728,1%@1728,0%@1728,0%@1728] GR3D_FREQ 0% cpu@58.281C soc2@57.562C soc0@57.718C gpu@58.812C tj@59C soc1@59C VDD_IN 7697mW/7952mW VDD_CPU_GPU_CV 2059mW/2225mW VDD_SOC 2467mW/2510mW
09-08-2026 20:24:00 RAM 3723/7620MB (lfb 96x1MB) SWAP 745/3810MB (cached 1MB) CPU [9%@1728,4%@1728,0%@1728,0%@1728,0%@1728,0%@1728] GR3D_FREQ 0% cpu@58.187C soc2@57.593C soc0@57.781C gpu@58.718C tj@59.062C soc1@59.062C VDD_IN 7697mW/7952mW VDD_CPU_GPU_CV 2019mW/2225mW VDD_SOC 2467mW/2510mW
09-08-2026 20:24:01 RAM 3728/7620MB (lfb 96x1MB) SWAP 745/3810MB (cached 1MB) CPU [10%@1728,3%@1728,0%@1728,1%@1728,0%@1728,0%@1728] GR3D_FREQ 0% cpu@58.218C soc2@57.562C soc0@57.812C gpu@58.781C tj@59.062C soc1@59.062C VDD_IN 7656mW/7952mW VDD_CPU_GPU_CV 2019mW/2225mW VDD_SOC 2467mW/2510mW
09-08-2026 20:24:02 RAM 3715/7620MB (lfb 96x1MB) SWAP 745/3810MB (cached 1MB) CPU [46%@1728,40%@1728,39%@1728,41%@1728,38%@1728,39%@1728] GR3D_FREQ 0% cpu@59C soc2@57.875C soc0@57.937C gpu@58.937C tj@59C soc1@59C VDD_IN 10499mW/7954mW VDD_CPU_GPU_CV 3991mW/2226mW VDD_SOC 2786mW/2510mW
09-08-2026 20:24:03 RAM 3716/7620MB (lfb 96x1MB) SWAP 745/3810MB (cached 1MB) CPU [9%@1728,0%@1728,0%@1728,0%@1728,0%@1728,4%@1728] GR3D_FREQ 0% cpu@58.375C soc2@57.687C soc0@57.875C gpu@58.843C tj@58.968C soc1@58.968C VDD_IN 7887mW/7954mW VDD_CPU_GPU_CV 2180mW/2226mW VDD_SOC 2507mW/2510mW
09-08-2026 20:24:04 RAM 3721/7620MB (lfb 96x1MB) SWAP 745/3810MB (cached 1MB) CPU [9%@1728,0%@1728,2%@1728,0%@1728,0%@1728,0%@1728] GR3D_FREQ 0% cpu@58.468C soc2@57.593C soc0@58.031C gpu@58.843C tj@59C soc1@59C VDD_IN 7656mW/7954mW VDD_CPU_GPU_CV 2019mW/2226mW VDD_SOC 2467mW/2510mW
09-08-2026 20:24:05 RAM 3721/7620MB (lfb 96x1MB) SWAP 745/3810MB (cached 1MB) CPU [10%@1728,0%@1728,0%@1728,0%@1728,0%@1728,0%@1728] GR3D_FREQ 0% cpu@58.25C soc2@57.5C soc0@57.781C gpu@58.75C tj@59.093C soc1@59.093C VDD_IN 7575mW/7953mW VDD_CPU_GPU_CV 1978mW/2226mW VDD_SOC 2467mW/2510mW
09-08-2026 20:24:06 RAM 3727/7620MB (lfb 96x1MB) SWAP 745/3810MB (cached 1MB) CPU [9%@1728,1%@1728,0%@1728,1%@1728,0%@1728,0%@1728] GR3D_FREQ 0% cpu@58.25C soc2@57.593C soc0@57.75C gpu@58.812C tj@59.062C soc1@59.062C VDD_IN 7575mW/7953mW VDD_CPU_GPU_CV 1978mW/2225mW VDD_SOC 2467mW/2510mW
09-08-2026 20:24:07 RAM 3727/7620MB (lfb 96x1MB) SWAP 745/3810MB (cached 1MB) CPU [9%@1728,0%@1728,1%@1728,0%@1728,0%@1728,0%@1728] GR3D_FREQ 0% cpu@58.125C soc2@57.562C soc0@57.75C gpu@58.812C tj@59.187C soc1@59.187C VDD_IN 7575mW/7953mW VDD_CPU_GPU_CV 1978mW/2225mW VDD_SOC 2467mW/2510mW
09-08-2026 20:24:08 RAM 3739/7620MB (lfb 96x1MB) SWAP 745/3810MB (cached 1MB) CPU [21%@1728,11%@1728,22%@1728,20%@1728,7%@1728,6%@1728] GR3D_FREQ 0% cpu@58.218C soc2@57.593C soc0@57.843C gpu@58.781C tj@58.937C soc1@58.937C VDD_IN 8210mW/7953mW VDD_CPU_GPU_CV 2423mW/2225mW VDD_SOC 2507mW/2510mW
09-08-2026 20:24:09 RAM 3731/7620MB (lfb 96x1MB) SWAP 745/3810MB (cached 1MB) CPU [0%@1728,2%@1728,2%@1728,11%@1728,0%@1728,0%@1728] GR3D_FREQ 0% cpu@58.375C soc2@57.781C soc0@57.875C gpu@58.843C tj@58.937C soc1@58.937C VDD_IN 7737mW/7953mW VDD_CPU_GPU_CV 2099mW/2225mW VDD_SOC 2507mW/2510mW
09-08-2026 20:24:10 RAM 3731/7620MB (lfb 96x1MB) SWAP 745/3810MB (cached 1MB) CPU [2%@1728,0%@1728,0%@1728,9%@1728,0%@1728,0%@1728] GR3D_FREQ 0% cpu@58.375C soc2@57.593C soc0@57.968C gpu@58.843C tj@58.937C soc1@58.937C VDD_IN 7737mW/7953mW VDD_CPU_GPU_CV 2099mW/2225mW VDD_SOC 2467mW/2510mW
09-08-2026 20:24:11 RAM 3742/7620MB (lfb 96x1MB) SWAP 745/3810MB (cached 1MB) CPU [3%@1728,1%@1728,11%@1728,10%@1728,2%@1728,0%@1728] GR3D_FREQ 0% cpu@58.312C soc2@57.687C soc0@57.718C gpu@58.875C tj@58.968C soc1@58.968C VDD_IN 7778mW/7952mW VDD_CPU_GPU_CV 2140mW/2225mW VDD_SOC 2467mW/2510mW
09-08-2026 20:24:12 RAM 3742/7620MB (lfb 96x1MB) SWAP 745/3810MB (cached 1MB) CPU [0%@1728,0%@1728,0%@1728,10%@1728,0%@1728,0%@1728] GR3D_FREQ 31% cpu@58.531C soc2@57.593C soc0@57.687C gpu@58.812C tj@59.062C soc1@59.062C VDD_IN 7697mW/7952mW VDD_CPU_GPU_CV 2059mW/2225mW VDD_SOC 2467mW/2510mW
09-08-2026 20:24:13 RAM 3742/7620MB (lfb 96x1MB) SWAP 745/3810MB (cached 1MB) CPU [0%@1728,2%@1728,0%@1728,9%@1728,0%@1728,0%@1728] GR3D_FREQ 31% cpu@58.125C soc2@57.593C soc0@57.843C gpu@58.75C tj@59.093C soc1@59.093C VDD_IN 7697mW/7952mW VDD_CPU_GPU_CV 2059mW/2225mW VDD_SOC 2467mW/2510mW
09-08-2026 20:24:14 RAM 3741/7620MB (lfb 96x1MB) SWAP 745/3810MB (cached 1MB) CPU [1%@1728,0%@1728,3%@1728,9%@1728,0%@1728,0%@1728] GR3D_FREQ 2% cpu@58.187C soc2@57.625C soc0@57.781C gpu@58.812C tj@58.906C soc1@58.906C VDD_IN 7697mW/7952mW VDD_CPU_GPU_CV 2059mW/2225mW VDD_SOC 2467mW/2510mW
09-08-2026 20:24:15 RAM 3741/7620MB (lfb 96x1MB) SWAP 745/3810MB (cached 1MB) CPU [1%@1728,0%@1728,0%@1728,10%@1728,0%@1728,0%@1728] GR3D_FREQ 20% cpu@58.375C soc2@57.468C soc0@57.781C gpu@58.843C tj@58.937C soc1@58.937C VDD_IN 7656mW/7952mW VDD_CPU_GPU_CV 2059mW/2225mW VDD_SOC 2467mW/2510mW
09-08-2026 20:24:16 RAM 3741/7620MB (lfb 96x1MB) SWAP 745/3810MB (cached 1MB) CPU [3%@1728,0%@1728,7%@1728,0%@1728,0%@1728,0%@1728] GR3D_FREQ 0% cpu@58.281C soc2@57.406C soc0@57.875C gpu@58.781C tj@58.937C soc1@58.937C VDD_IN 7656mW/7951mW VDD_CPU_GPU_CV 2019mW/2224mW VDD_SOC 2467mW/2510mW
09-08-2026 20:24:17 RAM 3741/7620MB (lfb 96x1MB) SWAP 745/3810MB (cached 1MB) CPU [9%@1728,0%@1728,0%@1728,0%@1728,0%@1728,0%@1728] GR3D_FREQ 0% cpu@58.218C soc2@57.531C soc0@57.656C gpu@58.875C tj@58.937C soc1@58.937C VDD_IN 7616mW/7951mW VDD_CPU_GPU_CV 2019mW/2224mW VDD_SOC 2467mW/2510mW
09-08-2026 20:24:18 RAM 3742/7620MB (lfb 96x1MB) SWAP 745/3810MB (cached 1MB) CPU [6%@1728,0%@1728,3%@1728,0%@1728,0%@1728,0%@1728] GR3D_FREQ 0% cpu@58.031C soc2@57.593C soc0@57.687C gpu@58.812C tj@58.968C soc1@58.968C VDD_IN 7656mW/7951mW VDD_CPU_GPU_CV 2019mW/2224mW VDD_SOC 2467mW/2510mW
09-08-2026 20:24:19 RAM 3742/7620MB (lfb 96x1MB) SWAP 745/3810MB (cached 1MB) CPU [1%@1728,1%@1728,9%@1728,0%@1728,0%@1728,0%@1728] GR3D_FREQ 0% cpu@58.093C soc2@57.437C soc0@57.625C gpu@58.812C tj@59C soc1@59C VDD_IN 7656mW/7951mW VDD_CPU_GPU_CV 2019mW/2224mW VDD_SOC 2467mW/2510mW
09-08-2026 20:24:20 RAM 3742/7620MB (lfb 96x1MB) SWAP 745/3810MB (cached 1MB) CPU [0%@1728,1%@1728,9%@1728,0%@1728,0%@1728,0%@1728] GR3D_FREQ 0% cpu@58.093C soc2@57.531C soc0@57.75C gpu@58.906C tj@58.906C soc1@58.843C VDD_IN 7616mW/7950mW VDD_CPU_GPU_CV 2019mW/2224mW VDD_SOC 2467mW/2510mW
09-08-2026 20:24:21 RAM 3741/7620MB (lfb 96x1MB) SWAP 745/3810MB (cached 1MB) CPU [2%@1728,0%@1728,9%@1728,0%@1728,0%@1728,0%@1728] GR3D_FREQ 0% cpu@58.125C soc2@57.375C soc0@57.75C gpu@58.781C tj@58.875C soc1@58.875C VDD_IN 7616mW/7950mW VDD_CPU_GPU_CV 2019mW/2224mW VDD_SOC 2467mW/2509mW
09-08-2026 20:24:22 RAM 3741/7620MB (lfb 96x1MB) SWAP 745/3810MB (cached 1MB) CPU [0%@1728,0%@1728,9%@1728,0%@1728,0%@1728,0%@1728] GR3D_FREQ 0% cpu@58.281C soc2@57.406C soc0@57.687C gpu@58.75C tj@58.906C soc1@58.906C VDD_IN 7616mW/7950mW VDD_CPU_GPU_CV 1978mW/2224mW VDD_SOC 2467mW/2509mW
09-08-2026 20:24:23 RAM 3741/7620MB (lfb 96x1MB) SWAP 745/3810MB (cached 1MB) CPU [0%@1728,0%@1728,9%@1728,1%@1728,0%@1728,0%@1728] GR3D_FREQ 0% cpu@58.218C soc2@57.437C soc0@57.843C gpu@58.781C tj@58.968C soc1@58.968C VDD_IN 7616mW/7950mW VDD_CPU_GPU_CV 1978mW/2223mW VDD_SOC 2467mW/2509mW
09-08-2026 20:24:24 RAM 3742/7620MB (lfb 96x1MB) SWAP 745/3810MB (cached 1MB) CPU [3%@1728,0%@1728,8%@1728,0%@1728,0%@1728,0%@1728] GR3D_FREQ 0% cpu@58.062C soc2@57.406C soc0@57.562C gpu@58.843C tj@58.937C soc1@58.937C VDD_IN 7616mW/7949mW VDD_CPU_GPU_CV 1978mW/2223mW VDD_SOC 2467mW/2509mW
09-08-2026 20:24:25 RAM 3742/7620MB (lfb 96x1MB) SWAP 745/3810MB (cached 1MB) CPU [10%@1728,0%@1728,0%@1728,0%@1728,0%@1728,0%@1728] GR3D_FREQ 0% cpu@58.031C soc2@57.375C soc0@57.625C gpu@58.593C tj@58.906C soc1@58.906C VDD_IN 7575mW/7949mW VDD_CPU_GPU_CV 1978mW/2223mW VDD_SOC 2467mW/2509mW
09-08-2026 20:24:26 RAM 3745/7620MB (lfb 96x1MB) SWAP 745/3810MB (cached 1MB) CPU [9%@1728,0%@1728,0%@1728,1%@1728,0%@1728,0%@1728] GR3D_FREQ 0% cpu@58.031C soc2@57.343C soc0@57.687C gpu@58.593C tj@58.812C soc1@58.812C VDD_IN 7575mW/7949mW VDD_CPU_GPU_CV 1978mW/2223mW VDD_SOC 2467mW/2509mW
09-08-2026 20:24:27 RAM 3745/7620MB (lfb 96x1MB) SWAP 745/3810MB (cached 1MB) CPU [9%@1728,0%@1728,0%@1728,0%@1728,0%@1728,0%@1728] GR3D_FREQ 0% cpu@58.093C soc2@57.312C soc0@57.687C gpu@58.625C tj@58.843C soc1@58.843C VDD_IN 7535mW/7949mW VDD_CPU_GPU_CV 1978mW/2223mW VDD_SOC 2467mW/2509mW
09-08-2026 20:24:28 RAM 3745/7620MB (lfb 96x1MB) SWAP 745/3810MB (cached 1MB) CPU [9%@1728,0%@1728,0%@1728,0%@1728,0%@1728,0%@1728] GR3D_FREQ 0% cpu@58.156C soc2@57.625C soc0@57.75C gpu@58.5C tj@58.781C soc1@58.781C VDD_IN 7616mW/7948mW VDD_CPU_GPU_CV 2019mW/2222mW VDD_SOC 2467mW/2509mW
09-08-2026 20:24:29 RAM 3745/7620MB (lfb 96x1MB) SWAP 745/3810MB (cached 1MB) CPU [10%@1728,2%@1728,1%@1728,3%@1728,0%@1728,0%@1728] GR3D_FREQ 0% cpu@58.375C soc2@57.312C soc0@57.468C gpu@58.625C tj@58.812C soc1@58.812C VDD_IN 7737mW/7948mW VDD_CPU_GPU_CV 2099mW/2222mW VDD_SOC 2467mW/2509mW
09-08-2026 20:24:30 RAM 3745/7620MB (lfb 96x1MB) SWAP 745/3810MB (cached 1MB) CPU [9%@1728,0%@1728,0%@1728,0%@1728,0%@1728,0%@1728] GR3D_FREQ 0% cpu@58.031C soc2@57.406C soc0@57.625C gpu@58.656C tj@58.843C soc1@58.843C VDD_IN 7737mW/7948mW VDD_CPU_GPU_CV 2059mW/2222mW VDD_SOC 2467mW/2509mW
09-08-2026 20:24:31 RAM 3721/7620MB (lfb 96x1MB) SWAP 745/3810MB (cached 1MB) CPU [10%@1728,4%@1728,3%@1728,4%@1728,9%@1728,6%@1728] GR3D_FREQ 35% cpu@58.25C soc2@58.062C soc0@57.625C gpu@58.687C tj@58.718C soc1@58.718C VDD_IN 8291mW/7948mW VDD_CPU_GPU_CV 2503mW/2222mW VDD_SOC 2548mW/2509mW
09-08-2026 20:24:32 RAM 3721/7620MB (lfb 96x1MB) SWAP 745/3810MB (cached 1MB) CPU [18%@1728,9%@1728,9%@1728,10%@1728,12%@1728,9%@1728] GR3D_FREQ 31% cpu@58.031C soc2@57.375C soc0@57.687C gpu@58.625C tj@58.718C soc1@58.718C VDD_IN 7887mW/7948mW VDD_CPU_GPU_CV 2180mW/2222mW VDD_SOC 2507mW/2509mW
09-08-2026 20:24:33 RAM 3721/7620MB (lfb 96x1MB) SWAP 745/3810MB (cached 1MB) CPU [10%@1728,1%@1728,1%@1728,1%@1728,2%@1728,0%@1728] GR3D_FREQ 11% cpu@58.062C soc2@57.343C soc0@57.718C gpu@58.625C tj@58.718C soc1@58.718C VDD_IN 7737mW/7948mW VDD_CPU_GPU_CV 2059mW/2222mW VDD_SOC 2467mW/2509mW
09-08-2026 20:24:34 RAM 3727/7620MB (lfb 96x1MB) SWAP 745/3810MB (cached 1MB) CPU [33%@1728,29%@1728,27%@1728,28%@1728,25%@1728,32%@1728] GR3D_FREQ 29% cpu@58.531C soc2@57.531C soc0@57.75C gpu@58.75C tj@58.875C soc1@58.875C VDD_IN 8898mW/7949mW VDD_CPU_GPU_CV 2943mW/2223mW VDD_SOC 2588mW/2509mW
09-08-2026 20:24:35 RAM 3727/7620MB (lfb 96x1MB) SWAP 745/3810MB (cached 1MB) CPU [9%@1728,0%@1728,0%@1728,0%@1728,1%@1728,3%@1728] GR3D_FREQ 0% cpu@58.125C soc2@57.343C soc0@57.5C gpu@58.718C tj@58.843C soc1@58.843C VDD_IN 7806mW/7949mW VDD_CPU_GPU_CV 2140mW/2223mW VDD_SOC 2507mW/2509mW
09-08-2026 20:24:36 RAM 3727/7620MB (lfb 96x1MB) SWAP 745/3810MB (cached 1MB) CPU [27%@1728,30%@1728,35%@1728,30%@1728,26%@1728,30%@1728] GR3D_FREQ 0% cpu@58.187C soc2@57.468C soc0@57.531C gpu@58.687C tj@58.906C soc1@58.906C VDD_IN 8170mW/7949mW VDD_CPU_GPU_CV 2423mW/2223mW VDD_SOC 2507mW/2509mW
09-08-2026 20:24:37 RAM 3727/7620MB (lfb 96x1MB) SWAP 745/3810MB (cached 1MB) CPU [0%@1728,0%@1728,9%@1728,0%@1728,3%@1728,0%@1728] GR3D_FREQ 0% cpu@58C soc2@57.406C soc0@57.656C gpu@58.718C tj@58.937C soc1@58.937C VDD_IN 7685mW/7949mW VDD_CPU_GPU_CV 2059mW/2223mW VDD_SOC 2467mW/2509mW
09-08-2026 20:24:38 RAM 3727/7620MB (lfb 96x1MB) SWAP 745/3810MB (cached 1MB) CPU [1%@1728,0%@1728,9%@1728,0%@1728,2%@1728,0%@1728] GR3D_FREQ 0% cpu@58.156C soc2@57.281C soc0@57.593C gpu@58.656C tj@58.812C soc1@58.812C VDD_IN 7656mW/7948mW VDD_CPU_GPU_CV 2019mW/2223mW VDD_SOC 2467mW/2509mW
09-08-2026 20:24:39 RAM 3728/7620MB (lfb 96x1MB) SWAP 745/3810MB (cached 1MB) CPU [3%@1728,1%@1728,11%@1728,1%@1728,3%@1728,2%@1728] GR3D_FREQ 0% cpu@57.937C soc2@57.25C soc0@57.687C gpu@58.656C tj@58.718C soc1@58.718C VDD_IN 7656mW/7948mW VDD_CPU_GPU_CV 2059mW/2222mW VDD_SOC 2467mW/2509mW
09-08-2026 20:24:40 RAM 3728/7620MB (lfb 96x1MB) SWAP 745/3810MB (cached 1MB) CPU [0%@1728,0%@1728,10%@1728,0%@1728,3%@1728,0%@1728] GR3D_FREQ 0% cpu@58.031C soc2@57.375C soc0@57.687C gpu@58.625C tj@58.812C soc1@58.812C VDD_IN 7656mW/7948mW VDD_CPU_GPU_CV 2019mW/2222mW VDD_SOC 2467mW/2509mW
09-08-2026 20:24:41 RAM 3733/7620MB (lfb 96x1MB) SWAP 745/3810MB (cached 1MB) CPU [2%@1728,2%@1728,10%@1728,5%@1728,9%@1728,0%@1728] GR3D_FREQ 0% cpu@57.968C soc2@57.281C soc0@57.562C gpu@58.75C tj@58.875C soc1@58.875C VDD_IN 7697mW/7948mW VDD_CPU_GPU_CV 2059mW/2222mW VDD_SOC 2467mW/2509mW
09-08-2026 20:24:42 RAM 3721/7620MB (lfb 96x1MB) SWAP 745/3810MB (cached 1MB) CPU [36%@1728,35%@1728,41%@1728,36%@1728,35%@1728,43%@1728] GR3D_FREQ 0% cpu@58.187C soc2@57.406C soc0@57.593C gpu@58.843C tj@58.937C soc1@58.937C VDD_IN 8696mW/7948mW VDD_CPU_GPU_CV 2746mW/2223mW VDD_SOC 2588mW/2509mW
09-08-2026 20:24:43 RAM 3721/7620MB (lfb 96x1MB) SWAP 745/3810MB (cached 1MB) CPU [15%@1728,15%@1728,22%@1728,15%@1728,16%@1728,16%@1728] GR3D_FREQ 0% cpu@58.218C soc2@57.593C soc0@57.656C gpu@58.843C tj@58.968C soc1@58.812C VDD_IN 8858mW/7949mW VDD_CPU_GPU_CV 2903mW/2223mW VDD_SOC 2588mW/2509mW
09-08-2026 20:24:44 RAM 3728/7620MB (lfb 96x1MB) SWAP 745/3810MB (cached 1MB) CPU [2%@1728,3%@1728,9%@1728,1%@1728,3%@1728,0%@1728] GR3D_FREQ 0% cpu@58.062C soc2@57.25C soc0@57.625C gpu@58.875C tj@58.75C soc1@58.75C VDD_IN 7725mW/7949mW VDD_CPU_GPU_CV 2099mW/2223mW VDD_SOC 2467mW/2509mW
09-08-2026 20:24:45 RAM 3728/7620MB (lfb 96x1MB) SWAP 745/3810MB (cached 1MB) CPU [0%@1728,0%@1728,7%@1728,2%@1728,3%@1728,0%@1728] GR3D_FREQ 0% cpu@58.093C soc2@57.312C soc0@57.562C gpu@58.5C tj@58.75C soc1@58.75C VDD_IN 7616mW/7949mW VDD_CPU_GPU_CV 2019mW/2223mW VDD_SOC 2467mW/2509mW
09-08-2026 20:24:46 RAM 3733/7620MB (lfb 96x1MB) SWAP 745/3810MB (cached 1MB) CPU [1%@1728,0%@1728,2%@1728,10%@1728,2%@1728,0%@1728] GR3D_FREQ 0% cpu@58C soc2@57.281C soc0@57.531C gpu@58.656C tj@58.875C soc1@58.875C VDD_IN 7616mW/7948mW VDD_CPU_GPU_CV 1978mW/2223mW VDD_SOC 2467mW/2509mW
09-08-2026 20:24:47 RAM 3733/7620MB (lfb 96x1MB) SWAP 745/3810MB (cached 1MB) CPU [0%@1728,1%@1728,0%@1728,9%@1728,3%@1728,0%@1728] GR3D_FREQ 2% cpu@58.125C soc2@57.687C soc0@57.593C gpu@58.531C tj@58.812C soc1@58.812C VDD_IN 7656mW/7948mW VDD_CPU_GPU_CV 2059mW/2223mW VDD_SOC 2467mW/2509mW
09-08-2026 20:24:48 RAM 3721/7620MB (lfb 96x1MB) SWAP 745/3810MB (cached 1MB) CPU [5%@1728,5%@1728,4%@1728,14%@1728,5%@1728,9%@1728] GR3D_FREQ 61% cpu@58.406C soc2@57.687C soc0@57.687C gpu@58.781C tj@58.968C soc1@58.968C VDD_IN 8494mW/7949mW VDD_CPU_GPU_CV 2624mW/2223mW VDD_SOC 2548mW/2509mW
09-08-2026 20:24:49 RAM 3727/7620MB (lfb 96x1MB) SWAP 745/3810MB (cached 1MB) CPU [25%@1728,24%@1728,24%@1728,30%@1728,22%@1728,23%@1728] GR3D_FREQ 0% cpu@58.281C soc2@57.531C soc0@57.562C gpu@58.656C tj@58.875C soc1@58.875C VDD_IN 8130mW/7949mW VDD_CPU_GPU_CV 2342mW/2223mW VDD_SOC 2548mW/2509mW
09-08-2026 20:24:50 RAM 3727/7620MB (lfb 96x1MB) SWAP 745/3810MB (cached 1MB) CPU [0%@1728,0%@1728,0%@1728,9%@1728,0%@1728,0%@1728] GR3D_FREQ 31% cpu@58.218C soc2@57.375C soc0@57.75C gpu@58.656C tj@58.781C soc1@58.781C VDD_IN 7737mW/7948mW VDD_CPU_GPU_CV 2099mW/2223mW VDD_SOC 2467mW/2509mW
09-08-2026 20:24:51 RAM 3727/7620MB (lfb 96x1MB) SWAP 745/3810MB (cached 1MB) CPU [2%@1728,0%@1728,1%@1728,10%@1728,0%@1728,0%@1728] GR3D_FREQ 30% cpu@58.125C soc2@57.343C soc0@57.812C gpu@58.593C tj@58.718C soc1@58.718C VDD_IN 7697mW/7948mW VDD_CPU_GPU_CV 2059mW/2223mW VDD_SOC 2467mW/2509mW
09-08-2026 20:24:52 RAM 3727/7620MB (lfb 96x1MB) SWAP 745/3810MB (cached 1MB) CPU [0%@1728,0%@1728,0%@1728,9%@1728,0%@1728,0%@1728] GR3D_FREQ 18% cpu@58.25C soc2@57.406C soc0@57.718C gpu@58.656C tj@58.781C soc1@58.781C VDD_IN 7697mW/7948mW VDD_CPU_GPU_CV 2059mW/2223mW VDD_SOC 2467mW/2509mW
09-08-2026 20:24:53 RAM 3727/7620MB (lfb 96x1MB) SWAP 745/3810MB (cached 1MB) CPU [0%@1728,0%@1728,0%@1728,9%@1728,0%@1728,0%@1728] GR3D_FREQ 31% cpu@58.031C soc2@57.312C soc0@57.625C gpu@58.718C tj@58.843C soc1@58.843C VDD_IN 7656mW/7948mW VDD_CPU_GPU_CV 2019mW/2222mW VDD_SOC 2467mW/2509mW
09-08-2026 20:24:54 RAM 3727/7620MB (lfb 96x1MB) SWAP 745/3810MB (cached 1MB) CPU [2%@1728,1%@1728,2%@1728,9%@1728,0%@1728,0%@1728] GR3D_FREQ 0% cpu@58.031C soc2@57.343C soc0@57.531C gpu@58.531C tj@58.937C soc1@58.937C VDD_IN 7656mW/7948mW VDD_CPU_GPU_CV 2059mW/2222mW VDD_SOC 2467mW/2509mW
09-08-2026 20:24:55 RAM 3727/7620MB (lfb 96x1MB) SWAP 745/3810MB (cached 1MB) CPU [0%@1728,0%@1728,0%@1728,9%@1728,0%@1728,0%@1728] GR3D_FREQ 0% cpu@57.937C soc2@57.312C soc0@57.593C gpu@58.718C tj@58.781C soc1@58.781C VDD_IN 7656mW/7947mW VDD_CPU_GPU_CV 2019mW/2222mW VDD_SOC 2467mW/2509mW
09-08-2026 20:24:56 RAM 3728/7620MB (lfb 96x1MB) SWAP 745/3810MB (cached 1MB) CPU [4%@1728,0%@1728,0%@1728,8%@1728,0%@1728,0%@1728] GR3D_FREQ 0% cpu@57.937C soc2@57.312C soc0@57.562C gpu@58.625C tj@58.781C soc1@58.781C VDD_IN 7656mW/7947mW VDD_CPU_GPU_CV 2019mW/2222mW VDD_SOC 2467mW/2509mW
09-08-2026 20:24:57 RAM 3730/7620MB (lfb 96x1MB) SWAP 745/3810MB (cached 1MB) CPU [1%@1728,7%@1728,1%@1728,10%@1728,0%@1728,0%@1728] GR3D_FREQ 0% cpu@58.25C soc2@57.312C soc0@57.656C gpu@58.656C tj@58.812C soc1@58.812C VDD_IN 7818mW/7947mW VDD_CPU_GPU_CV 2140mW/2222mW VDD_SOC 2467mW/2509mW
09-08-2026 20:24:58 RAM 3734/7620MB (lfb 96x1MB) SWAP 745/3810MB (cached 1MB) CPU [6%@1728,9%@1728,8%@1728,17%@1728,4%@1728,13%@1728] GR3D_FREQ 0% cpu@58.093C soc2@57.25C soc0@57.781C gpu@58.656C tj@58.718C soc1@58.718C VDD_IN 7725mW/7947mW VDD_CPU_GPU_CV 2099mW/2222mW VDD_SOC 2467mW/2509mW
09-08-2026 20:24:59 RAM 3735/7620MB (lfb 96x1MB) SWAP 745/3810MB (cached 1MB) CPU [2%@1728,0%@1728,2%@1728,9%@1728,0%@1728,0%@1728] GR3D_FREQ 0% cpu@58.25C soc2@57.312C soc0@57.562C gpu@58.656C tj@58.812C soc1@58.812C VDD_IN 7656mW/7947mW VDD_CPU_GPU_CV 2019mW/2222mW VDD_SOC 2467mW/2509mW
09-08-2026 20:25:00 RAM 3735/7620MB (lfb 96x1MB) SWAP 745/3810MB (cached 1MB) CPU [0%@1728,0%@1728,0%@1728,8%@1728,0%@1728,0%@1728] GR3D_FREQ 0% cpu@57.937C soc2@57.312C soc0@57.562C gpu@58.625C tj@58.843C soc1@58.843C VDD_IN 7575mW/7946mW VDD_CPU_GPU_CV 1978mW/2222mW VDD_SOC 2467mW/2509mW
09-08-2026 20:25:01 RAM 3734/7620MB (lfb 96x1MB) SWAP 745/3810MB (cached 1MB) CPU [10%@1728,0%@1728,0%@1728,1%@1728,0%@1728,0%@1728] GR3D_FREQ 0% cpu@57.937C soc2@57.312C soc0@57.5C gpu@58.625C tj@58.875C soc1@58.875C VDD_IN 7575mW/7946mW VDD_CPU_GPU_CV 1978mW/2221mW VDD_SOC 2467mW/2509mW
09-08-2026 20:25:02 RAM 3734/7620MB (lfb 96x1MB) SWAP 745/3810MB (cached 1MB) CPU [9%@1728,0%@1728,1%@1728,0%@1728,0%@1728,0%@1728] GR3D_FREQ 0% cpu@57.875C soc2@57.25C soc0@57.562C gpu@58.687C tj@58.687C soc1@58.656C VDD_IN 7575mW/7946mW VDD_CPU_GPU_CV 1978mW/2221mW VDD_SOC 2467mW/2509mW
09-08-2026 20:25:03 RAM 3734/7620MB (lfb 96x1MB) SWAP 745/3810MB (cached 1MB) CPU [8%@1728,0%@1728,1%@1728,0%@1728,0%@1728,0%@1728] GR3D_FREQ 0% cpu@57.968C soc2@57.218C soc0@57.656C gpu@58.656C tj@58.781C soc1@58.781C VDD_IN 7575mW/7946mW VDD_CPU_GPU_CV 1978mW/2221mW VDD_SOC 2467mW/2509mW
09-08-2026 20:25:04 RAM 3739/7620MB (lfb 96x1MB) SWAP 745/3810MB (cached 1MB) CPU [9%@1728,0%@1728,0%@1728,1%@1728,0%@1728,0%@1728] GR3D_FREQ 0% cpu@58.062C soc2@57.25C soc0@57.531C gpu@58.718C tj@58.718C soc1@58.718C VDD_IN 7575mW/7945mW VDD_CPU_GPU_CV 1978mW/2221mW VDD_SOC 2467mW/2509mW
09-08-2026 20:25:05 RAM 3739/7620MB (lfb 96x1MB) SWAP 745/3810MB (cached 1MB) CPU [10%@1728,1%@1728,1%@1728,0%@1728,0%@1728,0%@1728] GR3D_FREQ 0% cpu@57.937C soc2@57.25C soc0@57.468C gpu@58.687C tj@58.75C soc1@58.75C VDD_IN 7575mW/7945mW VDD_CPU_GPU_CV 1978mW/2221mW VDD_SOC 2467mW/2509mW
09-08-2026 20:25:06 RAM 3742/7620MB (lfb 96x1MB) SWAP 745/3810MB (cached 1MB) CPU [9%@1728,1%@1728,2%@1728,0%@1728,0%@1728,0%@1728] GR3D_FREQ 0% cpu@57.968C soc2@57.343C soc0@57.406C gpu@58.5C tj@58.937C soc1@58.937C VDD_IN 7575mW/7945mW VDD_CPU_GPU_CV 2019mW/2220mW VDD_SOC 2467mW/2509mW
09-08-2026 20:25:07 RAM 3742/7620MB (lfb 96x1MB) SWAP 745/3810MB (cached 1MB) CPU [10%@1728,0%@1728,0%@1728,0%@1728,0%@1728,0%@1728] GR3D_FREQ 0% cpu@57.937C soc2@57.406C soc0@57.468C gpu@58.5C tj@58.781C soc1@58.781C VDD_IN 7697mW/7945mW VDD_CPU_GPU_CV 2059mW/2220mW VDD_SOC 2467mW/2509mW
09-08-2026 20:25:09 RAM 3742/7620MB (lfb 96x1MB) SWAP 745/3810MB (cached 1MB) CPU [9%@1728,0%@1728,1%@1728,0%@1728,0%@1728,0%@1728] GR3D_FREQ 31% cpu@58.062C soc2@57.312C soc0@57.656C gpu@58.5C tj@58.75C soc1@58.75C VDD_IN 7697mW/7944mW VDD_CPU_GPU_CV 2059mW/2220mW VDD_SOC 2467mW/2509mW
09-08-2026 20:25:10 RAM 3742/7620MB (lfb 96x1MB) SWAP 745/3810MB (cached 1MB) CPU [11%@1728,2%@1728,1%@1728,3%@1728,0%@1728,0%@1728] GR3D_FREQ 31% cpu@58.281C soc2@57.312C soc0@57.625C gpu@58.5C tj@58.718C soc1@58.718C VDD_IN 7778mW/7944mW VDD_CPU_GPU_CV 2099mW/2220mW VDD_SOC 2467mW/2509mW
09-08-2026 20:25:11 RAM 3742/7620MB (lfb 96x1MB) SWAP 745/3810MB (cached 1MB) CPU [9%@1728,0%@1728,0%@1728,1%@1728,0%@1728,0%@1728] GR3D_FREQ 20% cpu@58.093C soc2@57.25C soc0@57.5C gpu@58.531C tj@58.781C soc1@58.75C VDD_IN 7737mW/7944mW VDD_CPU_GPU_CV 2059mW/2220mW VDD_SOC 2467mW/2508mW
09-08-2026 20:25:12 RAM 3745/7620MB (lfb 96x1MB) SWAP 745/3810MB (cached 1MB) CPU [8%@1728,0%@1728,3%@1728,13%@1728,0%@1728,1%@1728] GR3D_FREQ 28% cpu@57.968C soc2@57.25C soc0@57.562C gpu@58.562C tj@58.812C soc1@58.812C VDD_IN 7778mW/7944mW VDD_CPU_GPU_CV 2099mW/2220mW VDD_SOC 2467mW/2508mW
09-08-2026 20:25:13 RAM 3745/7620MB (lfb 96x1MB) SWAP 745/3810MB (cached 1MB) CPU [9%@1728,0%@1728,0%@1728,0%@1728,0%@1728,0%@1728] GR3D_FREQ 31% cpu@57.843C soc2@57.312C soc0@57.5C gpu@58.562C tj@58.875C soc1@58.875C VDD_IN 7697mW/7944mW VDD_CPU_GPU_CV 2059mW/2220mW VDD_SOC 2467mW/2508mW
09-08-2026 20:25:14 RAM 3733/7620MB (lfb 96x1MB) SWAP 745/3810MB (cached 1MB) CPU [9%@1728,4%@1728,2%@1728,2%@1728,0%@1728,0%@1728] GR3D_FREQ 0% cpu@58.218C soc2@57.343C soc0@57.562C gpu@58.531C tj@58.625C soc1@58.625C VDD_IN 7778mW/7944mW VDD_CPU_GPU_CV 2140mW/2220mW VDD_SOC 2467mW/2508mW
09-08-2026 20:25:15 RAM 3176/7620MB (lfb 2x4MB) SWAP 745/3810MB (cached 1MB) CPU [17%@1728,13%@1728,18%@1728,14%@1728,39%@1728,14%@1728] GR3D_FREQ 0% cpu@58.593C soc2@57.375C soc0@57.593C gpu@58.625C tj@58.75C soc1@58.75C VDD_IN 8534mW/7944mW VDD_CPU_GPU_CV 2584mW/2220mW VDD_SOC 2588mW/2508mW
09-08-2026 20:25:16 RAM 3187/7620MB (lfb 2x4MB) SWAP 745/3810MB (cached 1MB) CPU [15%@1728,9%@1728,93%@1728,8%@1728,5%@1728,1%@1728] GR3D_FREQ 0% cpu@59.093C soc2@57.468C soc0@57.687C gpu@58.781C tj@59.093C soc1@58.781C VDD_IN 8696mW/7945mW VDD_CPU_GPU_CV 2786mW/2220mW VDD_SOC 2548mW/2508mW
09-08-2026 20:25:17 RAM 3218/7620MB (lfb 2x4MB) SWAP 745/3810MB (cached 1MB) CPU [7%@1728,9%@1728,33%@1728,8%@1728,77%@1728,13%@1728] GR3D_FREQ 0% cpu@58.406C soc2@57.5C soc0@57.468C gpu@58.781C tj@58.843C soc1@58.843C VDD_IN 8696mW/7945mW VDD_CPU_GPU_CV 2826mW/2221mW VDD_SOC 2548mW/2509mW
09-08-2026 20:25:18 RAM 3564/7620MB (lfb 96x1MB) SWAP 745/3810MB (cached 1MB) CPU [2%@1728,3%@1728,46%@1728,3%@1728,32%@1728,34%@1728] GR3D_FREQ 0% cpu@58.656C soc2@57.468C soc0@57.593C gpu@58.75C tj@58.937C soc1@58.937C VDD_IN 8979mW/7946mW VDD_CPU_GPU_CV 2746mW/2221mW VDD_SOC 2669mW/2509mW
09-08-2026 20:25:19 RAM 3623/7620MB (lfb 96x1MB) SWAP 745/3810MB (cached 1MB) CPU [8%@1728,8%@1728,8%@1728,7%@1728,17%@1728,54%@1728] GR3D_FREQ 0% cpu@58.187C soc2@57.437C soc0@57.593C gpu@58.75C tj@58.968C soc1@58.968C VDD_IN 8210mW/7946mW VDD_CPU_GPU_CV 2382mW/2221mW VDD_SOC 2548mW/2509mW
09-08-2026 20:25:20 RAM 3623/7620MB (lfb 96x1MB) SWAP 745/3810MB (cached 1MB) CPU [0%@1728,0%@1728,0%@1728,0%@1728,9%@1728,0%@1728] GR3D_FREQ 0% cpu@58.031C soc2@57.5C soc0@57.718C gpu@58.75C tj@58.781C soc1@58.781C VDD_IN 7656mW/7946mW VDD_CPU_GPU_CV 2019mW/2221mW VDD_SOC 2467mW/2509mW
09-08-2026 20:25:21 RAM 3623/7620MB (lfb 96x1MB) SWAP 745/3810MB (cached 1MB) CPU [0%@1728,0%@1728,0%@1728,0%@1728,11%@1728,0%@1728] GR3D_FREQ 0% cpu@58.218C soc2@57.281C soc0@57.75C gpu@58.718C tj@58.875C soc1@58.875C VDD_IN 7616mW/7946mW VDD_CPU_GPU_CV 1978mW/2221mW VDD_SOC 2467mW/2509mW
09-08-2026 20:25:22 RAM 3623/7620MB (lfb 96x1MB) SWAP 745/3810MB (cached 1MB) CPU [0%@1728,1%@1728,1%@1728,0%@1728,9%@1728,0%@1728] GR3D_FREQ 0% cpu@58.125C soc2@57.437C soc0@57.687C gpu@58.625C tj@58.843C soc1@58.843C VDD_IN 7575mW/7946mW VDD_CPU_GPU_CV 1978mW/2221mW VDD_SOC 2467mW/2509mW
09-08-2026 20:25:23 RAM 3623/7620MB (lfb 96x1MB) SWAP 745/3810MB (cached 1MB) CPU [0%@1728,0%@1728,0%@1728,0%@1728,10%@1728,0%@1728] GR3D_FREQ 0% cpu@58.125C soc2@57.312C soc0@57.625C gpu@58.687C tj@58.937C soc1@58.937C VDD_IN 7575mW/7945mW VDD_CPU_GPU_CV 1978mW/2221mW VDD_SOC 2467mW/2509mW
09-08-2026 20:25:24 RAM 3638/7620MB (lfb 96x1MB) SWAP 745/3810MB (cached 1MB) CPU [11%@1728,23%@1728,14%@1728,9%@1728,14%@1728,11%@1728] GR3D_FREQ 0% cpu@58.125C soc2@57.406C soc0@57.656C gpu@58.781C tj@58.937C soc1@58.937C VDD_IN 8089mW/7945mW VDD_CPU_GPU_CV 2301mW/2221mW VDD_SOC 2548mW/2509mW
09-08-2026 20:25:25 RAM 3638/7620MB (lfb 96x1MB) SWAP 745/3810MB (cached 1MB) CPU [0%@1728,1%@1728,0%@1728,0%@1728,0%@1728,9%@1728] GR3D_FREQ 0% cpu@58.031C soc2@57.406C soc0@57.687C gpu@58.843C tj@58.937C soc1@58.937C VDD_IN 7616mW/7945mW VDD_CPU_GPU_CV 1978mW/2221mW VDD_SOC 2467mW/2509mW
09-08-2026 20:25:26 RAM 3638/7620MB (lfb 96x1MB) SWAP 745/3810MB (cached 1MB) CPU [0%@1728,0%@1728,0%@1728,0%@1728,0%@1728,10%@1728] GR3D_FREQ 0% cpu@57.968C soc2@57.562C soc0@57.718C gpu@58.812C tj@58.812C soc1@58.812C VDD_IN 7575mW/7945mW VDD_CPU_GPU_CV 1978mW/2220mW VDD_SOC 2467mW/2509mW
09-08-2026 20:25:27 RAM 3637/7620MB (lfb 96x1MB) SWAP 745/3810MB (cached 1MB) CPU [0%@1728,0%@1728,1%@1728,0%@1728,0%@1728,10%@1728] GR3D_FREQ 0% cpu@58.062C soc2@57.343C soc0@57.718C gpu@58.875C tj@58.875C soc1@58.843C VDD_IN 7697mW/7945mW VDD_CPU_GPU_CV 2059mW/2220mW VDD_SOC 2467mW/2508mW
09-08-2026 20:25:28 RAM 3637/7620MB (lfb 96x1MB) SWAP 745/3810MB (cached 1MB) CPU [0%@1728,0%@1728,0%@1728,0%@1728,0%@1728,10%@1728] GR3D_FREQ 0% cpu@58.218C soc2@57.375C soc0@57.75C gpu@58.875C tj@58.875C soc1@58.781C VDD_IN 7697mW/7944mW VDD_CPU_GPU_CV 2059mW/2220mW VDD_SOC 2467mW/2508mW
09-08-2026 20:25:29 RAM 3641/7620MB (lfb 96x1MB) SWAP 745/3810MB (cached 1MB) CPU [0%@1728,2%@1728,1%@1728,0%@1728,1%@1728,13%@1728] GR3D_FREQ 31% cpu@58.468C soc2@57.406C soc0@57.562C gpu@58.906C tj@58.906C soc1@58.875C VDD_IN 7846mW/7944mW VDD_CPU_GPU_CV 2180mW/2220mW VDD_SOC 2507mW/2508mW
09-08-2026 20:25:30 RAM 3641/7620MB (lfb 96x1MB) SWAP 745/3810MB (cached 1MB) CPU [0%@1728,0%@1728,0%@1728,0%@1728,9%@1728,8%@1728] GR3D_FREQ 17% cpu@58.375C soc2@57.5C soc0@57.687C gpu@58.937C tj@58.937C soc1@58.937C VDD_IN 7737mW/7944mW VDD_CPU_GPU_CV 2099mW/2220mW VDD_SOC 2467mW/2508mW
09-08-2026 20:25:31 RAM 3690/7620MB (lfb 96x1MB) SWAP 745/3810MB (cached 1MB) CPU [21%@1728,20%@1728,26%@1728,20%@1728,20%@1728,23%@1728] GR3D_FREQ 29% cpu@58.062C soc2@57.562C soc0@57.75C gpu@58.937C tj@58.875C soc1@58.875C VDD_IN 8130mW/7944mW VDD_CPU_GPU_CV 2382mW/2220mW VDD_SOC 2507mW/2508mW
09-08-2026 20:25:32 RAM 3695/7620MB (lfb 96x1MB) SWAP 745/3810MB (cached 1MB) CPU [0%@1728,1%@1728,1%@1728,0%@1728,8%@1728,4%@1728] GR3D_FREQ 31% cpu@58.125C soc2@57.5C soc0@57.75C gpu@58.687C tj@58.843C soc1@58.843C VDD_IN 7778mW/7944mW VDD_CPU_GPU_CV 2099mW/2220mW VDD_SOC 2467mW/2508mW
09-08-2026 20:25:33 RAM 3714/7620MB (lfb 96x1MB) SWAP 745/3810MB (cached 1MB) CPU [25%@1728,22%@1728,21%@1728,23%@1728,21%@1728,30%@1728] GR3D_FREQ 0% cpu@58.468C soc2@57.656C soc0@57.812C gpu@58.812C tj@58.906C soc1@58.906C VDD_IN 9181mW/7945mW VDD_CPU_GPU_CV 3144mW/2221mW VDD_SOC 2624mW/2508mW
09-08-2026 20:25:34 RAM 3720/7620MB (lfb 96x1MB) SWAP 745/3810MB (cached 1MB) CPU [0%@1728,1%@1728,2%@1728,0%@1728,3%@1728,9%@1728] GR3D_FREQ 0% cpu@58.25C soc2@57.468C soc0@57.843C gpu@58.812C tj@58.906C soc1@58.906C VDD_IN 7806mW/7945mW VDD_CPU_GPU_CV 2180mW/2221mW VDD_SOC 2507mW/2508mW
09-08-2026 20:25:35 RAM 3720/7620MB (lfb 96x1MB) SWAP 745/3810MB (cached 1MB) CPU [0%@1728,0%@1728,0%@1728,0%@1728,3%@1728,9%@1728] GR3D_FREQ 0% cpu@58.281C soc2@57.562C soc0@57.718C gpu@58.812C tj@58.968C soc1@58.968C VDD_IN 7697mW/7945mW VDD_CPU_GPU_CV 2059mW/2221mW VDD_SOC 2467mW/2508mW
09-08-2026 20:25:36 RAM 3720/7620MB (lfb 96x1MB) SWAP 745/3810MB (cached 1MB) CPU [0%@1728,0%@1728,0%@1728,1%@1728,5%@1728,9%@1728] GR3D_FREQ 0% cpu@58.062C soc2@57.531C soc0@57.75C gpu@58.75C tj@59.031C soc1@59.031C VDD_IN 7697mW/7945mW VDD_CPU_GPU_CV 2059mW/2221mW VDD_SOC 2467mW/2508mW
09-08-2026 20:25:37 RAM 3720/7620MB (lfb 96x1MB) SWAP 745/3810MB (cached 1MB) CPU [0%@1728,0%@1728,1%@1728,0%@1728,9%@1728,3%@1728] GR3D_FREQ 0% cpu@58.125C soc2@57.437C soc0@57.75C gpu@58.812C tj@59.187C soc1@59.187C VDD_IN 7697mW/7945mW VDD_CPU_GPU_CV 2059mW/2220mW VDD_SOC 2467mW/2508mW
09-08-2026 20:25:38 RAM 3719/7620MB (lfb 96x1MB) SWAP 745/3810MB (cached 1MB) CPU [28%@1728,28%@1728,29%@1728,28%@1728,38%@1728,32%@1728] GR3D_FREQ 0% cpu@58.312C soc2@57.593C soc0@57.812C gpu@58.937C tj@58.968C soc1@58.968C VDD_IN 8615mW/7945mW VDD_CPU_GPU_CV 2705mW/2221mW VDD_SOC 2588mW/2508mW
09-08-2026 20:25:39 RAM 3725/7620MB (lfb 96x1MB) SWAP 745/3810MB (cached 1MB) CPU [2%@1728,0%@1728,0%@1728,0%@1728,5%@1728,9%@1728] GR3D_FREQ 0% cpu@58.218C soc2@57.531C soc0@57.875C gpu@58.781C tj@58.968C soc1@59.031C VDD_IN 7725mW/7945mW VDD_CPU_GPU_CV 2099mW/2221mW VDD_SOC 2467mW/2508mW
09-08-2026 20:25:40 RAM 3726/7620MB (lfb 96x1MB) SWAP 745/3810MB (cached 1MB) CPU [2%@1728,0%@1728,1%@1728,0%@1728,2%@1728,9%@1728] GR3D_FREQ 0% cpu@58.406C soc2@57.531C soc0@57.906C gpu@58.843C tj@58.968C soc1@58.968C VDD_IN 7656mW/7945mW VDD_CPU_GPU_CV 2019mW/2221mW VDD_SOC 2467mW/2508mW
09-08-2026 20:25:41 RAM 3726/7620MB (lfb 96x1MB) SWAP 745/3810MB (cached 1MB) CPU [0%@1728,0%@1728,0%@1728,0%@1728,3%@1728,9%@1728] GR3D_FREQ 0% cpu@58.218C soc2@57.562C soc0@57.781C gpu@58.843C tj@59.093C soc1@59.093C VDD_IN 7616mW/7944mW VDD_CPU_GPU_CV 2019mW/2220mW VDD_SOC 2467mW/2508mW
09-08-2026 20:25:42 RAM 3732/7620MB (lfb 96x1MB) SWAP 744/3810MB (cached 1MB) CPU [4%@1728,2%@1728,9%@1728,2%@1728,8%@1728,6%@1728] GR3D_FREQ 0% cpu@58.218C soc2@57.593C soc0@57.687C gpu@58.937C tj@59.062C soc1@59.062C VDD_IN 7697mW/7944mW VDD_CPU_GPU_CV 2059mW/2220mW VDD_SOC 2467mW/2508mW
09-08-2026 20:25:43 RAM 3732/7620MB (lfb 96x1MB) SWAP 744/3810MB (cached 1MB) CPU [0%@1728,0%@1728,0%@1728,1%@1728,9%@1728,4%@1728] GR3D_FREQ 0% cpu@58.093C soc2@57.593C soc0@57.75C gpu@58.875C tj@59.093C soc1@59.093C VDD_IN 7616mW/7944mW VDD_CPU_GPU_CV 2019mW/2220mW VDD_SOC 2467mW/2508mW
09-08-2026 20:25:44 RAM 3731/7620MB (lfb 96x1MB) SWAP 744/3810MB (cached 1MB) CPU [0%@1728,0%@1728,3%@1728,0%@1728,9%@1728,3%@1728] GR3D_FREQ 0% cpu@58.187C soc2@57.375C soc0@57.75C gpu@58.843C tj@58.937C soc1@58.937C VDD_IN 7616mW/7944mW VDD_CPU_GPU_CV 2019mW/2220mW VDD_SOC 2467mW/2508mW
09-08-2026 20:25:45 RAM 3731/7620MB (lfb 96x1MB) SWAP 744/3810MB (cached 1MB) CPU [1%@1728,1%@1728,0%@1728,1%@1728,11%@1728,3%@1728] GR3D_FREQ 0% cpu@58.187C soc2@57.625C soc0@57.812C gpu@58.812C tj@58.968C soc1@58.968C VDD_IN 7616mW/7944mW VDD_CPU_GPU_CV 2019mW/2220mW VDD_SOC 2467mW/2508mW
09-08-2026 20:25:46 RAM 3732/7620MB (lfb 96x1MB) SWAP 744/3810MB (cached 1MB) CPU [0%@1728,0%@1728,0%@1728,1%@1728,9%@1728,3%@1728] GR3D_FREQ 0% cpu@58.25C soc2@57.593C soc0@57.75C gpu@58.937C tj@58.937C soc1@58.937C VDD_IN 7737mW/7943mW VDD_CPU_GPU_CV 2099mW/2220mW VDD_SOC 2507mW/2508mW
09-08-2026 20:25:47 RAM 3731/7620MB (lfb 96x1MB) SWAP 744/3810MB (cached 1MB) CPU [0%@1728,0%@1728,1%@1728,1%@1728,9%@1728,2%@1728] GR3D_FREQ 31% cpu@58.343C soc2@57.625C soc0@57.812C gpu@58.968C tj@59C soc1@59C VDD_IN 7737mW/7943mW VDD_CPU_GPU_CV 2099mW/2220mW VDD_SOC 2467mW/2508mW
09-08-2026 20:25:48 RAM 3721/7620MB (lfb 96x1MB) SWAP 744/3810MB (cached 1MB) CPU [56%@1728,51%@1728,50%@1728,52%@1728,51%@1728,50%@1728] GR3D_FREQ 26% cpu@58.843C soc2@58.031C soc0@57.75C gpu@59.25C tj@59.25C soc1@59.25C VDD_IN 10580mW/7945mW VDD_CPU_GPU_CV 3985mW/2221mW VDD_SOC 2826mW/2508mW
09-08-2026 20:25:49 RAM 3726/7620MB (lfb 96x1MB) SWAP 744/3810MB (cached 1MB) CPU [13%@1728,1%@1728,2%@1728,0%@1728,0%@1728,0%@1728] GR3D_FREQ 9% cpu@58.25C soc2@57.781C soc0@57.875C gpu@59.062C tj@59.062C soc1@58.968C VDD_IN 7968mW/7945mW VDD_CPU_GPU_CV 2261mW/2221mW VDD_SOC 2507mW/2508mW
09-08-2026 20:25:50 RAM 3719/7620MB (lfb 96x1MB) SWAP 744/3810MB (cached 1MB) CPU [21%@1728,15%@1728,16%@1728,15%@1728,17%@1728,15%@1728] GR3D_FREQ 31% cpu@58.406C soc2@57.75C soc0@58C gpu@59.125C tj@59.125C soc1@59.031C VDD_IN 7968mW/7945mW VDD_CPU_GPU_CV 2261mW/2221mW VDD_SOC 2507mW/2508mW
09-08-2026 20:25:51 RAM 3732/7620MB (lfb 96x1MB) SWAP 744/3810MB (cached 1MB) CPU [10%@1728,0%@1728,1%@1728,4%@1728,0%@1728,0%@1728] GR3D_FREQ 31% cpu@58.625C soc2@57.687C soc0@57.968C gpu@59.156C tj@59.156C soc1@59C VDD_IN 7778mW/7945mW VDD_CPU_GPU_CV 2099mW/2221mW VDD_SOC 2507mW/2508mW
09-08-2026 20:25:52 RAM 3725/7620MB (lfb 96x1MB) SWAP 744/3810MB (cached 1MB) CPU [10%@1728,0%@1728,0%@1728,4%@1728,0%@1728,0%@1728] GR3D_FREQ 0% cpu@58.437C soc2@57.718C soc0@57.781C gpu@59.093C tj@59.062C soc1@59.062C VDD_IN 7697mW/7945mW VDD_CPU_GPU_CV 2059mW/2221mW VDD_SOC 2467mW/2508mW
09-08-2026 20:25:53 RAM 3750/7620MB (lfb 96x1MB) SWAP 744/3810MB (cached 1MB) CPU [9%@1728,2%@1728,1%@1728,0%@1728,4%@1728,0%@1728] GR3D_FREQ 0% cpu@58.781C soc2@57.625C soc0@57.75C gpu@58.875C tj@59.156C soc1@59.156C VDD_IN 7818mW/7945mW VDD_CPU_GPU_CV 2140mW/2221mW VDD_SOC 2507mW/2508mW
09-08-2026 20:25:54 RAM 3724/7620MB (lfb 96x1MB) SWAP 744/3810MB (cached 1MB) CPU [28%@1728,21%@1728,21%@1728,22%@1728,22%@1728,20%@1728] GR3D_FREQ 0% cpu@58.25C soc2@57.718C soc0@57.843C gpu@58.906C tj@59.156C soc1@59.156C VDD_IN 8008mW/7945mW VDD_CPU_GPU_CV 2301mW/2221mW VDD_SOC 2507mW/2508mW
09-08-2026 20:25:55 RAM 3725/7620MB (lfb 96x1MB) SWAP 744/3810MB (cached 1MB) CPU [10%@1728,1%@1728,0%@1728,0%@1728,2%@1728,0%@1728] GR3D_FREQ 0% cpu@58.218C soc2@57.687C soc0@57.906C gpu@58.812C tj@59.031C soc1@59.031C VDD_IN 7697mW/7945mW VDD_CPU_GPU_CV 2059mW/2221mW VDD_SOC 2467mW/2508mW
09-08-2026 20:25:56 RAM 3738/7620MB (lfb 96x1MB) SWAP 744/3810MB (cached 1MB) CPU [4%@1728,1%@1728,8%@1728,1%@1728,3%@1728,0%@1728] GR3D_FREQ 0% cpu@58.468C soc2@57.687C soc0@57.968C gpu@58.843C tj@59C soc1@59C VDD_IN 7697mW/7944mW VDD_CPU_GPU_CV 2059mW/2221mW VDD_SOC 2467mW/2508mW
09-08-2026 20:25:57 RAM 3736/7620MB (lfb 96x1MB) SWAP 744/3810MB (cached 1MB) CPU [7%@1728,3%@1728,5%@1728,1%@1728,3%@1728,0%@1728] GR3D_FREQ 0% cpu@58.312C soc2@57.625C soc0@57.937C gpu@58.937C tj@59C soc1@59.093C VDD_IN 7697mW/7944mW VDD_CPU_GPU_CV 2059mW/2220mW VDD_SOC 2467mW/2508mW
09-08-2026 20:25:58 RAM 3736/7620MB (lfb 96x1MB) SWAP 744/3810MB (cached 1MB) CPU [7%@1728,0%@1728,0%@1728,3%@1728,1%@1728,2%@1728] GR3D_FREQ 0% cpu@58.437C soc2@57.625C soc0@57.937C gpu@58.875C tj@59.062C soc1@59.062C VDD_IN 7656mW/7944mW VDD_CPU_GPU_CV 2059mW/2220mW VDD_SOC 2467mW/2508mW
09-08-2026 20:25:59 RAM 3742/7620MB (lfb 96x1MB) SWAP 744/3810MB (cached 1MB) CPU [8%@1728,4%@1728,2%@1728,3%@1728,0%@1728,0%@1728] GR3D_FREQ 0% cpu@58.218C soc2@57.687C soc0@57.75C gpu@58.937C tj@59.125C soc1@59.125C VDD_IN 7697mW/7944mW VDD_CPU_GPU_CV 2059mW/2220mW VDD_SOC 2467mW/2508mW
09-08-2026 20:26:00 RAM 3742/7620MB (lfb 96x1MB) SWAP 744/3810MB (cached 1MB) CPU [3%@1728,9%@1728,0%@1728,1%@1728,0%@1728,0%@1728] GR3D_FREQ 0% cpu@58.25C soc2@57.718C soc0@57.906C gpu@58.968C tj@59.187C soc1@59.187C VDD_IN 7656mW/7944mW VDD_CPU_GPU_CV 2019mW/2220mW VDD_SOC 2467mW/2508mW
09-08-2026 20:26:01 RAM 3749/7620MB (lfb 96x1MB) SWAP 744/3810MB (cached 1MB) CPU [3%@1728,9%@1728,1%@1728,1%@1728,0%@1728,0%@1728] GR3D_FREQ 0% cpu@58.375C soc2@57.718C soc0@57.937C gpu@59C tj@59.125C soc1@59.125C VDD_IN 7656mW/7943mW VDD_CPU_GPU_CV 2019mW/2220mW VDD_SOC 2467mW/2508mW
09-08-2026 20:26:02 RAM 3742/7620MB (lfb 96x1MB) SWAP 744/3810MB (cached 1MB) CPU [2%@1728,11%@1728,0%@1728,1%@1728,0%@1728,0%@1728] GR3D_FREQ 0% cpu@58.312C soc2@57.687C soc0@57.968C gpu@58.968C tj@58.968C soc1@58.968C VDD_IN 7616mW/7943mW VDD_CPU_GPU_CV 2019mW/2220mW VDD_SOC 2467mW/2508mW
09-08-2026 20:26:03 RAM 3742/7620MB (lfb 96x1MB) SWAP 744/3810MB (cached 1MB) CPU [0%@1728,9%@1728,0%@1728,4%@1728,0%@1728,0%@1728] GR3D_FREQ 0% cpu@58.468C soc2@57.625C soc0@58C gpu@58.968C tj@59.093C soc1@59.093C VDD_IN 7616mW/7943mW VDD_CPU_GPU_CV 2019mW/2220mW VDD_SOC 2467mW/2508mW
09-08-2026 20:26:04 RAM 3741/7620MB (lfb 96x1MB) SWAP 744/3810MB (cached 1MB) CPU [2%@1728,5%@1728,0%@1728,6%@1728,1%@1728,0%@1728] GR3D_FREQ 0% cpu@58.343C soc2@57.593C soc0@58.093C gpu@59C tj@59.093C soc1@59.093C VDD_IN 7616mW/7943mW VDD_CPU_GPU_CV 2019mW/2219mW VDD_SOC 2467mW/2508mW
09-08-2026 20:26:05 RAM 3741/7620MB (lfb 96x1MB) SWAP 744/3810MB (cached 1MB) CPU [1%@1728,3%@1728,4%@1728,6%@1728,2%@1728,1%@1728] GR3D_FREQ 0% cpu@58.656C soc2@58C soc0@57.937C gpu@59.062C tj@59.156C soc1@59.156C VDD_IN 7697mW/7943mW VDD_CPU_GPU_CV 2059mW/2219mW VDD_SOC 2467mW/2508mW
09-08-2026 20:26:06 RAM 3749/7620MB (lfb 96x1MB) SWAP 744/3810MB (cached 1MB) CPU [1%@1728,9%@1728,0%@1728,0%@1728,0%@1728,2%@1728] GR3D_FREQ 31% cpu@58.406C soc2@57.75C soc0@57.906C gpu@59.125C tj@59.281C soc1@59.281C VDD_IN 7778mW/7942mW VDD_CPU_GPU_CV 2099mW/2219mW VDD_SOC 2467mW/2508mW
09-08-2026 20:26:07 RAM 3734/7620MB (lfb 96x1MB) SWAP 744/3810MB (cached 1MB) CPU [0%@1728,9%@1728,1%@1728,0%@1728,0%@1728,2%@1728] GR3D_FREQ 18% cpu@58.343C soc2@57.875C soc0@57.843C gpu@59.031C tj@59.031C soc1@58.968C VDD_IN 7778mW/7942mW VDD_CPU_GPU_CV 2099mW/2219mW VDD_SOC 2507mW/2508mW
09-08-2026 20:26:08 RAM 3734/7620MB (lfb 96x1MB) SWAP 744/3810MB (cached 1MB) CPU [1%@1728,9%@1728,1%@1728,0%@1728,0%@1728,2%@1728] GR3D_FREQ 29% cpu@58.375C soc2@57.75C soc0@57.906C gpu@59.125C tj@59.125C soc1@59.125C VDD_IN 7737mW/7942mW VDD_CPU_GPU_CV 2059mW/2219mW VDD_SOC 2467mW/2508mW
09-08-2026 20:26:09 RAM 3740/7620MB (lfb 96x1MB) SWAP 744/3810MB (cached 1MB) CPU [4%@1728,11%@1728,1%@1728,0%@1728,2%@1728,0%@1728] GR3D_FREQ 31% cpu@58.375C soc2@57.75C soc0@58.031C gpu@59.093C tj@59.125C soc1@59.125C VDD_IN 7818mW/7942mW VDD_CPU_GPU_CV 2140mW/2219mW VDD_SOC 2507mW/2508mW
09-08-2026 20:26:10 RAM 3740/7620MB (lfb 96x1MB) SWAP 744/3810MB (cached 1MB) CPU [1%@1728,9%@1728,1%@1728,0%@1728,3%@1728,0%@1728] GR3D_FREQ 31% cpu@58.5C soc2@57.718C soc0@57.906C gpu@59.062C tj@59.125C soc1@59.125C VDD_IN 7737mW/7942mW VDD_CPU_GPU_CV 2059mW/2219mW VDD_SOC 2467mW/2508mW
09-08-2026 20:26:11 RAM 3749/7620MB (lfb 96x1MB) SWAP 744/3810MB (cached 1MB) CPU [1%@1728,10%@1728,1%@1728,0%@1728,1%@1728,1%@1728] GR3D_FREQ 0% cpu@58.5C soc2@57.718C soc0@57.875C gpu@59.156C tj@59.281C soc1@59.281C VDD_IN 7778mW/7942mW VDD_CPU_GPU_CV 2099mW/2219mW VDD_SOC 2467mW/2508mW
09-08-2026 20:26:12 RAM 3745/7620MB (lfb 96x1MB) SWAP 744/3810MB (cached 1MB) CPU [6%@1728,10%@1728,3%@1728,12%@1728,0%@1728,1%@1728] GR3D_FREQ 1% cpu@58.312C soc2@57.812C soc0@57.937C gpu@59.187C tj@59.218C soc1@59.218C VDD_IN 7778mW/7942mW VDD_CPU_GPU_CV 2140mW/2219mW VDD_SOC 2507mW/2508mW
09-08-2026 20:26:13 RAM 3745/7620MB (lfb 96x1MB) SWAP 744/3810MB (cached 1MB) CPU [4%@1728,10%@1728,1%@1728,0%@1728,0%@1728,0%@1728] GR3D_FREQ 0% cpu@58.312C soc2@57.781C soc0@58.031C gpu@59.281C tj@59.281C soc1@59.156C VDD_IN 7697mW/7942mW VDD_CPU_GPU_CV 2059mW/2219mW VDD_SOC 2467mW/2508mW
09-08-2026 20:26:14 RAM 3745/7620MB (lfb 96x1MB) SWAP 744/3810MB (cached 1MB) CPU [4%@1728,9%@1728,4%@1728,1%@1728,0%@1728,0%@1728] GR3D_FREQ 0% cpu@58.468C soc2@57.718C soc0@58C gpu@59.281C tj@59.281C soc1@59.093C VDD_IN 7697mW/7941mW VDD_CPU_GPU_CV 2059mW/2219mW VDD_SOC 2467mW/2508mW
09-08-2026 20:26:15 RAM 3745/7620MB (lfb 96x1MB) SWAP 744/3810MB (cached 1MB) CPU [2%@1728,8%@1728,4%@1728,0%@1728,0%@1728,0%@1728] GR3D_FREQ 0% cpu@58.562C soc2@57.718C soc0@58.062C gpu@58.937C tj@59.156C soc1@59.125C VDD_IN 7697mW/7941mW VDD_CPU_GPU_CV 2059mW/2218mW VDD_SOC 2467mW/2508mW
09-08-2026 20:26:16 RAM 3744/7620MB (lfb 96x1MB) SWAP 744/3810MB (cached 1MB) CPU [4%@1728,9%@1728,0%@1728,0%@1728,0%@1728,0%@1728] GR3D_FREQ 0% cpu@58.531C soc2@57.718C soc0@57.843C gpu@58.968C tj@59.218C soc1@59.218C VDD_IN 7697mW/7941mW VDD_CPU_GPU_CV 2059mW/2218mW VDD_SOC 2467mW/2508mW
09-08-2026 20:26:17 RAM 3719/7620MB (lfb 96x1MB) SWAP 744/3810MB (cached 1MB) CPU [33%@1728,38%@1728,30%@1728,32%@1728,30%@1728,36%@1728] GR3D_FREQ 0% cpu@60.25C soc2@58.218C soc0@58C gpu@59.125C tj@60.25C soc1@59.218C VDD_IN 10499mW/7943mW VDD_CPU_GPU_CV 3985mW/2220mW VDD_SOC 2826mW/2508mW
09-08-2026 20:26:18 RAM 3721/7620MB (lfb 96x1MB) SWAP 744/3810MB (cached 1MB) CPU [59%@1728,61%@1728,57%@1728,58%@1728,56%@1728,57%@1728] GR3D_FREQ 0% cpu@58.687C soc2@58.062C soc0@58.093C gpu@59.281C tj@59.343C soc1@59.343C VDD_IN 9343mW/7944mW VDD_CPU_GPU_CV 3104mW/2220mW VDD_SOC 2705mW/2508mW
09-08-2026 20:26:19 RAM 3727/7620MB (lfb 96x1MB) SWAP 744/3810MB (cached 1MB) CPU [3%@1728,9%@1728,2%@1728,0%@1728,0%@1728,0%@1728] GR3D_FREQ 0% cpu@58.5C soc2@57.843C soc0@58.125C gpu@59.156C tj@59.218C soc1@59.218C VDD_IN 7806mW/7944mW VDD_CPU_GPU_CV 2140mW/2220mW VDD_SOC 2507mW/2508mW
09-08-2026 20:26:20 RAM 3727/7620MB (lfb 96x1MB) SWAP 744/3810MB (cached 1MB) CPU [3%@1728,9%@1728,0%@1728,1%@1728,0%@1728,0%@1728] GR3D_FREQ 0% cpu@58.562C soc2@57.843C soc0@58.187C gpu@59.062C tj@59.25C soc1@59.25C VDD_IN 7656mW/7944mW VDD_CPU_GPU_CV 2019mW/2220mW VDD_SOC 2467mW/2508mW
09-08-2026 20:26:21 RAM 3732/7620MB (lfb 96x1MB) SWAP 744/3810MB (cached 1MB) CPU [3%@1728,9%@1728,0%@1728,1%@1728,0%@1728,1%@1728] GR3D_FREQ 0% cpu@58.593C soc2@57.781C soc0@57.937C gpu@59.031C tj@59.25C soc1@59.25C VDD_IN 7656mW/7943mW VDD_CPU_GPU_CV 2019mW/2220mW VDD_SOC 2467mW/2508mW
09-08-2026 20:26:22 RAM 3733/7620MB (lfb 96x1MB) SWAP 744/3810MB (cached 1MB) CPU [0%@1728,9%@1728,0%@1728,0%@1728,3%@1728,0%@1728] GR3D_FREQ 0% cpu@58.562C soc2@57.75C soc0@57.937C gpu@59.093C tj@59.218C soc1@59.218C VDD_IN 7616mW/7943mW VDD_CPU_GPU_CV 2019mW/2220mW VDD_SOC 2467mW/2508mW
09-08-2026 20:26:23 RAM 3733/7620MB (lfb 96x1MB) SWAP 744/3810MB (cached 1MB) CPU [0%@1728,2%@1728,0%@1728,0%@1728,8%@1728,2%@1728] GR3D_FREQ 0% cpu@58.468C soc2@57.875C soc0@58C gpu@59.062C tj@59.406C soc1@59.406C VDD_IN 7616mW/7943mW VDD_CPU_GPU_CV 1978mW/2220mW VDD_SOC 2467mW/2508mW
09-08-2026 20:26:24 RAM 3738/7620MB (lfb 96x1MB) SWAP 744/3810MB (cached 1MB) CPU [0%@1728,2%@1728,1%@1728,0%@1728,9%@1728,2%@1728] GR3D_FREQ 0% cpu@58.375C soc2@58.062C soc0@57.968C gpu@59.125C tj@59.187C soc1@59.187C VDD_IN 7697mW/7943mW VDD_CPU_GPU_CV 2059mW/2219mW VDD_SOC 2467mW/2508mW
09-08-2026 20:26:25 RAM 3738/7620MB (lfb 96x1MB) SWAP 744/3810MB (cached 1MB) CPU [0%@1728,0%@1728,0%@1728,0%@1728,10%@1728,4%@1728] GR3D_FREQ 27% cpu@58.437C soc2@57.875C soc0@58.125C gpu@59.125C tj@59.218C soc1@59.218C VDD_IN 7778mW/7943mW VDD_CPU_GPU_CV 2099mW/2219mW VDD_SOC 2467mW/2508mW
09-08-2026 20:26:26 RAM 3738/7620MB (lfb 96x1MB) SWAP 744/3810MB (cached 1MB) CPU [0%@1728,1%@1728,1%@1728,0%@1728,10%@1728,2%@1728] GR3D_FREQ 9% cpu@58.656C soc2@57.781C soc0@58.062C gpu@59.125C tj@59.218C soc1@59.218C VDD_IN 7778mW/7942mW VDD_CPU_GPU_CV 2099mW/2219mW VDD_SOC 2467mW/2508mW
09-08-2026 20:26:27 RAM 3737/7620MB (lfb 96x1MB) SWAP 744/3810MB (cached 1MB) CPU [0%@1728,0%@1728,0%@1728,1%@1728,9%@1728,3%@1728] GR3D_FREQ 31% cpu@58.531C soc2@57.781C soc0@58.125C gpu@59.218C tj@59.25C soc1@59.25C VDD_IN 7737mW/7942mW VDD_CPU_GPU_CV 2099mW/2219mW VDD_SOC 2467mW/2508mW
09-08-2026 20:26:28 RAM 3737/7620MB (lfb 96x1MB) SWAP 744/3810MB (cached 1MB) CPU [0%@1728,0%@1728,1%@1728,0%@1728,9%@1728,3%@1728] GR3D_FREQ 31% cpu@58.562C soc2@57.75C soc0@58C gpu@59.312C tj@59.312C soc1@59.281C VDD_IN 7737mW/7942mW VDD_CPU_GPU_CV 2059mW/2219mW VDD_SOC 2467mW/2508mW
09-08-2026 20:26:29 RAM 3720/7620MB (lfb 96x1MB) SWAP 744/3810MB (cached 1MB) CPU [27%@1728,26%@1728,25%@1728,22%@1728,35%@1728,27%@1728] GR3D_FREQ 0% cpu@60.125C soc2@58.218C soc0@58.031C gpu@59.375C tj@60.125C soc1@59.343C VDD_IN 10192mW/7944mW VDD_CPU_GPU_CV 3749mW/2220mW VDD_SOC 2786mW/2508mW
09-08-2026 20:26:30 RAM 3723/7620MB (lfb 96x1MB) SWAP 744/3810MB (cached 1MB) CPU [24%@1728,30%@1728,23%@1728,24%@1728,22%@1728,25%@1728] GR3D_FREQ 0% cpu@58.562C soc2@58.031C soc0@58.093C gpu@59.093C tj@59.281C soc1@59.281C VDD_IN 8251mW/7944mW VDD_CPU_GPU_CV 2423mW/2220mW VDD_SOC 2548mW/2508mW
09-08-2026 20:26:31 RAM 3730/7620MB (lfb 96x1MB) SWAP 744/3810MB (cached 1MB) CPU [1%@1728,9%@1728,1%@1728,1%@1728,0%@1728,3%@1728] GR3D_FREQ 0% cpu@58.781C soc2@57.843C soc0@58.187C gpu@59.062C tj@59.312C soc1@59.312C VDD_IN 7778mW/7944mW VDD_CPU_GPU_CV 2099mW/2220mW VDD_SOC 2507mW/2508mW
09-08-2026 20:26:32 RAM 3730/7620MB (lfb 96x1MB) SWAP 744/3810MB (cached 1MB) CPU [2%@1728,10%@1728,0%@1728,0%@1728,0%@1728,2%@1728] GR3D_FREQ 0% cpu@58.656C soc2@57.875C soc0@58.187C gpu@59.093C tj@59.343C soc1@59.343C VDD_IN 7697mW/7944mW VDD_CPU_GPU_CV 2059mW/2220mW VDD_SOC 2467mW/2508mW
09-08-2026 20:26:33 RAM 3730/7620MB (lfb 96x1MB) SWAP 744/3810MB (cached 1MB) CPU [1%@1728,9%@1728,0%@1728,0%@1728,0%@1728,1%@1728] GR3D_FREQ 0% cpu@58.687C soc2@57.906C soc0@58.062C gpu@59.062C tj@59.312C soc1@59.312C VDD_IN 7697mW/7944mW VDD_CPU_GPU_CV 2059mW/2220mW VDD_SOC 2467mW/2508mW
09-08-2026 20:26:34 RAM 3730/7620MB (lfb 96x1MB) SWAP 744/3810MB (cached 1MB) CPU [0%@1728,9%@1728,1%@1728,0%@1728,0%@1728,2%@1728] GR3D_FREQ 0% cpu@58.437C soc2@57.843C soc0@58.031C gpu@59.093C tj@59.375C soc1@59.375C VDD_IN 7697mW/7943mW VDD_CPU_GPU_CV 2059mW/2220mW VDD_SOC 2467mW/2508mW
09-08-2026 20:26:35 RAM 3730/7620MB (lfb 96x1MB) SWAP 744/3810MB (cached 1MB) CPU [0%@1728,10%@1728,0%@1728,0%@1728,0%@1728,2%@1728] GR3D_FREQ 0% cpu@58.468C soc2@57.906C soc0@58.125C gpu@59.031C tj@59.375C soc1@59.218C VDD_IN 7656mW/7943mW VDD_CPU_GPU_CV 2059mW/2220mW VDD_SOC 2467mW/2508mW
09-08-2026 20:26:36 RAM 3730/7620MB (lfb 96x1MB) SWAP 744/3810MB (cached 1MB) CPU [0%@1728,9%@1728,1%@1728,0%@1728,0%@1728,3%@1728] GR3D_FREQ 0% cpu@58.625C soc2@58C soc0@58.125C gpu@59.031C tj@59.187C soc1@59.187C VDD_IN 7697mW/7943mW VDD_CPU_GPU_CV 2059mW/2220mW VDD_SOC 2467mW/2508mW
09-08-2026 20:26:37 RAM 3730/7620MB (lfb 96x1MB) SWAP 744/3810MB (cached 1MB) CPU [3%@1728,9%@1728,0%@1728,0%@1728,0%@1728,2%@1728] GR3D_FREQ 0% cpu@58.468C soc2@57.812C soc0@58.062C gpu@59.062C tj@59.281C soc1@59.281C VDD_IN 7656mW/7943mW VDD_CPU_GPU_CV 2019mW/2219mW VDD_SOC 2467mW/2508mW
09-08-2026 20:26:38 RAM 3730/7620MB (lfb 96x1MB) SWAP 744/3810MB (cached 1MB) CPU [1%@1728,10%@1728,1%@1728,0%@1728,0%@1728,2%@1728] GR3D_FREQ 0% cpu@58.687C soc2@57.781C soc0@58.187C gpu@59.156C tj@59.25C soc1@59.25C VDD_IN 7656mW/7943mW VDD_CPU_GPU_CV 2019mW/2219mW VDD_SOC 2467mW/2508mW
09-08-2026 20:26:39 RAM 3730/7620MB (lfb 96x1MB) SWAP 744/3810MB (cached 1MB) CPU [0%@1728,11%@1728,3%@1728,1%@1728,0%@1728,1%@1728] GR3D_FREQ 0% cpu@58.375C soc2@57.843C soc0@58.031C gpu@59.062C tj@59.25C soc1@59.25C VDD_IN 7697mW/7942mW VDD_CPU_GPU_CV 2059mW/2219mW VDD_SOC 2467mW/2508mW
09-08-2026 20:26:40 RAM 3730/7620MB (lfb 96x1MB) SWAP 744/3810MB (cached 1MB) CPU [1%@1728,5%@1728,0%@1728,4%@1728,0%@1728,2%@1728] GR3D_FREQ 0% cpu@58.687C soc2@57.781C soc0@58.093C gpu@59.093C tj@59.375C soc1@59.406C VDD_IN 7616mW/7942mW VDD_CPU_GPU_CV 2019mW/2219mW VDD_SOC 2467mW/2508mW
09-08-2026 20:26:41 RAM 3730/7620MB (lfb 96x1MB) SWAP 744/3810MB (cached 1MB) CPU [1%@1728,10%@1728,2%@1728,0%@1728,0%@1728,3%@1728] GR3D_FREQ 0% cpu@58.593C soc2@57.875C soc0@58.031C gpu@59.156C tj@59.437C soc1@59.437C VDD_IN 7656mW/7942mW VDD_CPU_GPU_CV 2019mW/2219mW VDD_SOC 2467mW/2508mW
09-08-2026 20:26:42 RAM 3735/7620MB (lfb 96x1MB) SWAP 744/3810MB (cached 1MB) CPU [0%@1728,11%@1728,11%@1728,4%@1728,0%@1728,3%@1728] GR3D_FREQ 0% cpu@58.562C soc2@57.906C soc0@58.125C gpu@59.031C tj@59.218C soc1@59.218C VDD_IN 7656mW/7942mW VDD_CPU_GPU_CV 2059mW/2219mW VDD_SOC 2467mW/2508mW
09-08-2026 20:26:43 RAM 3721/7620MB (lfb 96x1MB) SWAP 744/3810MB (cached 1MB) CPU [48%@1728,48%@1728,52%@1728,49%@1728,51%@1728,49%@1728] GR3D_FREQ 0% cpu@60.25C soc2@58.718C soc0@58.125C gpu@59.375C tj@60.25C soc1@59.375C VDD_IN 11347mW/7944mW VDD_CPU_GPU_CV 4428mW/2220mW VDD_SOC 2988mW/2508mW
09-08-2026 20:26:44 RAM 3728/7620MB (lfb 96x1MB) SWAP 744/3810MB (cached 1MB) CPU [2%@1728,2%@1728,10%@1728,1%@1728,1%@1728,1%@1728] GR3D_FREQ 19% cpu@58.75C soc2@57.906C soc0@58.281C gpu@59.281C tj@59.281C soc1@59.281C VDD_IN 8089mW/7944mW VDD_CPU_GPU_CV 2301mW/2220mW VDD_SOC 2548mW/2508mW
09-08-2026 20:26:45 RAM 3720/7620MB (lfb 96x1MB) SWAP 744/3810MB (cached 1MB) CPU [17%@1728,16%@1728,25%@1728,16%@1728,18%@1728,21%@1728] GR3D_FREQ 2% cpu@59C soc2@58.156C soc0@58.125C gpu@59.375C tj@59.375C soc1@59.343C VDD_IN 8736mW/7945mW VDD_CPU_GPU_CV 2826mW/2221mW VDD_SOC 2588mW/2508mW
09-08-2026 20:26:46 RAM 3726/7620MB (lfb 96x1MB) SWAP 744/3810MB (cached 1MB) CPU [1%@1728,1%@1728,9%@1728,0%@1728,3%@1728,0%@1728] GR3D_FREQ 31% cpu@58.718C soc2@57.968C soc0@58.187C gpu@59.375C tj@59.406C soc1@59.406C VDD_IN 7846mW/7945mW VDD_CPU_GPU_CV 2180mW/2221mW VDD_SOC 2507mW/2508mW
09-08-2026 20:26:47 RAM 3726/7620MB (lfb 96x1MB) SWAP 744/3810MB (cached 1MB) CPU [0%@1728,0%@1728,9%@1728,0%@1728,2%@1728,0%@1728] GR3D_FREQ 31% cpu@58.531C soc2@58C soc0@58.125C gpu@59.312C tj@59.468C soc1@59.468C VDD_IN 7737mW/7945mW VDD_CPU_GPU_CV 2099mW/2221mW VDD_SOC 2467mW/2508mW
09-08-2026 20:26:48 RAM 3726/7620MB (lfb 96x1MB) SWAP 744/3810MB (cached 1MB) CPU [0%@1728,0%@1728,4%@1728,6%@1728,2%@1728,0%@1728] GR3D_FREQ 0% cpu@58.5C soc2@57.906C soc0@58.156C gpu@59.312C tj@59.312C soc1@59.218C VDD_IN 7737mW/7944mW VDD_CPU_GPU_CV 2059mW/2221mW VDD_SOC 2467mW/2508mW
09-08-2026 20:26:49 RAM 3720/7620MB (lfb 96x1MB) SWAP 744/3810MB (cached 1MB) CPU [6%@1728,7%@1728,12%@1728,6%@1728,13%@1728,6%@1728] GR3D_FREQ 49% cpu@59.281C soc2@58.093C soc0@58.25C gpu@59.312C tj@59.312C soc1@59.312C VDD_IN 8534mW/7945mW VDD_CPU_GPU_CV 2665mW/2221mW VDD_SOC 2548mW/2508mW
09-08-2026 20:26:50 RAM 3721/7620MB (lfb 96x1MB) SWAP 744/3810MB (cached 1MB) CPU [20%@1728,20%@1728,25%@1728,23%@1728,19%@1728,23%@1728] GR3D_FREQ 0% cpu@58.875C soc2@57.906C soc0@58.281C gpu@59.156C tj@59.281C soc1@59.281C VDD_IN 8049mW/7945mW VDD_CPU_GPU_CV 2301mW/2221mW VDD_SOC 2548mW/2508mW
09-08-2026 20:26:51 RAM 3726/7620MB (lfb 96x1MB) SWAP 744/3810MB (cached 1MB) CPU [0%@1728,1%@1728,8%@1728,3%@1728,2%@1728,0%@1728] GR3D_FREQ 0% cpu@58.625C soc2@57.906C soc0@58.156C gpu@59.093C tj@59.406C soc1@59.406C VDD_IN 7778mW/7945mW VDD_CPU_GPU_CV 2099mW/2221mW VDD_SOC 2507mW/2508mW
09-08-2026 20:26:52 RAM 3726/7620MB (lfb 96x1MB) SWAP 744/3810MB (cached 1MB) CPU [1%@1728,0%@1728,2%@1728,8%@1728,0%@1728,1%@1728] GR3D_FREQ 0% cpu@58.718C soc2@57.968C soc0@58.125C gpu@59.031C tj@59.437C soc1@59.437C VDD_IN 7697mW/7945mW VDD_CPU_GPU_CV 2059mW/2221mW VDD_SOC 2467mW/2508mW
09-08-2026 20:26:53 RAM 3720/7620MB (lfb 96x1MB) SWAP 744/3810MB (cached 1MB) CPU [23%@1728,28%@1728,26%@1728,30%@1728,26%@1728,24%@1728] GR3D_FREQ 0% cpu@58.718C soc2@58.093C soc0@58.125C gpu@59.187C tj@59.468C soc1@59.343C VDD_IN 9222mW/7946mW VDD_CPU_GPU_CV 3144mW/2221mW VDD_SOC 2665mW/2508mW
09-08-2026 20:26:54 RAM 3726/7620MB (lfb 96x1MB) SWAP 744/3810MB (cached 1MB) CPU [2%@1728,8%@1728,2%@1728,6%@1728,0%@1728,0%@1728] GR3D_FREQ 0% cpu@58.625C soc2@57.906C soc0@58.187C gpu@59.218C tj@59.312C soc1@59.312C VDD_IN 7806mW/7945mW VDD_CPU_GPU_CV 2140mW/2221mW VDD_SOC 2507mW/2508mW
09-08-2026 20:26:55 RAM 3726/7620MB (lfb 96x1MB) SWAP 744/3810MB (cached 1MB) CPU [0%@1728,5%@1728,1%@1728,8%@1728,0%@1728,0%@1728] GR3D_FREQ 0% cpu@58.625C soc2@57.937C soc0@58.25C gpu@59.156C tj@59.375C soc1@59.375C VDD_IN 7697mW/7945mW VDD_CPU_GPU_CV 2059mW/2221mW VDD_SOC 2467mW/2508mW
09-08-2026 20:26:56 RAM 3728/7620MB (lfb 96x1MB) SWAP 744/3810MB (cached 1MB) CPU [0%@1728,5%@1728,4%@1728,7%@1728,0%@1728,0%@1728] GR3D_FREQ 0% cpu@58.75C soc2@58C soc0@58.125C gpu@59.156C tj@59.312C soc1@59.312C VDD_IN 7737mW/7945mW VDD_CPU_GPU_CV 2059mW/2221mW VDD_SOC 2467mW/2508mW
09-08-2026 20:26:57 RAM 3728/7620MB (lfb 96x1MB) SWAP 744/3810MB (cached 1MB) CPU [1%@1728,5%@1728,3%@1728,6%@1728,0%@1728,0%@1728] GR3D_FREQ 0% cpu@58.687C soc2@57.906C soc0@58.062C gpu@59.187C tj@59.375C soc1@59.375C VDD_IN 7656mW/7945mW VDD_CPU_GPU_CV 2019mW/2221mW VDD_SOC 2467mW/2508mW
09-08-2026 20:26:58 RAM 3720/7620MB (lfb 96x1MB) SWAP 744/3810MB (cached 1MB) CPU [21%@1728,24%@1728,25%@1728,28%@1728,25%@1728,22%@1728] GR3D_FREQ 0% cpu@60.312C soc2@58.312C soc0@58.156C gpu@59.312C tj@60.312C soc1@59.5C VDD_IN 9828mW/7946mW VDD_CPU_GPU_CV 3588mW/2222mW VDD_SOC 2705mW/2508mW
09-08-2026 20:26:59 RAM 3727/7620MB (lfb 96x1MB) SWAP 744/3810MB (cached 1MB) CPU [11%@1728,9%@1728,10%@1728,13%@1728,5%@1728,5%@1728] GR3D_FREQ 0% cpu@58.718C soc2@58.062C soc0@58.218C gpu@59.187C tj@59.312C soc1@59.312C VDD_IN 7927mW/7946mW VDD_CPU_GPU_CV 2221mW/2222mW VDD_SOC 2507mW/2508mW
09-08-2026 20:27:00 RAM 3720/7620MB (lfb 96x1MB) SWAP 744/3810MB (cached 1MB) CPU [30%@1728,26%@1728,30%@1728,30%@1728,29%@1728,29%@1728] GR3D_FREQ 0% cpu@58.718C soc2@58.062C soc0@58.25C gpu@59.25C tj@59.343C soc1@59.343C VDD_IN 8574mW/7947mW VDD_CPU_GPU_CV 2746mW/2222mW VDD_SOC 2548mW/2508mW
09-08-2026 20:27:01 RAM 3726/7620MB (lfb 96x1MB) SWAP 744/3810MB (cached 1MB) CPU [10%@1728,2%@1728,0%@1728,0%@1728,2%@1728,0%@1728] GR3D_FREQ 0% cpu@58.718C soc2@58C soc0@58.343C gpu@59.281C tj@59.437C soc1@59.437C VDD_IN 7737mW/7946mW VDD_CPU_GPU_CV 2099mW/2222mW VDD_SOC 2467mW/2508mW
09-08-2026 20:27:02 RAM 3727/7620MB (lfb 96x1MB) SWAP 744/3810MB (cached 1MB) CPU [9%@1728,1%@1728,0%@1728,0%@1728,3%@1728,0%@1728] GR3D_FREQ 0% cpu@58.781C soc2@58.437C soc0@58.25C gpu@59.343C tj@59.406C soc1@59.406C VDD_IN 7737mW/7946mW VDD_CPU_GPU_CV 2099mW/2222mW VDD_SOC 2507mW/2508mW
09-08-2026 20:27:03 RAM 3727/7620MB (lfb 96x1MB) SWAP 744/3810MB (cached 1MB) CPU [10%@1728,1%@1728,0%@1728,0%@1728,3%@1728,0%@1728] GR3D_FREQ 10% cpu@58.687C soc2@58.062C soc0@58.156C gpu@59.312C tj@59.406C soc1@59.406C VDD_IN 7778mW/7946mW VDD_CPU_GPU_CV 2099mW/2222mW VDD_SOC 2507mW/2508mW
09-08-2026 20:27:04 RAM 3732/7620MB (lfb 96x1MB) SWAP 744/3810MB (cached 1MB) CPU [10%@1728,0%@1728,1%@1728,1%@1728,2%@1728,0%@1728] GR3D_FREQ 0% cpu@58.625C soc2@58.062C soc0@58.156C gpu@59.187C tj@59.437C soc1@59.437C VDD_IN 7778mW/7946mW VDD_CPU_GPU_CV 2099mW/2222mW VDD_SOC 2507mW/2508mW
09-08-2026 20:27:05 RAM 3732/7620MB (lfb 96x1MB) SWAP 744/3810MB (cached 1MB) CPU [9%@1728,0%@1728,0%@1728,2%@1728,0%@1728,0%@1728] GR3D_FREQ 31% cpu@58.656C soc2@58.125C soc0@58.25C gpu@59.281C tj@59.406C soc1@59.406C VDD_IN 7737mW/7946mW VDD_CPU_GPU_CV 2099mW/2222mW VDD_SOC 2467mW/2508mW
09-08-2026 20:27:06 RAM 3720/7620MB (lfb 96x1MB) SWAP 744/3810MB (cached 1MB) CPU [43%@1728,41%@1728,41%@1728,41%@1728,40%@1728,41%@1728] GR3D_FREQ 31% cpu@59.187C soc2@58.187C soc0@58.281C gpu@59.593C tj@59.593C soc1@59.343C VDD_IN 9950mW/7947mW VDD_CPU_GPU_CV 3588mW/2223mW VDD_SOC 2746mW/2509mW
09-08-2026 20:27:07 RAM 3721/7620MB (lfb 96x1MB) SWAP 744/3810MB (cached 1MB) CPU [10%@1728,0%@1728,0%@1728,0%@1728,2%@1728,0%@1728] GR3D_FREQ 0% cpu@58.75C soc2@58C soc0@58.312C gpu@59.468C tj@59.468C soc1@59.406C VDD_IN 7887mW/7947mW VDD_CPU_GPU_CV 2180mW/2223mW VDD_SOC 2507mW/2509mW
09-08-2026 20:27:08 RAM 3721/7620MB (lfb 96x1MB) SWAP 744/3810MB (cached 1MB) CPU [10%@1728,0%@1728,0%@1728,0%@1728,2%@1728,0%@1728] GR3D_FREQ 8% cpu@58.843C soc2@57.968C soc0@58.156C gpu@59.343C tj@59.437C soc1@59.437C VDD_IN 7737mW/7947mW VDD_CPU_GPU_CV 2059mW/2223mW VDD_SOC 2467mW/2508mW
09-08-2026 20:27:09 RAM 3728/7620MB (lfb 96x1MB) SWAP 744/3810MB (cached 1MB) CPU [8%@1728,0%@1728,2%@1728,4%@1728,4%@1728,0%@1728] GR3D_FREQ 0% cpu@58.593C soc2@58C soc0@58.187C gpu@59.343C tj@59.468C soc1@59.468C VDD_IN 7737mW/7947mW VDD_CPU_GPU_CV 2099mW/2223mW VDD_SOC 2467mW/2508mW
09-08-2026 20:27:10 RAM 3721/7620MB (lfb 96x1MB) SWAP 744/3810MB (cached 1MB) CPU [22%@1728,22%@1728,23%@1728,28%@1728,20%@1728,26%@1728] GR3D_FREQ 0% cpu@58.75C soc2@58C soc0@58.187C gpu@59.187C tj@59.468C soc1@59.625C VDD_IN 8049mW/7947mW VDD_CPU_GPU_CV 2301mW/2223mW VDD_SOC 2507mW/2508mW
09-08-2026 20:27:11 RAM 3727/7620MB (lfb 96x1MB) SWAP 744/3810MB (cached 1MB) CPU [5%@1728,5%@1728,0%@1728,5%@1728,0%@1728,0%@1728] GR3D_FREQ 0% cpu@58.625C soc2@58.062C soc0@58.312C gpu@59.218C tj@59.343C soc1@59.343C VDD_IN 7778mW/7947mW VDD_CPU_GPU_CV 2099mW/2223mW VDD_SOC 2507mW/2508mW
09-08-2026 20:27:12 RAM 3738/7620MB (lfb 96x1MB) SWAP 744/3810MB (cached 1MB) CPU [8%@1728,17%@1728,3%@1728,1%@1728,0%@1728,0%@1728] GR3D_FREQ 0% cpu@58.687C soc2@58.093C soc0@58.281C gpu@59.187C tj@59.375C soc1@59.375C VDD_IN 7737mW/7947mW VDD_CPU_GPU_CV 2099mW/2222mW VDD_SOC 2467mW/2508mW
09-08-2026 20:27:13 RAM 3721/7620MB (lfb 96x1MB) SWAP 744/3810MB (cached 1MB) CPU [28%@1728,29%@1728,23%@1728,23%@1728,28%@1728,23%@1728] GR3D_FREQ 0% cpu@59C soc2@58.187C soc0@58.437C gpu@59.281C tj@59.406C soc1@59.406C VDD_IN 9222mW/7948mW VDD_CPU_GPU_CV 3104mW/2223mW VDD_SOC 2665mW/2509mW
09-08-2026 20:27:14 RAM 3727/7620MB (lfb 96x1MB) SWAP 744/3810MB (cached 1MB) CPU [7%@1728,6%@1728,1%@1728,0%@1728,1%@1728,2%@1728] GR3D_FREQ 0% cpu@58.656C soc2@58.031C soc0@58.25C gpu@59.218C tj@59.468C soc1@59.468C VDD_IN 7806mW/7948mW VDD_CPU_GPU_CV 2140mW/2223mW VDD_SOC 2507mW/2509mW
09-08-2026 20:27:15 RAM 3720/7620MB (lfb 96x1MB) SWAP 744/3810MB (cached 1MB) CPU [5%@1728,10%@1728,4%@1728,3%@1728,5%@1728,5%@1728] GR3D_FREQ 69% cpu@59.125C soc2@58.375C soc0@58.281C gpu@59.343C tj@59.5C soc1@59.5C VDD_IN 8291mW/7948mW VDD_CPU_GPU_CV 2503mW/2223mW VDD_SOC 2548mW/2509mW
09-08-2026 20:27:16 RAM 3726/7620MB (lfb 96x1MB) SWAP 744/3810MB (cached 1MB) CPU [19%@1728,22%@1728,16%@1728,18%@1728,17%@1728,17%@1728] GR3D_FREQ 0% cpu@58.656C soc2@58.093C soc0@58.25C gpu@59.281C tj@59.562C soc1@59.562C VDD_IN 7927mW/7948mW VDD_CPU_GPU_CV 2221mW/2223mW VDD_SOC 2507mW/2509mW
09-08-2026 20:27:17 RAM 3726/7620MB (lfb 96x1MB) SWAP 744/3810MB (cached 1MB) CPU [3%@1728,8%@1728,1%@1728,0%@1728,2%@1728,0%@1728] GR3D_FREQ 0% cpu@58.718C soc2@58.031C soc0@58.281C gpu@59.25C tj@59.437C soc1@59.437C VDD_IN 7697mW/7948mW VDD_CPU_GPU_CV 2059mW/2223mW VDD_SOC 2467mW/2509mW
09-08-2026 20:27:18 RAM 3727/7620MB (lfb 96x1MB) SWAP 744/3810MB (cached 1MB) CPU [3%@1728,7%@1728,1%@1728,1%@1728,3%@1728,0%@1728] GR3D_FREQ 0% cpu@58.843C soc2@58C soc0@58.281C gpu@59.25C tj@59.406C soc1@59.406C VDD_IN 7656mW/7947mW VDD_CPU_GPU_CV 2019mW/2223mW VDD_SOC 2467mW/2508mW
09-08-2026 20:27:19 RAM 3718/7620MB (lfb 96x1MB) SWAP 744/3810MB (cached 1MB) CPU [20%@1728,28%@1728,21%@1728,20%@1728,21%@1728,25%@1728] GR3D_FREQ 0% cpu@58.781C soc2@58.062C soc0@58.468C gpu@59.343C tj@59.5C soc1@59.5C VDD_IN 8210mW/7948mW VDD_CPU_GPU_CV 2423mW/2223mW VDD_SOC 2548mW/2509mW
09-08-2026 20:27:20 RAM 3719/7620MB (lfb 96x1MB) SWAP 744/3810MB (cached 1MB) CPU [0%@1728,7%@1728,0%@1728,3%@1728,0%@1728,2%@1728] GR3D_FREQ 0% cpu@58.875C soc2@58.093C soc0@58.281C gpu@59.343C tj@59.5C soc1@59.5C VDD_IN 7656mW/7947mW VDD_CPU_GPU_CV 2059mW/2223mW VDD_SOC 2467mW/2508mW
09-08-2026 20:27:21 RAM 3724/7620MB (lfb 96x1MB) SWAP 744/3810MB (cached 1MB) CPU [0%@1728,9%@1728,1%@1728,0%@1728,1%@1728,2%@1728] GR3D_FREQ 0% cpu@58.781C soc2@58.375C soc0@58.25C gpu@59.375C tj@59.562C soc1@59.562C VDD_IN 7697mW/7947mW VDD_CPU_GPU_CV 2099mW/2223mW VDD_SOC 2507mW/2508mW
09-08-2026 20:27:22 RAM 3724/7620MB (lfb 96x1MB) SWAP 744/3810MB (cached 1MB) CPU [1%@1728,10%@1728,0%@1728,1%@1728,0%@1728,2%@1728] GR3D_FREQ 3% cpu@58.75C soc2@58.156C soc0@58.25C gpu@59.343C tj@59.593C soc1@59.593C VDD_IN 7737mW/7947mW VDD_CPU_GPU_CV 2099mW/2223mW VDD_SOC 2507mW/2508mW
09-08-2026 20:27:23 RAM 3724/7620MB (lfb 96x1MB) SWAP 744/3810MB (cached 1MB) CPU [1%@1728,9%@1728,0%@1728,0%@1728,0%@1728,3%@1728] GR3D_FREQ 0% cpu@58.718C soc2@58.093C soc0@58.312C gpu@59.281C tj@59.343C soc1@59.375C VDD_IN 7778mW/7947mW VDD_CPU_GPU_CV 2099mW/2223mW VDD_SOC 2467mW/2508mW
09-08-2026 20:27:24 RAM 3724/7620MB (lfb 96x1MB) SWAP 744/3810MB (cached 1MB) CPU [1%@1728,8%@1728,4%@1728,1%@1728,2%@1728,3%@1728] GR3D_FREQ 31% cpu@58.843C soc2@58.125C soc0@58.312C gpu@59.406C tj@59.406C soc1@59.406C VDD_IN 7737mW/7947mW VDD_CPU_GPU_CV 2099mW/2223mW VDD_SOC 2467mW/2508mW
09-08-2026 20:27:25 RAM 3724/7620MB (lfb 96x1MB) SWAP 744/3810MB (cached 1MB) CPU [1%@1728,0%@1728,9%@1728,0%@1728,2%@1728,1%@1728] GR3D_FREQ 31% cpu@58.843C soc2@58.031C soc0@58.25C gpu@59.312C tj@59.406C soc1@59.406C VDD_IN 7737mW/7947mW VDD_CPU_GPU_CV 2059mW/2223mW VDD_SOC 2467mW/2508mW
09-08-2026 20:27:26 RAM 3729/7620MB (lfb 96x1MB) SWAP 744/3810MB (cached 1MB) CPU [1%@1728,4%@1728,5%@1728,4%@1728,0%@1728,0%@1728] GR3D_FREQ 0% cpu@58.656C soc2@58.031C soc0@58.218C gpu@59.312C tj@59.531C soc1@59.531C VDD_IN 7778mW/7947mW VDD_CPU_GPU_CV 2099mW/2222mW VDD_SOC 2507mW/2508mW
09-08-2026 20:27:27 RAM 3729/7620MB (lfb 96x1MB) SWAP 744/3810MB (cached 1MB) CPU [1%@1728,7%@1728,0%@1728,4%@1728,0%@1728,0%@1728] GR3D_FREQ 17% cpu@58.843C soc2@58.062C soc0@58.187C gpu@59.343C tj@59.5C soc1@59.5C VDD_IN 7737mW/7946mW VDD_CPU_GPU_CV 2059mW/2222mW VDD_SOC 2467mW/2508mW
09-08-2026 20:27:28 RAM 3730/7620MB (lfb 96x1MB) SWAP 744/3810MB (cached 1MB) CPU [0%@1728,4%@1728,0%@1728,9%@1728,0%@1728,0%@1728] GR3D_FREQ 0% cpu@58.656C soc2@58.031C soc0@58.187C gpu@59.343C tj@59.375C soc1@59.375C VDD_IN 7697mW/7946mW VDD_CPU_GPU_CV 2059mW/2222mW VDD_SOC 2467mW/2508mW
09-08-2026 20:27:29 RAM 3730/7620MB (lfb 96x1MB) SWAP 744/3810MB (cached 1MB) CPU [4%@1728,0%@1728,1%@1728,14%@1728,0%@1728,0%@1728] GR3D_FREQ 0% cpu@58.718C soc2@57.937C soc0@58.25C gpu@59.437C tj@59.437C soc1@59.406C VDD_IN 7697mW/7946mW VDD_CPU_GPU_CV 2059mW/2222mW VDD_SOC 2467mW/2508mW
09-08-2026 20:27:30 RAM 3730/7620MB (lfb 96x1MB) SWAP 744/3810MB (cached 1MB) CPU [0%@1728,3%@1728,5%@1728,5%@1728,0%@1728,0%@1728] GR3D_FREQ 0% cpu@58.718C soc2@57.937C soc0@58.312C gpu@59.375C tj@59.406C soc1@59.406C VDD_IN 7697mW/7946mW VDD_CPU_GPU_CV 2059mW/2222mW VDD_SOC 2467mW/2508mW
09-08-2026 20:27:31 RAM 3729/7620MB (lfb 96x1MB) SWAP 744/3810MB (cached 1MB) CPU [1%@1728,0%@1728,10%@1728,3%@1728,0%@1728,0%@1728] GR3D_FREQ 0% cpu@58.781C soc2@58C soc0@58.343C gpu@59.468C tj@59.375C soc1@59.375C VDD_IN 7737mW/7946mW VDD_CPU_GPU_CV 2059mW/2222mW VDD_SOC 2467mW/2508mW
09-08-2026 20:27:32 RAM 3730/7620MB (lfb 96x1MB) SWAP 744/3810MB (cached 1MB) CPU [0%@1728,0%@1728,9%@1728,4%@1728,0%@1728,0%@1728] GR3D_FREQ 0% cpu@58.687C soc2@58C soc0@58.218C gpu@59.125C tj@59.406C soc1@59.406C VDD_IN 7697mW/7946mW VDD_CPU_GPU_CV 2059mW/2222mW VDD_SOC 2467mW/2508mW
09-08-2026 20:27:33 RAM 3730/7620MB (lfb 96x1MB) SWAP 744/3810MB (cached 1MB) CPU [1%@1728,1%@1728,9%@1728,4%@1728,0%@1728,0%@1728] GR3D_FREQ 0% cpu@58.531C soc2@58C soc0@58.25C gpu@59.187C tj@59.531C soc1@59.531C VDD_IN 7656mW/7945mW VDD_CPU_GPU_CV 2019mW/2222mW VDD_SOC 2467mW/2508mW
09-08-2026 20:27:34 RAM 3730/7620MB (lfb 96x1MB) SWAP 744/3810MB (cached 1MB) CPU [2%@1728,5%@1728,5%@1728,4%@1728,0%@1728,0%@1728] GR3D_FREQ 0% cpu@58.531C soc2@58C soc0@58.281C gpu@59.187C tj@59.406C soc1@59.406C VDD_IN 7697mW/7945mW VDD_CPU_GPU_CV 2019mW/2222mW VDD_SOC 2467mW/2508mW
09-08-2026 20:27:35 RAM 3730/7620MB (lfb 96x1MB) SWAP 744/3810MB (cached 1MB) CPU [3%@1728,0%@1728,1%@1728,9%@1728,0%@1728,0%@1728] GR3D_FREQ 0% cpu@58.593C soc2@58.062C soc0@58.281C gpu@59.156C tj@59.406C soc1@59.406C VDD_IN 7656mW/7945mW VDD_CPU_GPU_CV 2019mW/2221mW VDD_SOC 2467mW/2508mW
09-08-2026 20:27:36 RAM 3712/7620MB (lfb 96x1MB) SWAP 744/3810MB (cached 1MB) CPU [55%@1728,54%@1728,55%@1728,58%@1728,58%@1728,54%@1728] GR3D_FREQ 0% cpu@60.781C soc2@58.5C soc0@58.343C gpu@59.468C tj@60.781C soc1@59.468C VDD_IN 11630mW/7948mW VDD_CPU_GPU_CV 4629mW/2223mW VDD_SOC 3024mW/2509mW
09-08-2026 20:27:37 RAM 3713/7620MB (lfb 96x1MB) SWAP 744/3810MB (cached 1MB) CPU [11%@1728,10%@1728,10%@1728,18%@1728,12%@1728,9%@1728] GR3D_FREQ 0% cpu@59.062C soc2@58.062C soc0@58.437C gpu@59.281C tj@59.562C soc1@59.562C VDD_IN 8089mW/7948mW VDD_CPU_GPU_CV 2301mW/2223mW VDD_SOC 2548mW/2509mW
09-08-2026 20:27:38 RAM 3714/7620MB (lfb 96x1MB) SWAP 744/3810MB (cached 1MB) CPU [17%@1728,14%@1728,13%@1728,19%@1728,13%@1728,17%@1728] GR3D_FREQ 0% cpu@58.718C soc2@58.125C soc0@58.25C gpu@59.281C tj@59.562C soc1@59.562C VDD_IN 7887mW/7948mW VDD_CPU_GPU_CV 2180mW/2223mW VDD_SOC 2507mW/2509mW
09-08-2026 20:27:39 RAM 3721/7620MB (lfb 96x1MB) SWAP 744/3810MB (cached 1MB) CPU [17%@1728,19%@1728,18%@1728,26%@1728,19%@1728,20%@1728] GR3D_FREQ 0% cpu@58.718C soc2@58.187C soc0@58.312C gpu@59.375C tj@59.687C soc1@59.687C VDD_IN 8130mW/7948mW VDD_CPU_GPU_CV 2382mW/2223mW VDD_SOC 2507mW/2509mW
09-08-2026 20:27:40 RAM 3721/7620MB (lfb 96x1MB) SWAP 744/3810MB (cached 1MB) CPU [0%@1728,1%@1728,0%@1728,9%@1728,2%@1728,0%@1728] GR3D_FREQ 0% cpu@58.718C soc2@58.312C soc0@58.312C gpu@59.343C tj@59.406C soc1@59.406C VDD_IN 7737mW/7948mW VDD_CPU_GPU_CV 2099mW/2223mW VDD_SOC 2507mW/2509mW
09-08-2026 20:27:41 RAM 3726/7620MB (lfb 96x1MB) SWAP 744/3810MB (cached 1MB) CPU [3%@1728,0%@1728,1%@1728,11%@1728,1%@1728,0%@1728] GR3D_FREQ 0% cpu@58.906C soc2@58.125C soc0@58.406C gpu@59.343C tj@59.406C soc1@59.406C VDD_IN 7818mW/7948mW VDD_CPU_GPU_CV 2099mW/2223mW VDD_SOC 2507mW/2509mW
09-08-2026 20:27:42 RAM 3736/7620MB (lfb 96x1MB) SWAP 744/3810MB (cached 1MB) CPU [12%@1728,2%@1728,12%@1728,2%@1728,1%@1728,0%@1728] GR3D_FREQ 0% cpu@59C soc2@58.156C soc0@58.5C gpu@59.375C tj@59.468C soc1@59.468C VDD_IN 7818mW/7947mW VDD_CPU_GPU_CV 2140mW/2223mW VDD_SOC 2507mW/2509mW
09-08-2026 20:27:43 RAM 3713/7620MB (lfb 96x1MB) SWAP 744/3810MB (cached 1MB) CPU [33%@1728,27%@1728,30%@1728,27%@1728,27%@1728,31%@1728] GR3D_FREQ 31% cpu@59.468C soc2@58.375C soc0@58.281C gpu@59.468C tj@59.531C soc1@59.531C VDD_IN 9828mW/7949mW VDD_CPU_GPU_CV 3507mW/2224mW VDD_SOC 2746mW/2509mW
09-08-2026 20:27:44 RAM 3719/7620MB (lfb 96x1MB) SWAP 744/3810MB (cached 1MB) CPU [1%@1728,0%@1728,9%@1728,4%@1728,3%@1728,0%@1728] GR3D_FREQ 31% cpu@58.843C soc2@58.187C soc0@58.281C gpu@59.468C tj@59.562C soc1@59.562C VDD_IN 7927mW/7949mW VDD_CPU_GPU_CV 2221mW/2224mW VDD_SOC 2507mW/2509mW
09-08-2026 20:27:45 RAM 3720/7620MB (lfb 96x1MB) SWAP 744/3810MB (cached 1MB) CPU [1%@1728,1%@1728,9%@1728,0%@1728,3%@1728,0%@1728] GR3D_FREQ 8% cpu@58.75C soc2@58.218C soc0@58.281C gpu@59.468C tj@59.718C soc1@59.718C VDD_IN 7737mW/7949mW VDD_CPU_GPU_CV 2099mW/2224mW VDD_SOC 2467mW/2509mW
09-08-2026 20:27:46 RAM 3725/7620MB (lfb 96x1MB) SWAP 744/3810MB (cached 1MB) CPU [1%@1728,0%@1728,10%@1728,0%@1728,2%@1728,0%@1728] GR3D_FREQ 26% cpu@58.718C soc2@58.312C soc0@58.375C gpu@59.437C tj@59.437C soc1@59.437C VDD_IN 7737mW/7948mW VDD_CPU_GPU_CV 2099mW/2224mW VDD_SOC 2467mW/2509mW
09-08-2026 20:27:47 RAM 3725/7620MB (lfb 96x1MB) SWAP 744/3810MB (cached 1MB) CPU [1%@1728,0%@1728,9%@1728,0%@1728,3%@1728,0%@1728] GR3D_FREQ 0% cpu@58.781C soc2@58.093C soc0@58.375C gpu@59.437C tj@59.468C soc1@59.468C VDD_IN 7697mW/7948mW VDD_CPU_GPU_CV 2059mW/2223mW VDD_SOC 2467mW/2509mW
09-08-2026 20:27:48 RAM 3725/7620MB (lfb 96x1MB) SWAP 744/3810MB (cached 1MB) CPU [0%@1728,0%@1728,9%@1728,0%@1728,2%@1728,0%@1728] GR3D_FREQ 0% cpu@58.812C soc2@58.125C soc0@58.406C gpu@59.406C tj@59.5C soc1@59.5C VDD_IN 7697mW/7948mW VDD_CPU_GPU_CV 2059mW/2223mW VDD_SOC 2467mW/2509mW
09-08-2026 20:27:49 RAM 3725/7620MB (lfb 96x1MB) SWAP 744/3810MB (cached 1MB) CPU [4%@1728,0%@1728,6%@1728,0%@1728,3%@1728,0%@1728] GR3D_FREQ 0% cpu@58.75C soc2@58.093C soc0@58.312C gpu@59.187C tj@59.625C soc1@59.625C VDD_IN 7697mW/7948mW VDD_CPU_GPU_CV 2059mW/2223mW VDD_SOC 2467mW/2509mW
09-08-2026 20:27:50 RAM 3725/7620MB (lfb 96x1MB) SWAP 744/3810MB (cached 1MB) CPU [1%@1728,0%@1728,9%@1728,0%@1728,2%@1728,0%@1728] GR3D_FREQ 0% cpu@58.875C soc2@58.062C soc0@58.25C gpu@59.25C tj@59.562C soc1@59.562C VDD_IN 7656mW/7948mW VDD_CPU_GPU_CV 2019mW/2223mW VDD_SOC 2467mW/2509mW
09-08-2026 20:27:51 RAM 3725/7620MB (lfb 96x1MB) SWAP 744/3810MB (cached 1MB) CPU [3%@1728,0%@1728,7%@1728,2%@1728,2%@1728,0%@1728] GR3D_FREQ 0% cpu@58.625C soc2@58.125C soc0@58.312C gpu@59.25C tj@59.656C soc1@59.656C VDD_IN 7697mW/7948mW VDD_CPU_GPU_CV 2059mW/2223mW VDD_SOC 2467mW/2508mW
09-08-2026 20:27:52 RAM 3725/7620MB (lfb 96x1MB) SWAP 744/3810MB (cached 1MB) CPU [0%@1728,0%@1728,0%@1728,9%@1728,4%@1728,0%@1728] GR3D_FREQ 0% cpu@58.75C soc2@58.125C soc0@58.281C gpu@59.25C tj@59.437C soc1@59.437C VDD_IN 7656mW/7947mW VDD_CPU_GPU_CV 2019mW/2223mW VDD_SOC 2467mW/2508mW
09-08-2026 20:27:53 RAM 3725/7620MB (lfb 96x1MB) SWAP 744/3810MB (cached 1MB) CPU [1%@1728,0%@1728,0%@1728,9%@1728,2%@1728,0%@1728] GR3D_FREQ 0% cpu@58.906C soc2@58.093C soc0@58.312C gpu@59.25C tj@59.406C soc1@59.406C VDD_IN 7656mW/7947mW VDD_CPU_GPU_CV 2019mW/2223mW VDD_SOC 2467mW/2508mW
09-08-2026 20:27:54 RAM 3719/7620MB (lfb 96x1MB) SWAP 744/3810MB (cached 1MB) CPU [46%@1728,46%@1728,49%@1728,49%@1728,46%@1728,46%@1728] GR3D_FREQ 0% cpu@58.968C soc2@58.218C soc0@58.437C gpu@59.406C tj@59.625C soc1@59.625C VDD_IN 8736mW/7948mW VDD_CPU_GPU_CV 2746mW/2223mW VDD_SOC 2629mW/2509mW
09-08-2026 20:27:55 RAM 3713/7620MB (lfb 96x1MB) SWAP 744/3810MB (cached 1MB) CPU [16%@1728,23%@1728,22%@1728,26%@1728,22%@1728,25%@1728] GR3D_FREQ 0% cpu@59.218C soc2@58.312C soc0@58.281C gpu@59.437C tj@59.687C soc1@59.687C VDD_IN 8979mW/7948mW VDD_CPU_GPU_CV 3064mW/2224mW VDD_SOC 2588mW/2509mW
09-08-2026 20:27:56 RAM 3720/7620MB (lfb 96x1MB) SWAP 744/3810MB (cached 1MB) CPU [0%@1728,2%@1728,2%@1728,9%@1728,2%@1728,0%@1728] GR3D_FREQ 0% cpu@58.718C soc2@58.25C soc0@58.343C gpu@59.343C tj@59.625C soc1@59.625C VDD_IN 7806mW/7948mW VDD_CPU_GPU_CV 2140mW/2224mW VDD_SOC 2507mW/2509mW
09-08-2026 20:27:57 RAM 3720/7620MB (lfb 96x1MB) SWAP 744/3810MB (cached 1MB) CPU [1%@1728,0%@1728,1%@1728,8%@1728,3%@1728,0%@1728] GR3D_FREQ 0% cpu@58.812C soc2@58.125C soc0@58.343C gpu@59.343C tj@59.656C soc1@59.656C VDD_IN 7656mW/7948mW VDD_CPU_GPU_CV 2019mW/2223mW VDD_SOC 2467mW/2509mW
09-08-2026 20:27:58 RAM 3720/7620MB (lfb 96x1MB) SWAP 744/3810MB (cached 1MB) CPU [0%@1728,2%@1728,1%@1728,10%@1728,2%@1728,0%@1728] GR3D_FREQ 0% cpu@58.718C soc2@58.187C soc0@58.343C gpu@59.312C tj@59.5C soc1@59.5C VDD_IN 7616mW/7948mW VDD_CPU_GPU_CV 2019mW/2223mW VDD_SOC 2467mW/2509mW
09-08-2026 20:27:59 RAM 3725/7620MB (lfb 96x1MB) SWAP 744/3810MB (cached 1MB) CPU [4%@1728,0%@1728,0%@1728,10%@1728,2%@1728,0%@1728] GR3D_FREQ 3% cpu@58.968C soc2@58.375C soc0@58.406C gpu@59.437C tj@59.531C soc1@59.531C VDD_IN 7697mW/7948mW VDD_CPU_GPU_CV 2099mW/2223mW VDD_SOC 2507mW/2509mW
09-08-2026 20:28:00 RAM 3713/7620MB (lfb 96x1MB) SWAP 744/3810MB (cached 1MB) CPU [15%@1728,16%@1728,16%@1728,23%@1728,16%@1728,20%@1728] GR3D_FREQ 0% cpu@60.656C soc2@58.468C soc0@58.375C gpu@59.531C tj@60.656C soc1@59.562C VDD_IN 9383mW/7949mW VDD_CPU_GPU_CV 3306mW/2224mW VDD_SOC 2665mW/2509mW
09-08-2026 20:28:01 RAM 3719/7620MB (lfb 96x1MB) SWAP 744/3810MB (cached 1MB) CPU [15%@1728,13%@1728,14%@1728,21%@1728,14%@1728,12%@1728] GR3D_FREQ 31% cpu@58.968C soc2@58.281C soc0@58.406C gpu@59.437C tj@59.687C soc1@59.687C VDD_IN 8089mW/7949mW VDD_CPU_GPU_CV 2342mW/2224mW VDD_SOC 2548mW/2509mW
09-08-2026 20:28:02 RAM 3719/7620MB (lfb 96x1MB) SWAP 744/3810MB (cached 1MB) CPU [0%@1728,0%@1728,0%@1728,9%@1728,2%@1728,0%@1728] GR3D_FREQ 31% cpu@58.75C soc2@58.218C soc0@58.312C gpu@59.468C tj@59.656C soc1@59.656C VDD_IN 7778mW/7949mW VDD_CPU_GPU_CV 2099mW/2224mW VDD_SOC 2507mW/2509mW
09-08-2026 20:28:03 RAM 3719/7620MB (lfb 96x1MB) SWAP 744/3810MB (cached 1MB) CPU [0%@1728,0%@1728,0%@1728,9%@1728,3%@1728,0%@1728] GR3D_FREQ 30% cpu@58.906C soc2@58.156C soc0@58.406C gpu@59.468C tj@59.468C soc1@59.437C VDD_IN 7737mW/7948mW VDD_CPU_GPU_CV 2099mW/2224mW VDD_SOC 2467mW/2509mW
09-08-2026 20:28:04 RAM 3719/7620MB (lfb 96x1MB) SWAP 744/3810MB (cached 1MB) CPU [3%@1728,1%@1728,1%@1728,9%@1728,2%@1728,0%@1728] GR3D_FREQ 16% cpu@58.812C soc2@58.156C soc0@58.468C gpu@59.468C tj@59.5C soc1@59.5C VDD_IN 7737mW/7948mW VDD_CPU_GPU_CV 2059mW/2224mW VDD_SOC 2467mW/2509mW
09-08-2026 20:28:05 RAM 3719/7620MB (lfb 96x1MB) SWAP 744/3810MB (cached 1MB) CPU [4%@1728,0%@1728,0%@1728,9%@1728,2%@1728,0%@1728] GR3D_FREQ 31% cpu@59.062C soc2@58.187C soc0@58.5C gpu@59.281C tj@59.562C soc1@59.562C VDD_IN 7737mW/7948mW VDD_CPU_GPU_CV 2099mW/2224mW VDD_SOC 2467mW/2509mW
09-08-2026 20:28:06 RAM 3725/7620MB (lfb 96x1MB) SWAP 744/3810MB (cached 1MB) CPU [0%@1728,0%@1728,2%@1728,9%@1728,3%@1728,0%@1728] GR3D_FREQ 0% cpu@58.906C soc2@58.156C soc0@58.593C gpu@59.343C tj@59.468C soc1@59.468C VDD_IN 7737mW/7948mW VDD_CPU_GPU_CV 2099mW/2224mW VDD_SOC 2467mW/2509mW
09-08-2026 20:28:07 RAM 3727/7620MB (lfb 96x1MB) SWAP 744/3810MB (cached 1MB) CPU [1%@1728,1%@1728,0%@1728,9%@1728,2%@1728,0%@1728] GR3D_FREQ 0% cpu@59.062C soc2@58.156C soc0@58.375C gpu@59.343C tj@59.593C soc1@59.593C VDD_IN 7737mW/7948mW VDD_CPU_GPU_CV 2059mW/2223mW VDD_SOC 2467mW/2508mW
09-08-2026 20:28:08 RAM 3727/7620MB (lfb 96x1MB) SWAP 744/3810MB (cached 1MB) CPU [0%@1728,0%@1728,0%@1728,8%@1728,3%@1728,1%@1728] GR3D_FREQ 0% cpu@58.75C soc2@58.218C soc0@58.375C gpu@59.312C tj@59.687C soc1@59.687C VDD_IN 7697mW/7948mW VDD_CPU_GPU_CV 2059mW/2223mW VDD_SOC 2467mW/2508mW
09-08-2026 20:28:09 RAM 3728/7620MB (lfb 96x1MB) SWAP 744/3810MB (cached 1MB) CPU [4%@1728,3%@1728,1%@1728,9%@1728,2%@1728,0%@1728] GR3D_FREQ 0% cpu@58.875C soc2@58.156C soc0@58.375C gpu@59.375C tj@59.5C soc1@59.5C VDD_IN 7697mW/7948mW VDD_CPU_GPU_CV 2059mW/2223mW VDD_SOC 2467mW/2508mW
09-08-2026 20:28:10 RAM 3728/7620MB (lfb 96x1MB) SWAP 744/3810MB (cached 1MB) CPU [3%@1728,0%@1728,1%@1728,6%@1728,2%@1728,0%@1728] GR3D_FREQ 0% cpu@58.75C soc2@58.062C soc0@58.406C gpu@59.312C tj@59.5C soc1@59.5C VDD_IN 7656mW/7947mW VDD_CPU_GPU_CV 2019mW/2223mW VDD_SOC 2467mW/2508mW
09-08-2026 20:28:11 RAM 3728/7620MB (lfb 96x1MB) SWAP 744/3810MB (cached 1MB) CPU [3%@1728,0%@1728,1%@1728,9%@1728,3%@1728,0%@1728] GR3D_FREQ 0% cpu@58.906C soc2@58.125C soc0@58.406C gpu@59.25C tj@59.531C soc1@59.531C VDD_IN 7697mW/7947mW VDD_CPU_GPU_CV 2059mW/2223mW VDD_SOC 2467mW/2508mW
09-08-2026 20:28:12 RAM 3719/7620MB (lfb 96x1MB) SWAP 744/3810MB (cached 1MB) CPU [49%@1728,49%@1728,49%@1728,50%@1728,50%@1728,54%@1728] GR3D_FREQ 0% cpu@59.218C soc2@58.343C soc0@58.343C gpu@59.468C tj@59.656C soc1@59.656C VDD_IN 9060mW/7948mW VDD_CPU_GPU_CV 2983mW/2224mW VDD_SOC 2665mW/2508mW
09-08-2026 20:28:13 RAM 3719/7620MB (lfb 96x1MB) SWAP 744/3810MB (cached 1MB) CPU [1%@1728,2%@1728,1%@1728,10%@1728,0%@1728,0%@1728] GR3D_FREQ 0% cpu@58.781C soc2@58.187C soc0@58.312C gpu@59.437C tj@59.687C soc1@59.687C VDD_IN 7766mW/7948mW VDD_CPU_GPU_CV 2099mW/2223mW VDD_SOC 2507mW/2508mW
09-08-2026 20:28:14 RAM 3724/7620MB (lfb 96x1MB) SWAP 744/3810MB (cached 1MB) CPU [4%@1728,2%@1728,4%@1728,10%@1728,0%@1728,0%@1728] GR3D_FREQ 0% cpu@58.812C soc2@58.187C soc0@58.437C gpu@59.437C tj@59.687C soc1@59.687C VDD_IN 7697mW/7948mW VDD_CPU_GPU_CV 2059mW/2223mW VDD_SOC 2467mW/2508mW
09-08-2026 20:28:15 RAM 3724/7620MB (lfb 96x1MB) SWAP 744/3810MB (cached 1MB) CPU [2%@1728,1%@1728,1%@1728,10%@1728,0%@1728,0%@1728] GR3D_FREQ 0% cpu@58.812C soc2@58.25C soc0@58.468C gpu@59.343C tj@59.5C soc1@59.5C VDD_IN 7656mW/7947mW VDD_CPU_GPU_CV 2019mW/2223mW VDD_SOC 2467mW/2508mW
09-08-2026 20:28:16 RAM 3723/7620MB (lfb 96x1MB) SWAP 744/3810MB (cached 1MB) CPU [3%@1728,0%@1728,0%@1728,9%@1728,0%@1728,0%@1728] GR3D_FREQ 0% cpu@58.875C soc2@58.125C soc0@58.468C gpu@59.437C tj@59.531C soc1@59.531C VDD_IN 7656mW/7947mW VDD_CPU_GPU_CV 2019mW/2223mW VDD_SOC 2467mW/2508mW
09-08-2026 20:28:17 RAM 3723/7620MB (lfb 96x1MB) SWAP 744/3810MB (cached 1MB) CPU [3%@1728,0%@1728,0%@1728,9%@1728,0%@1728,0%@1728] GR3D_FREQ 0% cpu@58.968C soc2@58.062C soc0@58.531C gpu@59.437C tj@59.5C soc1@59.5C VDD_IN 7616mW/7947mW VDD_CPU_GPU_CV 2019mW/2223mW VDD_SOC 2467mW/2508mW
09-08-2026 20:28:18 RAM 3723/7620MB (lfb 96x1MB) SWAP 744/3810MB (cached 1MB) CPU [0%@1728,3%@1728,1%@1728,9%@1728,0%@1728,0%@1728] GR3D_FREQ 0% cpu@58.968C soc2@58.437C soc0@58.343C gpu@59.437C tj@59.625C soc1@59.625C VDD_IN 7697mW/7947mW VDD_CPU_GPU_CV 2059mW/2223mW VDD_SOC 2507mW/2508mW
09-08-2026 20:28:20 RAM 3728/7620MB (lfb 96x1MB) SWAP 744/3810MB (cached 1MB) CPU [1%@1728,4%@1728,2%@1728,9%@1728,0%@1728,0%@1728] GR3D_FREQ 0% cpu@58.843C soc2@58.218C soc0@58.406C gpu@59.468C tj@59.625C soc1@59.687C VDD_IN 7778mW/7947mW VDD_CPU_GPU_CV 2099mW/2223mW VDD_SOC 2507mW/2508mW
09-08-2026 20:28:21 RAM 3728/7620MB (lfb 96x1MB) SWAP 744/3810MB (cached 1MB) CPU [0%@1728,2%@1728,0%@1728,9%@1728,0%@1728,0%@1728] GR3D_FREQ 31% cpu@58.906C soc2@58.312C soc0@58.468C gpu@59.437C tj@59.718C soc1@59.718C VDD_IN 7778mW/7947mW VDD_CPU_GPU_CV 2099mW/2223mW VDD_SOC 2507mW/2508mW
09-08-2026 20:28:22 RAM 3728/7620MB (lfb 96x1MB) SWAP 744/3810MB (cached 1MB) CPU [3%@1728,3%@1728,1%@1728,9%@1728,0%@1728,0%@1728] GR3D_FREQ 31% cpu@58.937C soc2@58.25C soc0@58.406C gpu@59.406C tj@59.593C soc1@59.593C VDD_IN 7818mW/7947mW VDD_CPU_GPU_CV 2099mW/2223mW VDD_SOC 2507mW/2508mW
09-08-2026 20:28:23 RAM 3728/7620MB (lfb 96x1MB) SWAP 744/3810MB (cached 1MB) CPU [5%@1728,3%@1728,0%@1728,4%@1728,0%@1728,1%@1728] GR3D_FREQ 7% cpu@58.843C soc2@58.218C soc0@58.531C gpu@59.437C tj@59.5C soc1@59.5C VDD_IN 7737mW/7946mW VDD_CPU_GPU_CV 2059mW/2222mW VDD_SOC 2467mW/2508mW
09-08-2026 20:28:24 RAM 3729/7620MB (lfb 96x1MB) SWAP 744/3810MB (cached 1MB) CPU [5%@1728,3%@1728,0%@1728,5%@1728,0%@1728,0%@1728] GR3D_FREQ 24% cpu@58.906C soc2@58.218C soc0@58.531C gpu@59.468C tj@59.531C soc1@59.531C VDD_IN 7737mW/7946mW VDD_CPU_GPU_CV 2059mW/2222mW VDD_SOC 2467mW/2508mW
09-08-2026 20:28:25 RAM 3713/7620MB (lfb 96x1MB) SWAP 744/3810MB (cached 1MB) CPU [52%@1728,50%@1728,51%@1728,56%@1728,53%@1728,51%@1728] GR3D_FREQ 31% cpu@59.343C soc2@58.531C soc0@58.406C gpu@59.718C tj@59.718C soc1@59.625C VDD_IN 10701mW/7948mW VDD_CPU_GPU_CV 4025mW/2224mW VDD_SOC 2867mW/2509mW
09-08-2026 20:28:26 RAM 3713/7620MB (lfb 96x1MB) SWAP 744/3810MB (cached 1MB) CPU [7%@1728,0%@1728,0%@1728,3%@1728,0%@1728,0%@1728] GR3D_FREQ 0% cpu@59C soc2@58.281C soc0@58.406C gpu@59.625C tj@59.687C soc1@59.687C VDD_IN 7927mW/7948mW VDD_CPU_GPU_CV 2221mW/2224mW VDD_SOC 2507mW/2509mW
09-08-2026 20:28:27 RAM 3719/7620MB (lfb 96x1MB) SWAP 744/3810MB (cached 1MB) CPU [10%@1728,0%@1728,2%@1728,0%@1728,0%@1728,0%@1728] GR3D_FREQ 0% cpu@58.843C soc2@58.281C soc0@58.468C gpu@59.5C tj@59.843C soc1@59.843C VDD_IN 7737mW/7948mW VDD_CPU_GPU_CV 2059mW/2223mW VDD_SOC 2467mW/2509mW
09-08-2026 20:28:28 RAM 3718/7620MB (lfb 96x1MB) SWAP 744/3810MB (cached 1MB) CPU [2%@1728,0%@1728,1%@1728,7%@1728,0%@1728,0%@1728] GR3D_FREQ 0% cpu@58.812C soc2@58.343C soc0@58.437C gpu@59.5C tj@59.562C soc1@59.562C VDD_IN 7656mW/7948mW VDD_CPU_GPU_CV 2019mW/2223mW VDD_SOC 2467mW/2509mW
09-08-2026 20:28:29 RAM 3718/7620MB (lfb 96x1MB) SWAP 744/3810MB (cached 1MB) CPU [9%@1728,0%@1728,0%@1728,0%@1728,0%@1728,0%@1728] GR3D_FREQ 0% cpu@58.937C soc2@58.187C soc0@58.406C gpu@59.5C tj@59.593C soc1@59.593C VDD_IN 7616mW/7948mW VDD_CPU_GPU_CV 2019mW/2223mW VDD_SOC 2467mW/2508mW
09-08-2026 20:28:30 RAM 3725/7620MB (lfb 96x1MB) SWAP 744/3810MB (cached 1MB) CPU [9%@1728,1%@1728,0%@1728,2%@1728,0%@1728,0%@1728] GR3D_FREQ 0% cpu@58.843C soc2@58.218C soc0@58.562C gpu@59.5C tj@59.562C soc1@59.562C VDD_IN 7656mW/7947mW VDD_CPU_GPU_CV 2019mW/2223mW VDD_SOC 2467mW/2508mW
09-08-2026 20:28:31 RAM 3725/7620MB (lfb 96x1MB) SWAP 744/3810MB (cached 1MB) CPU [5%@1728,0%@1728,0%@1728,5%@1728,0%@1728,0%@1728] GR3D_FREQ 0% cpu@58.906C soc2@58.156C soc0@58.562C gpu@59.343C tj@59.656C soc1@59.656C VDD_IN 7616mW/7947mW VDD_CPU_GPU_CV 2019mW/2223mW VDD_SOC 2467mW/2508mW
09-08-2026 20:28:32 RAM 3730/7620MB (lfb 96x1MB) SWAP 744/3810MB (cached 1MB) CPU [10%@1728,0%@1728,0%@1728,2%@1728,0%@1728,0%@1728] GR3D_FREQ 0% cpu@58.781C soc2@58.125C soc0@58.437C gpu@59.312C tj@59.687C soc1@59.687C VDD_IN 7656mW/7947mW VDD_CPU_GPU_CV 2019mW/2223mW VDD_SOC 2467mW/2508mW
09-08-2026 20:28:33 RAM 3730/7620MB (lfb 96x1MB) SWAP 744/3810MB (cached 1MB) CPU [11%@1728,0%@1728,0%@1728,1%@1728,0%@1728,0%@1728] GR3D_FREQ 0% cpu@58.812C soc2@58.25C soc0@58.375C gpu@59.312C tj@59.625C soc1@59.625C VDD_IN 7616mW/7947mW VDD_CPU_GPU_CV 1978mW/2223mW VDD_SOC 2467mW/2508mW
09-08-2026 20:28:34 RAM 3730/7620MB (lfb 96x1MB) SWAP 744/3810MB (cached 1MB) CPU [8%@1728,0%@1728,0%@1728,1%@1728,0%@1728,0%@1728] GR3D_FREQ 0% cpu@58.75C soc2@58.062C soc0@58.406C gpu@59.281C tj@59.437C soc1@59.437C VDD_IN 7575mW/7947mW VDD_CPU_GPU_CV 1978mW/2222mW VDD_SOC 2467mW/2508mW
09-08-2026 20:28:35 RAM 3730/7620MB (lfb 96x1MB) SWAP 744/3810MB (cached 1MB) CPU [8%@1728,0%@1728,0%@1728,2%@1728,0%@1728,0%@1728] GR3D_FREQ 0% cpu@58.781C soc2@58.125C soc0@58.406C gpu@59.25C tj@59.437C soc1@59.437C VDD_IN 7616mW/7946mW VDD_CPU_GPU_CV 2019mW/2222mW VDD_SOC 2467mW/2508mW
09-08-2026 20:28:36 RAM 3730/7620MB (lfb 96x1MB) SWAP 744/3810MB (cached 1MB) CPU [9%@1728,0%@1728,0%@1728,2%@1728,0%@1728,0%@1728] GR3D_FREQ 0% cpu@58.968C soc2@58.125C soc0@58.468C gpu@59.375C tj@59.593C soc1@59.593C VDD_IN 7575mW/7946mW VDD_CPU_GPU_CV 1978mW/2222mW VDD_SOC 2467mW/2508mW
09-08-2026 20:28:37 RAM 3735/7620MB (lfb 96x1MB) SWAP 744/3810MB (cached 1MB) CPU [7%@1728,0%@1728,0%@1728,4%@1728,0%@1728,1%@1728] GR3D_FREQ 0% cpu@58.843C soc2@58.156C soc0@58.281C gpu@59.281C tj@59.531C soc1@59.531C VDD_IN 7616mW/7946mW VDD_CPU_GPU_CV 2019mW/2222mW VDD_SOC 2467mW/2508mW
09-08-2026 20:28:38 RAM 3735/7620MB (lfb 96x1MB) SWAP 744/3810MB (cached 1MB) CPU [7%@1728,0%@1728,0%@1728,1%@1728,0%@1728,0%@1728] GR3D_FREQ 0% cpu@59.125C soc2@58.437C soc0@58.437C gpu@59.406C tj@59.562C soc1@59.562C VDD_IN 7616mW/7946mW VDD_CPU_GPU_CV 2019mW/2222mW VDD_SOC 2467mW/2508mW
09-08-2026 20:28:39 RAM 3735/7620MB (lfb 96x1MB) SWAP 744/3810MB (cached 1MB) CPU [9%@1728,0%@1728,0%@1728,2%@1728,0%@1728,0%@1728] GR3D_FREQ 0% cpu@58.75C soc2@58.218C soc0@58.375C gpu@59.343C tj@59.468C soc1@59.468C VDD_IN 7737mW/7946mW VDD_CPU_GPU_CV 2099mW/2222mW VDD_SOC 2507mW/2508mW
09-08-2026 20:28:40 RAM 3740/7620MB (lfb 96x1MB) SWAP 744/3810MB (cached 1MB) CPU [3%@1728,9%@1728,3%@1728,1%@1728,0%@1728,0%@1728] GR3D_FREQ 31% cpu@58.875C soc2@58.187C soc0@58.406C gpu@59.375C tj@59.5C soc1@59.5C VDD_IN 7778mW/7945mW VDD_CPU_GPU_CV 2099mW/2222mW VDD_SOC 2507mW/2508mW
09-08-2026 20:28:41 RAM 3740/7620MB (lfb 96x1MB) SWAP 744/3810MB (cached 1MB) CPU [0%@1728,11%@1728,0%@1728,0%@1728,0%@1728,0%@1728] GR3D_FREQ 31% cpu@59C soc2@58.125C soc0@58.5C gpu@59.312C tj@59.468C soc1@59.468C VDD_IN 7737mW/7945mW VDD_CPU_GPU_CV 2099mW/2222mW VDD_SOC 2467mW/2508mW
09-08-2026 20:28:42 RAM 3741/7620MB (lfb 96x1MB) SWAP 744/3810MB (cached 1MB) CPU [0%@1728,9%@1728,1%@1728,3%@1728,0%@1728,0%@1728] GR3D_FREQ 15% cpu@58.781C soc2@58.187C soc0@58.593C gpu@59.437C tj@59.562C soc1@59.562C VDD_IN 7737mW/7945mW VDD_CPU_GPU_CV 2099mW/2222mW VDD_SOC 2507mW/2508mW
09-08-2026 20:28:43 RAM 3735/7620MB (lfb 96x1MB) SWAP 744/3810MB (cached 1MB) CPU [2%@1728,10%@1728,2%@1728,0%@1728,8%@1728,0%@1728] GR3D_FREQ 30% cpu@59.062C soc2@58.156C soc0@58.312C gpu@59.312C tj@59.593C soc1@59.593C VDD_IN 7778mW/7945mW VDD_CPU_GPU_CV 2099mW/2222mW VDD_SOC 2467mW/2508mW
09-08-2026 20:28:44 RAM 3735/7620MB (lfb 96x1MB) SWAP 744/3810MB (cached 1MB) CPU [0%@1728,9%@1728,1%@1728,0%@1728,0%@1728,0%@1728] GR3D_FREQ 0% cpu@58.812C soc2@58.218C soc0@58.343C gpu@59.375C tj@59.625C soc1@59.625C VDD_IN 7697mW/7945mW VDD_CPU_GPU_CV 2059mW/2221mW VDD_SOC 2467mW/2508mW
09-08-2026 20:28:45 RAM 3736/7620MB (lfb 96x1MB) SWAP 744/3810MB (cached 1MB) CPU [2%@1728,10%@1728,0%@1728,2%@1728,0%@1728,0%@1728] GR3D_FREQ 0% cpu@58.687C soc2@58.156C soc0@58.375C gpu@59.375C tj@59.75C soc1@59.75C VDD_IN 7697mW/7945mW VDD_CPU_GPU_CV 2059mW/2221mW VDD_SOC 2467mW/2508mW
09-08-2026 20:28:46 RAM 3749/7620MB (lfb 96x1MB) SWAP 744/3810MB (cached 1MB) CPU [1%@1728,13%@1728,0%@1728,1%@1728,0%@1728,0%@1728] GR3D_FREQ 0% cpu@58.812C soc2@58.156C soc0@58.375C gpu@59.5C tj@59.5C soc1@59.437C VDD_IN 7737mW/7945mW VDD_CPU_GPU_CV 2099mW/2221mW VDD_SOC 2467mW/2508mW
09-08-2026 20:28:47 RAM 3178/7620MB (lfb 2x4MB) SWAP 744/3810MB (cached 1MB) CPU [11%@1728,50%@1728,20%@1728,25%@1728,8%@1728,5%@1728] GR3D_FREQ 0% cpu@59.281C soc2@58.281C soc0@58.437C gpu@59.5C tj@59.531C soc1@59.531C VDD_IN 8615mW/7945mW VDD_CPU_GPU_CV 2584mW/2221mW VDD_SOC 2588mW/2508mW
09-08-2026 20:28:48 RAM 3183/7620MB (lfb 2x4MB) SWAP 744/3810MB (cached 1MB) CPU [4%@1728,15%@1728,95%@1728,16%@1728,2%@1728,3%@1728] GR3D_FREQ 0% cpu@60C soc2@58.218C soc0@58.531C gpu@59.593C tj@60C soc1@59.625C VDD_IN 8736mW/7946mW VDD_CPU_GPU_CV 2786mW/2222mW VDD_SOC 2548mW/2508mW
09-08-2026 20:28:49 RAM 3225/7620MB (lfb 2x4MB) SWAP 744/3810MB (cached 1MB) CPU [8%@1728,11%@1728,75%@1728,10%@1728,33%@1728,6%@1728] GR3D_FREQ 0% cpu@59.437C soc2@58.218C soc0@58.281C gpu@59.562C tj@59.656C soc1@59.656C VDD_IN 8696mW/7946mW VDD_CPU_GPU_CV 2786mW/2222mW VDD_SOC 2548mW/2508mW
09-08-2026 20:28:50 RAM 3656/7620MB (lfb 96x1MB) SWAP 744/3810MB (cached 1MB) CPU [5%@1728,4%@1728,9%@1728,3%@1728,100%@1728,3%@1728] GR3D_FREQ 0% cpu@59.312C soc2@58.343C soc0@58.343C gpu@59.562C tj@59.718C soc1@59.718C VDD_IN 9019mW/7947mW VDD_CPU_GPU_CV 2746mW/2223mW VDD_SOC 2669mW/2508mW
09-08-2026 20:28:51 RAM 3620/7620MB (lfb 96x1MB) SWAP 744/3810MB (cached 1MB) CPU [9%@1728,10%@1728,13%@1728,8%@1728,47%@1728,7%@1728] GR3D_FREQ 0% cpu@58.937C soc2@58.312C soc0@58.468C gpu@59.625C tj@59.781C soc1@59.781C VDD_IN 8130mW/7947mW VDD_CPU_GPU_CV 2342mW/2223mW VDD_SOC 2548mW/2508mW
09-08-2026 20:28:52 RAM 3620/7620MB (lfb 96x1MB) SWAP 744/3810MB (cached 1MB) CPU [2%@1728,2%@1728,8%@1728,0%@1728,0%@1728,0%@1728] GR3D_FREQ 0% cpu@58.875C soc2@58.187C soc0@58.468C gpu@59.531C tj@59.531C soc1@59.531C VDD_IN 7697mW/7947mW VDD_CPU_GPU_CV 2059mW/2223mW VDD_SOC 2467mW/2508mW
09-08-2026 20:28:53 RAM 3620/7620MB (lfb 96x1MB) SWAP 744/3810MB (cached 1MB) CPU [1%@1728,2%@1728,8%@1728,0%@1728,0%@1728,0%@1728] GR3D_FREQ 0% cpu@58.843C soc2@58.156C soc0@58.406C gpu@59.343C tj@59.5C soc1@59.5C VDD_IN 7616mW/7946mW VDD_CPU_GPU_CV 2019mW/2222mW VDD_SOC 2467mW/2508mW
09-08-2026 20:28:54 RAM 3620/7620MB (lfb 96x1MB) SWAP 744/3810MB (cached 1MB) CPU [0%@1728,2%@1728,7%@1728,0%@1728,0%@1728,0%@1728] GR3D_FREQ 0% cpu@58.812C soc2@58.187C soc0@58.562C gpu@59.312C tj@59.562C soc1@59.562C VDD_IN 7616mW/7946mW VDD_CPU_GPU_CV 1978mW/2222mW VDD_SOC 2467mW/2508mW
09-08-2026 20:28:55 RAM 3620/7620MB (lfb 96x1MB) SWAP 744/3810MB (cached 1MB) CPU [1%@1728,0%@1728,9%@1728,0%@1728,0%@1728,0%@1728] GR3D_FREQ 0% cpu@58.781C soc2@58.218C soc0@58.375C gpu@59.312C tj@59.625C soc1@59.625C VDD_IN 7616mW/7946mW VDD_CPU_GPU_CV 1978mW/2222mW VDD_SOC 2467mW/2508mW
09-08-2026 20:28:56 RAM 3626/7620MB (lfb 96x1MB) SWAP 744/3810MB (cached 1MB) CPU [1%@1728,2%@1728,9%@1728,2%@1728,0%@1728,17%@1728] GR3D_FREQ 0% cpu@58.906C soc2@58.187C soc0@58.406C gpu@59.406C tj@59.593C soc1@59.593C VDD_IN 7818mW/7946mW VDD_CPU_GPU_CV 2140mW/2222mW VDD_SOC 2467mW/2508mW
09-08-2026 20:28:57 RAM 3690/7620MB (lfb 96x1MB) SWAP 744/3810MB (cached 1MB) CPU [22%@1728,25%@1728,31%@1728,33%@1728,15%@1728,25%@1728] GR3D_FREQ 0% cpu@59.312C soc2@58.656C soc0@58.375C gpu@59.468C tj@59.718C soc1@59.593C VDD_IN 9383mW/7947mW VDD_CPU_GPU_CV 3386mW/2223mW VDD_SOC 2624mW/2508mW
09-08-2026 20:28:58 RAM 3691/7620MB (lfb 96x1MB) SWAP 744/3810MB (cached 1MB) CPU [1%@1728,2%@1728,4%@1728,5%@1728,2%@1728,0%@1728] GR3D_FREQ 0% cpu@58.968C soc2@58.281C soc0@58.437C gpu@59.406C tj@59.625C soc1@59.625C VDD_IN 7887mW/7947mW VDD_CPU_GPU_CV 2221mW/2223mW VDD_SOC 2507mW/2508mW
09-08-2026 20:28:59 RAM 3691/7620MB (lfb 96x1MB) SWAP 744/3810MB (cached 1MB) CPU [0%@1728,0%@1728,0%@1728,9%@1728,2%@1728,0%@1728] GR3D_FREQ 31% cpu@59.093C soc2@58.281C soc0@58.562C gpu@59.406C tj@59.593C soc1@59.593C VDD_IN 7778mW/7947mW VDD_CPU_GPU_CV 2099mW/2223mW VDD_SOC 2507mW/2508mW
09-08-2026 20:29:00 RAM 3710/7620MB (lfb 96x1MB) SWAP 744/3810MB (cached 1MB) CPU [24%@1728,22%@1728,21%@1728,28%@1728,20%@1728,28%@1728] GR3D_FREQ 31% cpu@59.031C soc2@58.343C soc0@58.468C gpu@59.468C tj@59.656C soc1@59.656C VDD_IN 8210mW/7947mW VDD_CPU_GPU_CV 2382mW/2223mW VDD_SOC 2548mW/2508mW
09-08-2026 20:29:01 RAM 3716/7620MB (lfb 96x1MB) SWAP 744/3810MB (cached 1MB) CPU [0%@1728,2%@1728,0%@1728,9%@1728,0%@1728,0%@1728] GR3D_FREQ 17% cpu@59.125C soc2@58.25C soc0@58.406C gpu@59.468C tj@59.718C soc1@59.718C VDD_IN 7778mW/7947mW VDD_CPU_GPU_CV 2099mW/2223mW VDD_SOC 2507mW/2508mW
09-08-2026 20:29:02 RAM 3715/7620MB (lfb 96x1MB) SWAP 744/3810MB (cached 1MB) CPU [0%@1728,6%@1728,0%@1728,4%@1728,0%@1728,0%@1728] GR3D_FREQ 29% cpu@58.937C soc2@58.218C soc0@58.406C gpu@59.468C tj@59.781C soc1@59.781C VDD_IN 7737mW/7947mW VDD_CPU_GPU_CV 2059mW/2223mW VDD_SOC 2467mW/2508mW
09-08-2026 20:29:03 RAM 3715/7620MB (lfb 96x1MB) SWAP 744/3810MB (cached 1MB) CPU [0%@1728,0%@1728,0%@1728,9%@1728,0%@1728,0%@1728] GR3D_FREQ 31% cpu@58.937C soc2@58.25C soc0@58.437C gpu@59.437C tj@59.5C soc1@59.5C VDD_IN 7697mW/7946mW VDD_CPU_GPU_CV 2059mW/2222mW VDD_SOC 2467mW/2508mW
09-08-2026 20:29:04 RAM 3715/7620MB (lfb 96x1MB) SWAP 744/3810MB (cached 1MB) CPU [1%@1728,0%@1728,0%@1728,9%@1728,0%@1728,0%@1728] GR3D_FREQ 0% cpu@59C soc2@58.218C soc0@58.5C gpu@59.468C tj@59.562C soc1@59.562C VDD_IN 7656mW/7946mW VDD_CPU_GPU_CV 2019mW/2222mW VDD_SOC 2467mW/2508mW
09-08-2026 20:29:05 RAM 3727/7620MB (lfb 96x1MB) SWAP 744/3810MB (cached 1MB) CPU [5%@1728,8%@1728,13%@1728,18%@1728,2%@1728,2%@1728] GR3D_FREQ 0% cpu@59.625C soc2@58.343C soc0@58.562C gpu@59.468C tj@59.625C soc1@59.625C VDD_IN 8291mW/7946mW VDD_CPU_GPU_CV 2463mW/2223mW VDD_SOC 2548mW/2508mW
09-08-2026 20:29:06 RAM 3168/7620MB (lfb 2x4MB) SWAP 744/3810MB (cached 1MB) CPU [12%@1728,33%@1728,9%@1728,18%@1728,38%@1728,15%@1728] GR3D_FREQ 0% cpu@59.531C soc2@58.437C soc0@58.625C gpu@59.593C tj@59.656C soc1@59.687C VDD_IN 8898mW/7947mW VDD_CPU_GPU_CV 2867mW/2223mW VDD_SOC 2588mW/2508mW
09-08-2026 20:29:07 RAM 3183/7620MB (lfb 2x4MB) SWAP 744/3810MB (cached 1MB) CPU [5%@1728,100%@1728,7%@1728,1%@1728,0%@1728,0%@1728] GR3D_FREQ 0% cpu@59.156C soc2@58.406C soc0@58.437C gpu@59.593C tj@59.812C soc1@59.812C VDD_IN 8696mW/7948mW VDD_CPU_GPU_CV 2786mW/2223mW VDD_SOC 2588mW/2508mW
09-08-2026 20:29:08 RAM 3241/7620MB (lfb 2x4MB) SWAP 744/3810MB (cached 1MB) CPU [9%@1728,100%@1728,11%@1728,10%@1728,8%@1728,7%@1728] GR3D_FREQ 0% cpu@59.468C soc2@58.406C soc0@58.5C gpu@59.625C tj@59.875C soc1@59.875C VDD_IN 8615mW/7948mW VDD_CPU_GPU_CV 2746mW/2224mW VDD_SOC 2548mW/2508mW
09-08-2026 20:29:09 RAM 3611/7620MB (lfb 96x1MB) SWAP 744/3810MB (cached 1MB) CPU [7%@1728,8%@1728,3%@1728,4%@1728,96%@1728,3%@1728] GR3D_FREQ 0% cpu@59.25C soc2@58.281C soc0@58.562C gpu@59.656C tj@59.687C soc1@59.687C VDD_IN 8858mW/7949mW VDD_CPU_GPU_CV 2705mW/2224mW VDD_SOC 2629mW/2508mW
09-08-2026 20:29:10 RAM 3624/7620MB (lfb 96x1MB) SWAP 744/3810MB (cached 1MB) CPU [13%@1728,18%@1728,9%@1728,9%@1728,24%@1728,7%@1728] GR3D_FREQ 0% cpu@59.125C soc2@58.312C soc0@58.625C gpu@59.687C tj@59.718C soc1@59.718C VDD_IN 7968mW/7949mW VDD_CPU_GPU_CV 2221mW/2224mW VDD_SOC 2507mW/2508mW
09-08-2026 20:29:11 RAM 3624/7620MB (lfb 96x1MB) SWAP 744/3810MB (cached 1MB) CPU [9%@1728,0%@1728,1%@1728,0%@1728,0%@1728,1%@1728] GR3D_FREQ 0% cpu@58.968C soc2@58.343C soc0@58.593C gpu@59.625C tj@59.718C soc1@59.718C VDD_IN 7656mW/7948mW VDD_CPU_GPU_CV 2019mW/2224mW VDD_SOC 2467mW/2508mW
09-08-2026 20:29:12 RAM 3629/7620MB (lfb 96x1MB) SWAP 744/3810MB (cached 1MB) CPU [9%@1728,0%@1728,2%@1728,0%@1728,0%@1728,0%@1728] GR3D_FREQ 0% cpu@58.781C soc2@58.25C soc0@58.406C gpu@59.5C tj@59.656C soc1@59.656C VDD_IN 7656mW/7948mW VDD_CPU_GPU_CV 2019mW/2224mW VDD_SOC 2467mW/2508mW
09-08-2026 20:29:13 RAM 3632/7620MB (lfb 96x1MB) SWAP 744/3810MB (cached 1MB) CPU [8%@1728,2%@1728,11%@1728,4%@1728,0%@1728,1%@1728] GR3D_FREQ 0% cpu@59.187C soc2@58.312C soc0@58.437C gpu@59.437C tj@59.718C soc1@59.718C VDD_IN 7656mW/7948mW VDD_CPU_GPU_CV 2019mW/2224mW VDD_SOC 2467mW/2508mW
09-08-2026 20:29:14 RAM 3642/7620MB (lfb 96x1MB) SWAP 744/3810MB (cached 1MB) CPU [16%@1728,1%@1728,0%@1728,0%@1728,0%@1728,0%@1728] GR3D_FREQ 0% cpu@59.031C soc2@58.25C soc0@58.562C gpu@59.468C tj@59.781C soc1@59.781C VDD_IN 7616mW/7948mW VDD_CPU_GPU_CV 2019mW/2223mW VDD_SOC 2467mW/2508mW
09-08-2026 20:29:15 RAM 3642/7620MB (lfb 96x1MB) SWAP 744/3810MB (cached 1MB) CPU [10%@1728,0%@1728,2%@1728,4%@1728,0%@1728,13%@1728] GR3D_FREQ 0% cpu@58.906C soc2@58.343C soc0@58.5C gpu@59.468C tj@59.562C soc1@59.562C VDD_IN 7846mW/7948mW VDD_CPU_GPU_CV 2180mW/2223mW VDD_SOC 2507mW/2508mW
09-08-2026 20:29:16 RAM 3653/7620MB (lfb 96x1MB) SWAP 744/3810MB (cached 1MB) CPU [17%@1728,2%@1728,0%@1728,2%@1728,0%@1728,6%@1728] GR3D_FREQ 0% cpu@59.468C soc2@58.562C soc0@58.531C gpu@59.437C tj@59.656C soc1@59.656C VDD_IN 7818mW/7948mW VDD_CPU_GPU_CV 2099mW/2223mW VDD_SOC 2507mW/2508mW
09-08-2026 20:29:17 RAM 3695/7620MB (lfb 96x1MB) SWAP 744/3810MB (cached 1MB) CPU [20%@1728,19%@1728,28%@1728,18%@1728,12%@1728,22%@1728] GR3D_FREQ 0% cpu@59.25C soc2@58.437C soc0@58.687C gpu@59.531C tj@59.718C soc1@59.718C VDD_IN 8049mW/7948mW VDD_CPU_GPU_CV 2301mW/2223mW VDD_SOC 2507mW/2508mW
09-08-2026 20:29:18 RAM 3695/7620MB (lfb 96x1MB) SWAP 744/3810MB (cached 1MB) CPU [1%@1728,0%@1728,2%@1728,7%@1728,0%@1728,2%@1728] GR3D_FREQ 31% cpu@59.281C soc2@58.312C soc0@58.468C gpu@59.468C tj@59.781C soc1@59.781C VDD_IN 7778mW/7948mW VDD_CPU_GPU_CV 2099mW/2223mW VDD_SOC 2507mW/2508mW
09-08-2026 20:29:19 RAM 3714/7620MB (lfb 96x1MB) SWAP 744/3810MB (cached 1MB) CPU [17%@1728,25%@1728,27%@1728,28%@1728,25%@1728,25%@1728] GR3D_FREQ 26% cpu@59.187C soc2@58.5C soc0@58.5C gpu@59.625C tj@59.812C soc1@59.812C VDD_IN 8858mW/7948mW VDD_CPU_GPU_CV 2867mW/2224mW VDD_SOC 2629mW/2508mW
09-08-2026 20:29:20 RAM 3719/7620MB (lfb 96x1MB) SWAP 744/3810MB (cached 1MB) CPU [2%@1728,0%@1728,9%@1728,1%@1728,0%@1728,0%@1728] GR3D_FREQ 24% cpu@59.031C soc2@58.343C soc0@58.562C gpu@59.531C tj@59.781C soc1@59.781C VDD_IN 7766mW/7948mW VDD_CPU_GPU_CV 2140mW/2224mW VDD_SOC 2507mW/2508mW
09-08-2026 20:29:21 RAM 3719/7620MB (lfb 96x1MB) SWAP 744/3810MB (cached 1MB) CPU [0%@1728,0%@1728,7%@1728,2%@1728,0%@1728,0%@1728] GR3D_FREQ 31% cpu@58.937C soc2@58.406C soc0@58.562C gpu@59.562C tj@59.75C soc1@59.75C VDD_IN 7697mW/7948mW VDD_CPU_GPU_CV 2059mW/2224mW VDD_SOC 2467mW/2508mW
09-08-2026 20:29:22 RAM 3725/7620MB (lfb 96x1MB) SWAP 744/3810MB (cached 1MB) CPU [1%@1728,1%@1728,0%@1728,10%@1728,0%@1728,0%@1728] GR3D_FREQ 0% cpu@59.062C soc2@58.312C soc0@58.656C gpu@59.531C tj@59.687C soc1@59.687C VDD_IN 7697mW/7948mW VDD_CPU_GPU_CV 2059mW/2223mW VDD_SOC 2507mW/2508mW
09-08-2026 20:29:23 RAM 3725/7620MB (lfb 96x1MB) SWAP 744/3810MB (cached 1MB) CPU [8%@1728,0%@1728,1%@1728,0%@1728,0%@1728,0%@1728] GR3D_FREQ 0% cpu@59.093C soc2@58.281C soc0@58.687C gpu@59.562C tj@59.687C soc1@59.687C VDD_IN 7656mW/7948mW VDD_CPU_GPU_CV 2019mW/2223mW VDD_SOC 2467mW/2508mW
09-08-2026 20:29:24 RAM 3725/7620MB (lfb 96x1MB) SWAP 744/3810MB (cached 1MB) CPU [9%@1728,0%@1728,1%@1728,0%@1728,0%@1728,0%@1728] GR3D_FREQ 0% cpu@58.968C soc2@58.281C soc0@58.468C gpu@59.5C tj@59.687C soc1@59.687C VDD_IN 7656mW/7947mW VDD_CPU_GPU_CV 2019mW/2223mW VDD_SOC 2467mW/2508mW
09-08-2026 20:29:25 RAM 3394/7620MB (lfb 44x2MB) SWAP 744/3810MB (cached 1MB) CPU [18%@1728,6%@1728,4%@1728,8%@1728,12%@1728,29%@1728] GR3D_FREQ 0% cpu@59.281C soc2@58.343C soc0@58.562C gpu@59.5C tj@59.781C soc1@59.781C VDD_IN 8494mW/7948mW VDD_CPU_GPU_CV 2463mW/2223mW VDD_SOC 2588mW/2508mW
09-08-2026 20:29:26 RAM 3185/7620MB (lfb 2x4MB) SWAP 744/3810MB (cached 1MB) CPU [72%@1728,13%@1728,17%@1728,12%@1728,9%@1728,12%@1728] GR3D_FREQ 0% cpu@59.625C soc2@58.593C soc0@58.531C gpu@59.687C tj@59.812C soc1@59.812C VDD_IN 8736mW/7948mW VDD_CPU_GPU_CV 2786mW/2224mW VDD_SOC 2588mW/2508mW
09-08-2026 20:29:27 RAM 3195/7620MB (lfb 2x4MB) SWAP 744/3810MB (cached 1MB) CPU [6%@1728,0%@1728,9%@1728,1%@1728,95%@1728,0%@1728] GR3D_FREQ 0% cpu@59.437C soc2@58.437C soc0@58.625C gpu@59.562C tj@59.687C soc1@59.687C VDD_IN 8655mW/7949mW VDD_CPU_GPU_CV 2746mW/2224mW VDD_SOC 2548mW/2508mW
09-08-2026 20:29:28 RAM 3427/7620MB (lfb 1x4MB) SWAP 744/3810MB (cached 1MB) CPU [8%@1728,7%@1728,16%@1728,8%@1728,100%@1728,7%@1728] GR3D_FREQ 0% cpu@59.625C soc2@58.343C soc0@58.656C gpu@59.656C tj@59.812C soc1@59.812C VDD_IN 8898mW/7949mW VDD_CPU_GPU_CV 2746mW/2224mW VDD_SOC 2629mW/2509mW
09-08-2026 20:29:29 RAM 3625/7620MB (lfb 96x1MB) SWAP 744/3810MB (cached 1MB) CPU [12%@1728,8%@1728,17%@1728,8%@1728,88%@1728,8%@1728] GR3D_FREQ 0% cpu@59.281C soc2@58.5C soc0@58.718C gpu@59.687C tj@59.812C soc1@59.812C VDD_IN 9100mW/7950mW VDD_CPU_GPU_CV 2943mW/2225mW VDD_SOC 2669mW/2509mW
09-08-2026 20:29:30 RAM 3625/7620MB (lfb 96x1MB) SWAP 744/3810MB (cached 1MB) CPU [0%@1728,0%@1728,10%@1728,1%@1728,0%@1728,0%@1728] GR3D_FREQ 0% cpu@59.125C soc2@58.375C soc0@58.531C gpu@59.687C tj@59.781C soc1@59.781C VDD_IN 7737mW/7950mW VDD_CPU_GPU_CV 2099mW/2225mW VDD_SOC 2467mW/2509mW
09-08-2026 20:29:31 RAM 3625/7620MB (lfb 96x1MB) SWAP 744/3810MB (cached 1MB) CPU [0%@1728,0%@1728,9%@1728,0%@1728,0%@1728,0%@1728] GR3D_FREQ 0% cpu@58.968C soc2@58.406C soc0@58.562C gpu@59.687C tj@59.843C soc1@59.843C VDD_IN 7616mW/7950mW VDD_CPU_GPU_CV 2019mW/2225mW VDD_SOC 2467mW/2509mW
09-08-2026 20:29:32 RAM 3625/7620MB (lfb 96x1MB) SWAP 744/3810MB (cached 1MB) CPU [1%@1728,0%@1728,10%@1728,1%@1728,0%@1728,0%@1728] GR3D_FREQ 0% cpu@58.906C soc2@58.375C soc0@58.593C gpu@59.656C tj@59.875C soc1@59.875C VDD_IN 7656mW/7949mW VDD_CPU_GPU_CV 2019mW/2224mW VDD_SOC 2467mW/2509mW
09-08-2026 20:29:33 RAM 3625/7620MB (lfb 96x1MB) SWAP 744/3810MB (cached 1MB) CPU [0%@1728,0%@1728,10%@1728,0%@1728,0%@1728,0%@1728] GR3D_FREQ 0% cpu@58.906C soc2@58.281C soc0@58.593C gpu@59.687C tj@59.718C soc1@59.718C VDD_IN 7616mW/7949mW VDD_CPU_GPU_CV 1978mW/2224mW VDD_SOC 2467mW/2509mW
09-08-2026 20:29:34 RAM 3630/7620MB (lfb 96x1MB) SWAP 744/3810MB (cached 1MB) CPU [1%@1728,0%@1728,8%@1728,3%@1728,0%@1728,0%@1728] GR3D_FREQ 0% cpu@59.156C soc2@58.343C soc0@58.593C gpu@59.75C tj@59.75C soc1@59.656C VDD_IN 7616mW/7949mW VDD_CPU_GPU_CV 2019mW/2224mW VDD_SOC 2467mW/2509mW
09-08-2026 20:29:35 RAM 3631/7620MB (lfb 96x1MB) SWAP 744/3810MB (cached 1MB) CPU [11%@1728,1%@1728,1%@1728,1%@1728,13%@1728,6%@1728] GR3D_FREQ 0% cpu@59.218C soc2@58.5C soc0@58.718C gpu@59.468C tj@59.75C soc1@59.75C VDD_IN 7697mW/7949mW VDD_CPU_GPU_CV 2059mW/2224mW VDD_SOC 2467mW/2508mW
09-08-2026 20:29:36 RAM 3690/7620MB (lfb 96x1MB) SWAP 744/3810MB (cached 1MB) CPU [31%@1728,22%@1728,23%@1728,29%@1728,12%@1728,23%@1728] GR3D_FREQ 0% cpu@59.375C soc2@58.531C soc0@58.562C gpu@59.593C tj@59.781C soc1@59.781C VDD_IN 8291mW/7949mW VDD_CPU_GPU_CV 2544mW/2224mW VDD_SOC 2548mW/2509mW
09-08-2026 20:29:37 RAM 3695/7620MB (lfb 96x1MB) SWAP 744/3810MB (cached 1MB) CPU [10%@1728,2%@1728,4%@1728,1%@1728,0%@1728,0%@1728] GR3D_FREQ 15% cpu@59.187C soc2@58.406C soc0@58.593C gpu@59.593C tj@59.937C soc1@59.937C VDD_IN 7859mW/7949mW VDD_CPU_GPU_CV 2140mW/2224mW VDD_SOC 2507mW/2509mW
09-08-2026 20:29:38 RAM 3715/7620MB (lfb 96x1MB) SWAP 744/3810MB (cached 1MB) CPU [24%@1728,19%@1728,20%@1728,18%@1728,24%@1728,19%@1728] GR3D_FREQ 0% cpu@59.687C soc2@58.812C soc0@58.593C gpu@59.718C tj@59.718C soc1@59.687C VDD_IN 9667mW/7950mW VDD_CPU_GPU_CV 3427mW/2225mW VDD_SOC 2705mW/2509mW
09-08-2026 20:29:39 RAM 3722/7620MB (lfb 96x1MB) SWAP 744/3810MB (cached 1MB) CPU [9%@1728,0%@1728,2%@1728,2%@1728,2%@1728,0%@1728] GR3D_FREQ 31% cpu@59.406C soc2@58.5C soc0@58.687C gpu@59.531C tj@59.812C soc1@59.812C VDD_IN 7968mW/7950mW VDD_CPU_GPU_CV 2261mW/2225mW VDD_SOC 2507mW/2509mW
09-08-2026 20:29:40 RAM 3722/7620MB (lfb 96x1MB) SWAP 744/3810MB (cached 1MB) CPU [2%@1728,0%@1728,8%@1728,0%@1728,0%@1728,0%@1728] GR3D_FREQ 31% cpu@59.093C soc2@58.406C soc0@58.718C gpu@59.625C tj@59.812C soc1@59.812C VDD_IN 7737mW/7950mW VDD_CPU_GPU_CV 2059mW/2225mW VDD_SOC 2467mW/2509mW
09-08-2026 20:29:41 RAM 3722/7620MB (lfb 96x1MB) SWAP 744/3810MB (cached 1MB) CPU [0%@1728,0%@1728,9%@1728,0%@1728,0%@1728,0%@1728] GR3D_FREQ 0% cpu@59.187C soc2@58.281C soc0@58.75C gpu@59.562C tj@59.843C soc1@59.843C VDD_IN 7697mW/7950mW VDD_CPU_GPU_CV 2059mW/2225mW VDD_SOC 2467mW/2509mW
09-08-2026 20:29:42 RAM 3727/7620MB (lfb 96x1MB) SWAP 744/3810MB (cached 1MB) CPU [2%@1728,0%@1728,10%@1728,0%@1728,0%@1728,0%@1728] GR3D_FREQ 13% cpu@59.031C soc2@58.343C soc0@58.5C gpu@59.562C tj@59.875C soc1@59.875C VDD_IN 7697mW/7950mW VDD_CPU_GPU_CV 2059mW/2225mW VDD_SOC 2467mW/2509mW
09-08-2026 20:29:43 RAM 3735/7620MB (lfb 96x1MB) SWAP 744/3810MB (cached 1MB) CPU [11%@1728,1%@1728,11%@1728,1%@1728,0%@1728,1%@1728] GR3D_FREQ 0% cpu@59.218C soc2@58.406C soc0@58.593C gpu@59.593C tj@59.906C soc1@59.906C VDD_IN 7737mW/7950mW VDD_CPU_GPU_CV 2059mW/2225mW VDD_SOC 2467mW/2509mW
09-08-2026 20:29:44 RAM 3740/7620MB (lfb 96x1MB) SWAP 744/3810MB (cached 1MB) CPU [9%@1728,2%@1728,1%@1728,0%@1728,0%@1728,0%@1728] GR3D_FREQ 0% cpu@58.812C soc2@58.343C soc0@58.531C gpu@59.531C tj@59.906C soc1@59.906C VDD_IN 7737mW/7949mW VDD_CPU_GPU_CV 2059mW/2224mW VDD_SOC 2467mW/2508mW
09-08-2026 20:29:45 RAM 3740/7620MB (lfb 96x1MB) SWAP 744/3810MB (cached 1MB) CPU [9%@1728,1%@1728,0%@1728,0%@1728,0%@1728,0%@1728] GR3D_FREQ 0% cpu@58.968C soc2@58.25C soc0@58.593C gpu@59.656C tj@59.687C soc1@59.687C VDD_IN 7656mW/7949mW VDD_CPU_GPU_CV 2019mW/2224mW VDD_SOC 2467mW/2508mW
09-08-2026 20:29:46 RAM 3733/7620MB (lfb 96x1MB) SWAP 744/3810MB (cached 1MB) CPU [11%@1728,0%@1728,7%@1728,0%@1728,0%@1728,0%@1728] GR3D_FREQ 0% cpu@59.187C soc2@58.281C soc0@58.687C gpu@59.562C tj@59.718C soc1@59.718C VDD_IN 7778mW/7949mW VDD_CPU_GPU_CV 2059mW/2224mW VDD_SOC 2507mW/2508mW
09-08-2026 20:29:47 RAM 3738/7620MB (lfb 96x1MB) SWAP 744/3810MB (cached 1MB) CPU [9%@1728,0%@1728,1%@1728,0%@1728,0%@1728,0%@1728] GR3D_FREQ 0% cpu@59.031C soc2@58.343C soc0@58.687C gpu@59.593C tj@59.75C soc1@59.75C VDD_IN 7656mW/7949mW VDD_CPU_GPU_CV 2019mW/2224mW VDD_SOC 2467mW/2508mW
09-08-2026 20:29:48 RAM 3738/7620MB (lfb 96x1MB) SWAP 744/3810MB (cached 1MB) CPU [9%@1728,0%@1728,0%@1728,0%@1728,0%@1728,0%@1728] GR3D_FREQ 0% cpu@59.062C soc2@58.25C soc0@58.593C gpu@59.625C tj@59.843C soc1@59.843C VDD_IN 7616mW/7949mW VDD_CPU_GPU_CV 2019mW/2224mW VDD_SOC 2467mW/2508mW
09-08-2026 20:29:49 RAM 3738/7620MB (lfb 96x1MB) SWAP 744/3810MB (cached 1MB) CPU [8%@1728,2%@1728,0%@1728,1%@1728,0%@1728,0%@1728] GR3D_FREQ 0% cpu@58.843C soc2@58.406C soc0@58.531C gpu@59.687C tj@59.781C soc1@59.781C VDD_IN 7656mW/7949mW VDD_CPU_GPU_CV 2019mW/2224mW VDD_SOC 2467mW/2508mW
09-08-2026 20:29:50 RAM 3713/7620MB (lfb 96x1MB) SWAP 744/3810MB (cached 1MB) CPU [10%@1728,0%@1728,0%@1728,1%@1728,0%@1728,0%@1728] GR3D_FREQ 0% cpu@58.968C soc2@58.343C soc0@58.531C gpu@59.625C tj@59.843C soc1@59.843C VDD_IN 7616mW/7948mW VDD_CPU_GPU_CV 2019mW/2224mW VDD_SOC 2467mW/2508mW
09-08-2026 20:29:51 RAM 3714/7620MB (lfb 96x1MB) SWAP 744/3810MB (cached 1MB) CPU [10%@1728,0%@1728,0%@1728,0%@1728,0%@1728,0%@1728] GR3D_FREQ 0% cpu@58.781C soc2@58.312C soc0@58.593C gpu@59.593C tj@59.625C soc1@59.625C VDD_IN 7616mW/7948mW VDD_CPU_GPU_CV 2019mW/2224mW VDD_SOC 2467mW/2508mW
09-08-2026 20:29:52 RAM 3719/7620MB (lfb 96x1MB) SWAP 744/3810MB (cached 1MB) CPU [9%@1728,1%@1728,1%@1728,1%@1728,0%@1728,0%@1728] GR3D_FREQ 0% cpu@58.875C soc2@58.218C soc0@58.562C gpu@59.531C tj@59.625C soc1@59.625C VDD_IN 7616mW/7948mW VDD_CPU_GPU_CV 2019mW/2223mW VDD_SOC 2467mW/2508mW
09-08-2026 20:29:53 RAM 3719/7620MB (lfb 96x1MB) SWAP 744/3810MB (cached 1MB) CPU [10%@1728,0%@1728,0%@1728,0%@1728,0%@1728,0%@1728] GR3D_FREQ 0% cpu@59.125C soc2@58.281C soc0@58.562C gpu@59.593C tj@59.687C soc1@59.687C VDD_IN 7575mW/7948mW VDD_CPU_GPU_CV 1978mW/2223mW VDD_SOC 2467mW/2508mW
