09-09-2026 00:43:05 RAM 2214/7620MB (lfb 18x4MB) SWAP 409/3810MB (cached 1MB) CPU [1%@1728,1%@1728,2%@1728,2%@1728,10%@1728,4%@1728] GR3D_FREQ 0% cpu@56.093C soc2@55.156C soc0@55.281C gpu@56.656C tj@56.781C soc1@56.781C VDD_IN 6968mW/6968mW VDD_CPU_GPU_CV 1617mW/1617mW VDD_SOC 2345mW/2345mW
09-09-2026 00:43:06 RAM 2219/7620MB (lfb 18x4MB) SWAP 409/3810MB (cached 1MB) CPU [12%@1728,8%@1728,3%@1728,3%@1728,23%@1728,13%@1728] GR3D_FREQ 0% cpu@56.156C soc2@55.312C soc0@55.343C gpu@56.593C tj@57C soc1@57C VDD_IN 7575mW/7272mW VDD_CPU_GPU_CV 2019mW/1818mW VDD_SOC 2386mW/2366mW
09-09-2026 00:43:07 RAM 2219/7620MB (lfb 18x4MB) SWAP 409/3810MB (cached 1MB) CPU [1%@1728,0%@1728,0%@1728,1%@1728,6%@1728,17%@1728] GR3D_FREQ 0% cpu@55.687C soc2@55.218C soc0@55.406C gpu@56.718C tj@57.031C soc1@57.031C VDD_IN 7008mW/7184mW VDD_CPU_GPU_CV 1617mW/1751mW VDD_SOC 2345mW/2359mW
09-09-2026 00:43:08 RAM 2219/7620MB (lfb 18x4MB) SWAP 409/3810MB (cached 1MB) CPU [0%@1728,0%@1728,0%@1728,0%@1728,1%@1728,0%@1728] GR3D_FREQ 0% cpu@55.812C soc2@55.125C soc0@55.406C gpu@56.625C tj@56.718C soc1@56.718C VDD_IN 6887mW/7110mW VDD_CPU_GPU_CV 1537mW/1698mW VDD_SOC 2345mW/2355mW
09-09-2026 00:43:10 RAM 2219/7620MB (lfb 18x4MB) SWAP 409/3810MB (cached 1MB) CPU [0%@1728,1%@1728,0%@1728,1%@1728,0%@1728,0%@1728] GR3D_FREQ 0% cpu@55.875C soc2@55.093C soc0@55.375C gpu@56.687C tj@56.718C soc1@56.718C VDD_IN 6887mW/7065mW VDD_CPU_GPU_CV 1537mW/1665mW VDD_SOC 2345mW/2353mW
09-09-2026 00:43:11 RAM 2218/7620MB (lfb 18x4MB) SWAP 409/3810MB (cached 1MB) CPU [5%@1728,14%@1728,5%@1728,11%@1728,18%@1728,11%@1728] GR3D_FREQ 0% cpu@56.156C soc2@55.187C soc0@55.531C gpu@56.843C tj@56.843C soc1@56.812C VDD_IN 7170mW/7083mW VDD_CPU_GPU_CV 1739mW/1678mW VDD_SOC 2386mW/2359mW
09-09-2026 00:43:12 RAM 2218/7620MB (lfb 18x4MB) SWAP 409/3810MB (cached 1MB) CPU [0%@1728,0%@1728,0%@1728,0%@1728,0%@1728,0%@1728] GR3D_FREQ 0% cpu@56C soc2@55.218C soc0@55.375C gpu@56.75C tj@56.781C soc1@56.781C VDD_IN 6887mW/7055mW VDD_CPU_GPU_CV 1537mW/1658mW VDD_SOC 2345mW/2357mW
09-09-2026 00:43:13 RAM 2218/7620MB (lfb 18x4MB) SWAP 409/3810MB (cached 1MB) CPU [1%@1728,0%@1728,0%@1728,0%@1728,0%@1728,0%@1728] GR3D_FREQ 0% cpu@55.906C soc2@55.187C soc0@55.281C gpu@56.656C tj@56.906C soc1@56.906C VDD_IN 6887mW/7034mW VDD_CPU_GPU_CV 1537mW/1643mW VDD_SOC 2349mW/2356mW
09-09-2026 00:43:14 RAM 2218/7620MB (lfb 18x4MB) SWAP 409/3810MB (cached 1MB) CPU [0%@1728,0%@1728,0%@1728,0%@1728,0%@1728,0%@1728] GR3D_FREQ 0% cpu@55.812C soc2@55.156C soc0@55.375C gpu@56.75C tj@56.906C soc1@56.906C VDD_IN 6846mW/7013mW VDD_CPU_GPU_CV 1537mW/1631mW VDD_SOC 2349mW/2355mW
09-09-2026 00:43:15 RAM 2218/7620MB (lfb 18x4MB) SWAP 409/3810MB (cached 1MB) CPU [0%@1728,0%@1728,0%@1728,0%@1728,0%@1728,0%@1728] GR3D_FREQ 0% cpu@55.812C soc2@55.25C soc0@55.343C gpu@56.406C tj@56.687C soc1@56.687C VDD_IN 6846mW/6996mW VDD_CPU_GPU_CV 1537mW/1621mW VDD_SOC 2345mW/2354mW
09-09-2026 00:43:16 RAM 2219/7620MB (lfb 18x4MB) SWAP 409/3810MB (cached 1MB) CPU [0%@1728,0%@1728,0%@1728,1%@1728,0%@1728,0%@1728] GR3D_FREQ 0% cpu@55.75C soc2@55.062C soc0@55.343C gpu@56.343C tj@56.781C soc1@56.781C VDD_IN 6887mW/6986mW VDD_CPU_GPU_CV 1537mW/1614mW VDD_SOC 2349mW/2354mW
09-09-2026 00:43:17 RAM 2221/7620MB (lfb 18x4MB) SWAP 409/3810MB (cached 1MB) CPU [0%@1728,0%@1728,0%@1728,0%@1728,0%@1728,0%@1728] GR3D_FREQ 0% cpu@55.906C soc2@55.125C soc0@55.375C gpu@56.343C tj@56.75C soc1@56.75C VDD_IN 6887mW/6978mW VDD_CPU_GPU_CV 1537mW/1607mW VDD_SOC 2345mW/2353mW
09-09-2026 00:43:18 RAM 2221/7620MB (lfb 18x4MB) SWAP 409/3810MB (cached 1MB) CPU [0%@1728,0%@1728,0%@1728,0%@1728,0%@1728,0%@1728] GR3D_FREQ 0% cpu@55.875C soc2@55.062C soc0@55.437C gpu@56.375C tj@56.718C soc1@56.718C VDD_IN 6846mW/6968mW VDD_CPU_GPU_CV 1537mW/1602mW VDD_SOC 2345mW/2352mW
09-09-2026 00:43:19 RAM 2221/7620MB (lfb 18x4MB) SWAP 409/3810MB (cached 1MB) CPU [0%@1728,0%@1728,0%@1728,2%@1728,0%@1728,0%@1728] GR3D_FREQ 0% cpu@55.906C soc2@55.093C soc0@55.312C gpu@56.375C tj@56.718C soc1@56.718C VDD_IN 6846mW/6959mW VDD_CPU_GPU_CV 1537mW/1597mW VDD_SOC 2349mW/2352mW
09-09-2026 00:43:20 RAM 2221/7620MB (lfb 18x4MB) SWAP 409/3810MB (cached 1MB) CPU [1%@1728,2%@1728,0%@1728,0%@1728,0%@1728,0%@1728] GR3D_FREQ 0% cpu@55.687C soc2@55.156C soc0@55.375C gpu@56.343C tj@56.781C soc1@56.781C VDD_IN 6887mW/6954mW VDD_CPU_GPU_CV 1537mW/1593mW VDD_SOC 2345mW/2352mW
09-09-2026 00:43:21 RAM 2221/7620MB (lfb 18x4MB) SWAP 409/3810MB (cached 1MB) CPU [0%@1728,0%@1728,0%@1728,1%@1728,1%@1728,0%@1728] GR3D_FREQ 0% cpu@55.687C soc2@55.218C soc0@55.343C gpu@56.312C tj@56.875C soc1@56.875C VDD_IN 6887mW/6950mW VDD_CPU_GPU_CV 1537mW/1590mW VDD_SOC 2345mW/2351mW
09-09-2026 00:43:22 RAM 2221/7620MB (lfb 18x4MB) SWAP 409/3810MB (cached 1MB) CPU [0%@1728,0%@1728,0%@1728,0%@1728,0%@1728,0%@1728] GR3D_FREQ 0% cpu@55.687C soc2@55.125C soc0@55.281C gpu@56.281C tj@56.625C soc1@56.625C VDD_IN 6846mW/6944mW VDD_CPU_GPU_CV 1537mW/1587mW VDD_SOC 2349mW/2351mW
09-09-2026 00:43:23 RAM 2221/7620MB (lfb 18x4MB) SWAP 409/3810MB (cached 1MB) CPU [0%@1728,0%@1728,0%@1728,0%@1728,0%@1728,0%@1728] GR3D_FREQ 0% cpu@55.812C soc2@55.125C soc0@55.343C gpu@56.375C tj@56.687C soc1@56.687C VDD_IN 6846mW/6939mW VDD_CPU_GPU_CV 1537mW/1584mW VDD_SOC 2345mW/2351mW
09-09-2026 00:43:24 RAM 2221/7620MB (lfb 18x4MB) SWAP 409/3810MB (cached 1MB) CPU [0%@1728,0%@1728,0%@1728,0%@1728,0%@1728,0%@1728] GR3D_FREQ 0% cpu@55.968C soc2@55.093C soc0@55.343C gpu@56.281C tj@56.718C soc1@56.718C VDD_IN 6846mW/6934mW VDD_CPU_GPU_CV 1537mW/1581mW VDD_SOC 2349mW/2351mW
09-09-2026 00:43:25 RAM 2221/7620MB (lfb 18x4MB) SWAP 409/3810MB (cached 1MB) CPU [0%@1728,0%@1728,0%@1728,0%@1728,0%@1728,0%@1728] GR3D_FREQ 0% cpu@55.843C soc2@55.031C soc0@55.5C gpu@56.406C tj@56.75C soc1@56.75C VDD_IN 6846mW/6929mW VDD_CPU_GPU_CV 1537mW/1579mW VDD_SOC 2345mW/2350mW
09-09-2026 00:43:26 RAM 2234/7620MB (lfb 18x4MB) SWAP 409/3810MB (cached 1MB) CPU [10%@1728,0%@1728,0%@1728,1%@1728,0%@1728,0%@1728] GR3D_FREQ 0% cpu@56.25C soc2@55.25C soc0@55.218C gpu@56.375C tj@56.781C soc1@56.781C VDD_IN 7089mW/6937mW VDD_CPU_GPU_CV 1698mW/1585mW VDD_SOC 2386mW/2352mW
09-09-2026 00:43:27 RAM 2242/7620MB (lfb 18x4MB) SWAP 409/3810MB (cached 1MB) CPU [18%@1728,8%@1728,4%@1728,0%@1728,0%@1728,0%@1728] GR3D_FREQ 0% cpu@55.875C soc2@55.156C soc0@55.343C gpu@56.406C tj@56.875C soc1@56.875C VDD_IN 7170mW/6947mW VDD_CPU_GPU_CV 1739mW/1592mW VDD_SOC 2386mW/2354mW
09-09-2026 00:43:28 RAM 2242/7620MB (lfb 18x4MB) SWAP 409/3810MB (cached 1MB) CPU [9%@1728,1%@1728,0%@1728,11%@1728,0%@1728,0%@1728] GR3D_FREQ 0% cpu@56.062C soc2@55.156C soc0@55.281C gpu@56.406C tj@56.718C soc1@56.718C VDD_IN 7130mW/6955mW VDD_CPU_GPU_CV 1698mW/1596mW VDD_SOC 2386mW/2355mW
09-09-2026 00:43:29 RAM 2244/7620MB (lfb 18x4MB) SWAP 409/3810MB (cached 1MB) CPU [3%@1728,6%@1728,1%@1728,13%@1728,0%@1728,0%@1728] GR3D_FREQ 0% cpu@55.875C soc2@55.281C soc0@55.5C gpu@56.5C tj@56.718C soc1@56.718C VDD_IN 7846mW/6993mW VDD_CPU_GPU_CV 2180mW/1621mW VDD_SOC 2507mW/2361mW
09-09-2026 00:43:30 RAM 2249/7620MB (lfb 18x4MB) SWAP 409/3810MB (cached 1MB) CPU [7%@1728,0%@1728,3%@1728,15%@1728,0%@1728,0%@1728] GR3D_FREQ 0% cpu@56C soc2@55.25C soc0@55.531C gpu@56.562C tj@56.718C soc1@56.718C VDD_IN 7887mW/7028mW VDD_CPU_GPU_CV 2221mW/1645mW VDD_SOC 2507mW/2367mW
09-09-2026 00:43:31 RAM 2254/7620MB (lfb 18x4MB) SWAP 409/3810MB (cached 1MB) CPU [9%@1728,8%@1728,0%@1728,15%@1728,0%@1728,0%@1728] GR3D_FREQ 0% cpu@56.375C soc2@55.218C soc0@55.562C gpu@56.5C tj@56.843C soc1@56.843C VDD_IN 7454mW/7045mW VDD_CPU_GPU_CV 1898mW/1655mW VDD_SOC 2426mW/2369mW
09-09-2026 00:43:32 RAM 2255/7620MB (lfb 18x4MB) SWAP 409/3810MB (cached 1MB) CPU [14%@1728,5%@1728,1%@1728,4%@1728,0%@1728,0%@1728] GR3D_FREQ 0% cpu@56.281C soc2@55.312C soc0@55.375C gpu@56.562C tj@56.968C soc1@56.968C VDD_IN 7656mW/7067mW VDD_CPU_GPU_CV 2059mW/1670mW VDD_SOC 2467mW/2373mW
09-09-2026 00:43:33 RAM 2256/7620MB (lfb 18x4MB) SWAP 409/3810MB (cached 1MB) CPU [8%@1728,9%@1728,9%@1728,6%@1728,0%@1728,0%@1728] GR3D_FREQ 0% cpu@56.093C soc2@55.281C soc0@55.437C gpu@56.531C tj@56.937C soc1@56.937C VDD_IN 7778mW/7093mW VDD_CPU_GPU_CV 2140mW/1686mW VDD_SOC 2467mW/2376mW
09-09-2026 00:43:34 RAM 2264/7620MB (lfb 18x4MB) SWAP 409/3810MB (cached 1MB) CPU [11%@1728,3%@1728,7%@1728,5%@1728,0%@1728,0%@1728] GR3D_FREQ 0% cpu@56.218C soc2@55.468C soc0@55.437C gpu@56.562C tj@57.062C soc1@57.062C VDD_IN 7494mW/7107mW VDD_CPU_GPU_CV 1938mW/1695mW VDD_SOC 2426mW/2378mW
09-09-2026 00:43:35 RAM 2264/7620MB (lfb 18x4MB) SWAP 409/3810MB (cached 1MB) CPU [2%@1728,10%@1728,3%@1728,11%@1728,0%@1728,0%@1728] GR3D_FREQ 0% cpu@56.062C soc2@55.406C soc0@55.5C gpu@56.593C tj@56.812C soc1@56.812C VDD_IN 7413mW/7117mW VDD_CPU_GPU_CV 1898mW/1702mW VDD_SOC 2426mW/2380mW
09-09-2026 00:43:36 RAM 2265/7620MB (lfb 18x4MB) SWAP 409/3810MB (cached 1MB) CPU [3%@1728,6%@1728,13%@1728,2%@1728,0%@1728,0%@1728] GR3D_FREQ 0% cpu@56.093C soc2@55.187C soc0@55.625C gpu@56.593C tj@56.781C soc1@56.781C VDD_IN 7170mW/7118mW VDD_CPU_GPU_CV 1739mW/1703mW VDD_SOC 2386mW/2380mW
09-09-2026 00:43:37 RAM 2268/7620MB (lfb 18x4MB) SWAP 409/3810MB (cached 1MB) CPU [10%@1728,7%@1728,11%@1728,0%@1728,0%@1728,0%@1728] GR3D_FREQ 6% cpu@56.375C soc2@55.468C soc0@55.812C gpu@56.656C tj@56.781C soc1@56.906C VDD_IN 8170mW/7151mW VDD_CPU_GPU_CV 2382mW/1724mW VDD_SOC 2548mW/2385mW
09-09-2026 00:43:38 RAM 2268/7620MB (lfb 18x4MB) SWAP 409/3810MB (cached 1MB) CPU [1%@1728,5%@1728,8%@1728,5%@1728,0%@1728,0%@1728] GR3D_FREQ 0% cpu@56.437C soc2@55.312C soc0@55.437C gpu@56.562C tj@56.968C soc1@56.968C VDD_IN 7170mW/7152mW VDD_CPU_GPU_CV 1739mW/1725mW VDD_SOC 2386mW/2385mW
09-09-2026 00:43:39 RAM 2268/7620MB (lfb 18x4MB) SWAP 409/3810MB (cached 1MB) CPU [4%@1728,0%@1728,7%@1728,10%@1728,0%@1728,0%@1728] GR3D_FREQ 0% cpu@56.25C soc2@55.25C soc0@55.375C gpu@56.625C tj@56.937C soc1@56.937C VDD_IN 7130mW/7151mW VDD_CPU_GPU_CV 1698mW/1724mW VDD_SOC 2386mW/2385mW
09-09-2026 00:43:40 RAM 2286/7620MB (lfb 17x4MB) SWAP 409/3810MB (cached 1MB) CPU [12%@1728,4%@1728,7%@1728,10%@1728,0%@1728,0%@1728] GR3D_FREQ 54% cpu@56.156C soc2@56C soc0@55.687C gpu@56.843C tj@57.062C soc1@57.062C VDD_IN 8939mW/7202mW VDD_CPU_GPU_CV 2903mW/1758mW VDD_SOC 2669mW/2393mW
09-09-2026 00:43:41 RAM 2308/7620MB (lfb 12x4MB) SWAP 409/3810MB (cached 1MB) CPU [11%@1728,6%@1728,4%@1728,5%@1728,0%@1728,0%@1728] GR3D_FREQ 0% cpu@56C soc2@55.312C soc0@55.593C gpu@56.781C tj@56.843C soc1@56.843C VDD_IN 7737mW/7217mW VDD_CPU_GPU_CV 2099mW/1767mW VDD_SOC 2467mW/2395mW
09-09-2026 00:43:42 RAM 2318/7620MB (lfb 11x4MB) SWAP 409/3810MB (cached 1MB) CPU [13%@1728,6%@1728,3%@1728,2%@1728,0%@1728,0%@1728] GR3D_FREQ 0% cpu@56.25C soc2@55.312C soc0@55.656C gpu@56.75C tj@56.906C soc1@56.906C VDD_IN 7846mW/7234mW VDD_CPU_GPU_CV 2180mW/1778mW VDD_SOC 2467mW/2397mW
09-09-2026 00:43:43 RAM 2318/7620MB (lfb 11x4MB) SWAP 409/3810MB (cached 1MB) CPU [14%@1728,6%@1728,0%@1728,2%@1728,0%@1728,0%@1728] GR3D_FREQ 0% cpu@56.093C soc2@55.312C soc0@55.718C gpu@56.875C tj@56.968C soc1@56.968C VDD_IN 7656mW/7245mW VDD_CPU_GPU_CV 2059mW/1786mW VDD_SOC 2467mW/2399mW
09-09-2026 00:43:44 RAM 2322/7620MB (lfb 10x4MB) SWAP 409/3810MB (cached 1MB) CPU [11%@1728,0%@1728,8%@1728,0%@1728,0%@1728,0%@1728] GR3D_FREQ 0% cpu@56.5C soc2@55.312C soc0@55.406C gpu@56.656C tj@57C soc1@57C VDD_IN 7170mW/7243mW VDD_CPU_GPU_CV 1739mW/1784mW VDD_SOC 2386mW/2399mW
09-09-2026 00:43:45 RAM 2330/7620MB (lfb 9x4MB) SWAP 409/3810MB (cached 1MB) CPU [2%@1728,3%@1728,9%@1728,10%@1728,2%@1728,0%@1728] GR3D_FREQ 0% cpu@56.25C soc2@55.5C soc0@55.562C gpu@56.906C tj@56.968C soc1@56.968C VDD_IN 8453mW/7274mW VDD_CPU_GPU_CV 2584mW/1804mW VDD_SOC 2588mW/2403mW
09-09-2026 00:43:46 RAM 2335/7620MB (lfb 9x4MB) SWAP 409/3810MB (cached 1MB) CPU [2%@1728,2%@1728,14%@1728,7%@1728,0%@1728,0%@1728] GR3D_FREQ 0% cpu@56.312C soc2@55.375C soc0@55.531C gpu@56.812C tj@57.093C soc1@57.093C VDD_IN 7575mW/7281mW VDD_CPU_GPU_CV 2019mW/1810mW VDD_SOC 2426mW/2404mW
09-09-2026 00:43:47 RAM 2335/7620MB (lfb 9x4MB) SWAP 409/3810MB (cached 1MB) CPU [18%@1728,3%@1728,1%@1728,0%@1728,0%@1728,0%@1728] GR3D_FREQ 0% cpu@56.093C soc2@55.5C soc0@55.593C gpu@56.906C tj@56.906C soc1@56.875C VDD_IN 7332mW/7282mW VDD_CPU_GPU_CV 1860mW/1811mW VDD_SOC 2426mW/2405mW
09-09-2026 00:43:48 RAM 2342/7620MB (lfb 7x4MB) SWAP 409/3810MB (cached 1MB) CPU [11%@1728,0%@1728,0%@1728,0%@1728,8%@1728,1%@1728] GR3D_FREQ 0% cpu@56.062C soc2@55.312C soc0@55.562C gpu@56.843C tj@56.906C soc1@56.906C VDD_IN 7130mW/7279mW VDD_CPU_GPU_CV 1698mW/1808mW VDD_SOC 2386mW/2404mW
09-09-2026 00:43:49 RAM 2343/7620MB (lfb 7x4MB) SWAP 409/3810MB (cached 1MB) CPU [7%@1728,0%@1728,1%@1728,1%@1728,18%@1728,0%@1728] GR3D_FREQ 0% cpu@56.281C soc2@55.375C soc0@55.781C gpu@56.937C tj@57C soc1@56.906C VDD_IN 7846mW/7292mW VDD_CPU_GPU_CV 2180mW/1817mW VDD_SOC 2507mW/2406mW
09-09-2026 00:43:50 RAM 2342/7620MB (lfb 7x4MB) SWAP 409/3810MB (cached 1MB) CPU [9%@1728,6%@1728,0%@1728,3%@1728,6%@1728,12%@1728] GR3D_FREQ 0% cpu@56.125C soc2@55.437C soc0@55.875C gpu@57.031C tj@57.031C soc1@57C VDD_IN 7968mW/7307mW VDD_CPU_GPU_CV 2261mW/1827mW VDD_SOC 2507mW/2409mW
09-09-2026 00:43:51 RAM 2342/7620MB (lfb 6x4MB) SWAP 409/3810MB (cached 1MB) CPU [1%@1728,1%@1728,2%@1728,3%@1728,0%@1728,20%@1728] GR3D_FREQ 0% cpu@56.218C soc2@55.5C soc0@55.625C gpu@57.031C tj@57.031C soc1@57.031C VDD_IN 8049mW/7323mW VDD_CPU_GPU_CV 2342mW/1838mW VDD_SOC 2507mW/2411mW
09-09-2026 00:43:52 RAM 2342/7620MB (lfb 6x4MB) SWAP 409/3810MB (cached 1MB) CPU [1%@1728,2%@1728,0%@1728,1%@1728,5%@1728,12%@1728] GR3D_FREQ 0% cpu@56.093C soc2@55.375C soc0@55.593C gpu@56.937C tj@57.125C soc1@57.125C VDD_IN 7211mW/7320mW VDD_CPU_GPU_CV 1779mW/1836mW VDD_SOC 2386mW/2410mW
09-09-2026 00:43:53 RAM 2351/7620MB (lfb 5x4MB) SWAP 409/3810MB (cached 1MB) CPU [3%@1728,3%@1728,0%@1728,3%@1728,4%@1728,12%@1728] GR3D_FREQ 0% cpu@56.343C soc2@55.625C soc0@55.781C gpu@57.281C tj@57.281C soc1@57C VDD_IN 9464mW/7365mW VDD_CPU_GPU_CV 3265mW/1866mW VDD_SOC 2746mW/2417mW
09-09-2026 00:43:54 RAM 2351/7620MB (lfb 5x4MB) SWAP 409/3810MB (cached 1MB) CPU [0%@1728,0%@1728,0%@1728,3%@1728,18%@1728,0%@1728] GR3D_FREQ 0% cpu@56.187C soc2@55.5C soc0@55.687C gpu@57.062C tj@57.062C soc1@57C VDD_IN 7846mW/7375mW VDD_CPU_GPU_CV 2221mW/1873mW VDD_SOC 2507mW/2419mW
09-09-2026 00:43:55 RAM 2351/7620MB (lfb 5x4MB) SWAP 409/3810MB (cached 1MB) CPU [2%@1728,3%@1728,2%@1728,2%@1728,17%@1728,0%@1728] GR3D_FREQ 2% cpu@56.375C soc2@55.75C soc0@55.937C gpu@56.843C tj@57.031C soc1@57.031C VDD_IN 8494mW/7397mW VDD_CPU_GPU_CV 2624mW/1888mW VDD_SOC 2588mW/2423mW
09-09-2026 00:43:56 RAM 2354/7620MB (lfb 4x4MB) SWAP 409/3810MB (cached 1MB) CPU [1%@1728,3%@1728,1%@1728,0%@1728,18%@1728,0%@1728] GR3D_FREQ 0% cpu@56.531C soc2@55.437C soc0@55.718C gpu@56.593C tj@57.031C soc1@57.031C VDD_IN 7251mW/7394mW VDD_CPU_GPU_CV 1779mW/1886mW VDD_SOC 2386mW/2422mW
09-09-2026 00:43:57 RAM 2354/7620MB (lfb 4x4MB) SWAP 409/3810MB (cached 1MB) CPU [3%@1728,0%@1728,0%@1728,2%@1728,20%@1728,0%@1728] GR3D_FREQ 0% cpu@56.375C soc2@55.531C soc0@55.687C gpu@56.718C tj@57.125C soc1@57.125C VDD_IN 8251mW/7411mW VDD_CPU_GPU_CV 2463mW/1897mW VDD_SOC 2548mW/2424mW
09-09-2026 00:43:58 RAM 2350/7620MB (lfb 4x4MB) SWAP 409/3810MB (cached 1MB) CPU [3%@1728,1%@1728,0%@1728,2%@1728,17%@1728,1%@1728] GR3D_FREQ 0% cpu@56.312C soc2@55.468C soc0@55.625C gpu@56.593C tj@57.093C soc1@57.093C VDD_IN 7494mW/7412mW VDD_CPU_GPU_CV 1938mW/1898mW VDD_SOC 2426mW/2424mW
09-09-2026 00:43:59 RAM 2350/7620MB (lfb 4x4MB) SWAP 409/3810MB (cached 1MB) CPU [1%@1728,1%@1728,0%@1728,2%@1728,12%@1728,7%@1728] GR3D_FREQ 0% cpu@56.25C soc2@55.593C soc0@55.812C gpu@56.75C tj@57.187C soc1@57.187C VDD_IN 8251mW/7428mW VDD_CPU_GPU_CV 2463mW/1909mW VDD_SOC 2548mW/2427mW
09-09-2026 00:44:00 RAM 2350/7620MB (lfb 4x4MB) SWAP 409/3810MB (cached 1MB) CPU [4%@1728,0%@1728,2%@1728,4%@1728,12%@1728,3%@1728] GR3D_FREQ 0% cpu@56.312C soc2@55.531C soc0@55.843C gpu@56.812C tj@57C soc1@57C VDD_IN 7968mW/7438mW VDD_CPU_GPU_CV 2301mW/1916mW VDD_SOC 2507mW/2428mW
09-09-2026 00:44:01 RAM 2351/7620MB (lfb 3x4MB) SWAP 409/3810MB (cached 1MB) CPU [1%@1728,3%@1728,2%@1728,2%@1728,14%@1728,9%@1728] GR3D_FREQ 56% cpu@56.437C soc2@55.875C soc0@55.937C gpu@57.031C tj@57.031C soc1@57.031C VDD_IN 8534mW/7457mW VDD_CPU_GPU_CV 2624mW/1928mW VDD_SOC 2588mW/2431mW
09-09-2026 00:44:02 RAM 2351/7620MB (lfb 3x4MB) SWAP 409/3810MB (cached 1MB) CPU [1%@1728,1%@1728,0%@1728,3%@1728,10%@1728,7%@1728] GR3D_FREQ 0% cpu@56.437C soc2@55.593C soc0@55.937C gpu@56.75C tj@57.093C soc1@57.093C VDD_IN 7818mW/7464mW VDD_CPU_GPU_CV 2140mW/1932mW VDD_SOC 2467mW/2432mW
09-09-2026 00:44:03 RAM 2351/7620MB (lfb 3x4MB) SWAP 409/3810MB (cached 1MB) CPU [1%@1728,3%@1728,1%@1728,1%@1728,0%@1728,18%@1728] GR3D_FREQ 0% cpu@56.5C soc2@55.718C soc0@55.812C gpu@56.906C tj@57.156C soc1@57.156C VDD_IN 8210mW/7476mW VDD_CPU_GPU_CV 2423mW/1941mW VDD_SOC 2548mW/2434mW
09-09-2026 00:44:04 RAM 2349/7620MB (lfb 3x4MB) SWAP 409/3810MB (cached 1MB) CPU [1%@1728,3%@1728,0%@1728,0%@1728,0%@1728,15%@1728] GR3D_FREQ 0% cpu@56.187C soc2@55.468C soc0@55.656C gpu@56.75C tj@57.187C soc1@57.187C VDD_IN 7170mW/7471mW VDD_CPU_GPU_CV 1739mW/1937mW VDD_SOC 2386mW/2433mW
09-09-2026 00:44:05 RAM 2349/7620MB (lfb 3x4MB) SWAP 409/3810MB (cached 1MB) CPU [6%@1728,0%@1728,2%@1728,0%@1728,13%@1728,6%@1728] GR3D_FREQ 0% cpu@56.125C soc2@55.562C soc0@55.812C gpu@56.875C tj@57.218C soc1@57.218C VDD_IN 8291mW/7485mW VDD_CPU_GPU_CV 2503mW/1947mW VDD_SOC 2548mW/2435mW
09-09-2026 00:44:06 RAM 2349/7620MB (lfb 2x4MB) SWAP 409/3810MB (cached 1MB) CPU [2%@1728,2%@1728,1%@1728,2%@1728,2%@1728,18%@1728] GR3D_FREQ 0% cpu@56.156C soc2@55.531C soc0@55.781C gpu@56.843C tj@57C soc1@57C VDD_IN 7332mW/7482mW VDD_CPU_GPU_CV 1860mW/1945mW VDD_SOC 2426mW/2434mW
09-09-2026 00:44:07 RAM 2349/7620MB (lfb 2x4MB) SWAP 409/3810MB (cached 1MB) CPU [0%@1728,0%@1728,0%@1728,3%@1728,0%@1728,16%@1728] GR3D_FREQ 0% cpu@56.343C soc2@55.437C soc0@55.875C gpu@56.843C tj@57.093C soc1@57.093C VDD_IN 7697mW/7486mW VDD_CPU_GPU_CV 2059mW/1947mW VDD_SOC 2467mW/2435mW
09-09-2026 00:44:08 RAM 2349/7620MB (lfb 2x4MB) SWAP 409/3810MB (cached 1MB) CPU [1%@1728,1%@1728,0%@1728,5%@1728,9%@1728,11%@1728] GR3D_FREQ 0% cpu@56.343C soc2@55.531C soc0@55.843C gpu@56.781C tj@57.187C soc1@57.187C VDD_IN 8089mW/7495mW VDD_CPU_GPU_CV 2342mW/1953mW VDD_SOC 2507mW/2436mW
09-09-2026 00:44:09 RAM 2349/7620MB (lfb 2x4MB) SWAP 409/3810MB (cached 1MB) CPU [2%@1728,0%@1728,3%@1728,4%@1728,17%@1728,2%@1728] GR3D_FREQ 0% cpu@56.562C soc2@55.593C soc0@55.812C gpu@56.937C tj@57.093C soc1@57.093C VDD_IN 8332mW/7509mW VDD_CPU_GPU_CV 2544mW/1963mW VDD_SOC 2548mW/2438mW
09-09-2026 00:44:10 RAM 2350/7620MB (lfb 2x4MB) SWAP 409/3810MB (cached 1MB) CPU [0%@1728,0%@1728,0%@1728,0%@1728,16%@1728,0%@1728] GR3D_FREQ 0% cpu@56.25C soc2@55.562C soc0@55.656C gpu@56.781C tj@57.218C soc1@57.218C VDD_IN 7211mW/7504mW VDD_CPU_GPU_CV 1779mW/1960mW VDD_SOC 2386mW/2437mW
09-09-2026 00:44:11 RAM 2351/7620MB (lfb 3x4MB) SWAP 409/3810MB (cached 1MB) CPU [1%@1728,1%@1728,4%@1728,0%@1728,16%@1728,1%@1728] GR3D_FREQ 0% cpu@56.156C soc2@55.625C soc0@55.625C gpu@56.843C tj@57.25C soc1@57.25C VDD_IN 7413mW/7503mW VDD_CPU_GPU_CV 1898mW/1959mW VDD_SOC 2426mW/2437mW
09-09-2026 00:44:12 RAM 2355/7620MB (lfb 3x4MB) SWAP 409/3810MB (cached 1MB) CPU [2%@1728,0%@1728,0%@1728,0%@1728,14%@1728,9%@1728] GR3D_FREQ 0% cpu@56.281C soc2@55.656C soc0@55.781C gpu@57C tj@57.125C soc1@57.125C VDD_IN 8453mW/7517mW VDD_CPU_GPU_CV 2584mW/1968mW VDD_SOC 2588mW/2439mW
09-09-2026 00:44:13 RAM 2367/7620MB (lfb 282x1MB) SWAP 409/3810MB (cached 1MB) CPU [7%@1728,4%@1728,4%@1728,1%@1728,18%@1728,1%@1728] GR3D_FREQ 0% cpu@56.406C soc2@55.687C soc0@55.843C gpu@56.937C tj@57.093C soc1@57.093C VDD_IN 8170mW/7526mW VDD_CPU_GPU_CV 2423mW/1975mW VDD_SOC 2548mW/2441mW
09-09-2026 00:44:14 RAM 2367/7620MB (lfb 282x1MB) SWAP 409/3810MB (cached 1MB) CPU [0%@1728,0%@1728,2%@1728,1%@1728,19%@1728,0%@1728] GR3D_FREQ 0% cpu@56.593C soc2@55.5C soc0@55.812C gpu@56.968C tj@57.218C soc1@57.218C VDD_IN 7413mW/7525mW VDD_CPU_GPU_CV 1898mW/1974mW VDD_SOC 2426mW/2441mW
09-09-2026 00:44:15 RAM 2368/7620MB (lfb 282x1MB) SWAP 409/3810MB (cached 1MB) CPU [1%@1728,2%@1728,3%@1728,4%@1728,12%@1728,8%@1728] GR3D_FREQ 98% cpu@56.531C soc2@56.125C soc0@56C gpu@57.187C tj@57.187C soc1@57.187C VDD_IN 8574mW/7540mW VDD_CPU_GPU_CV 2705mW/1984mW VDD_SOC 2588mW/2443mW
09-09-2026 00:44:16 RAM 2372/7620MB (lfb 282x1MB) SWAP 409/3810MB (cached 1MB) CPU [6%@1728,0%@1728,0%@1728,1%@1728,8%@1728,10%@1728] GR3D_FREQ 66% cpu@56.562C soc2@56.281C soc0@55.906C gpu@56.968C tj@57.125C soc1@57.125C VDD_IN 8049mW/7547mW VDD_CPU_GPU_CV 2382mW/1990mW VDD_SOC 2507mW/2444mW
09-09-2026 00:44:17 RAM 2372/7620MB (lfb 282x1MB) SWAP 409/3810MB (cached 1MB) CPU [2%@1728,2%@1728,0%@1728,1%@1728,6%@1728,12%@1728] GR3D_FREQ 0% cpu@56.281C soc2@55.562C soc0@55.812C gpu@56.875C tj@57.343C soc1@57.343C VDD_IN 7575mW/7547mW VDD_CPU_GPU_CV 2019mW/1990mW VDD_SOC 2467mW/2444mW
09-09-2026 00:44:18 RAM 2346/7620MB (lfb 3x4MB) SWAP 409/3810MB (cached 1MB) CPU [0%@1728,2%@1728,2%@1728,1%@1728,2%@1728,20%@1728] GR3D_FREQ 0% cpu@56.437C soc2@55.812C soc0@55.968C gpu@56.968C tj@57.156C soc1@57.156C VDD_IN 8130mW/7555mW VDD_CPU_GPU_CV 2382mW/1996mW VDD_SOC 2507mW/2445mW
09-09-2026 00:44:19 RAM 2348/7620MB (lfb 3x4MB) SWAP 409/3810MB (cached 1MB) CPU [2%@1728,2%@1728,5%@1728,1%@1728,4%@1728,16%@1728] GR3D_FREQ 95% cpu@56.562C soc2@56.375C soc0@56.187C gpu@57.218C tj@57.218C soc1@57.156C VDD_IN 9262mW/7578mW VDD_CPU_GPU_CV 3185mW/2012mW VDD_SOC 2705mW/2448mW
09-09-2026 00:44:20 RAM 2348/7620MB (lfb 3x4MB) SWAP 409/3810MB (cached 1MB) CPU [1%@1728,0%@1728,1%@1728,0%@1728,1%@1728,19%@1728] GR3D_FREQ 0% cpu@56.406C soc2@55.562C soc0@56.093C gpu@56.906C tj@57.25C soc1@57.25C VDD_IN 7292mW/7575mW VDD_CPU_GPU_CV 1860mW/2010mW VDD_SOC 2386mW/2447mW
09-09-2026 00:44:21 RAM 2348/7620MB (lfb 3x4MB) SWAP 409/3810MB (cached 1MB) CPU [2%@1728,1%@1728,0%@1728,7%@1728,4%@1728,13%@1728] GR3D_FREQ 0% cpu@56.718C soc2@55.75C soc0@55.843C gpu@56.937C tj@57.187C soc1@57.187C VDD_IN 7968mW/7580mW VDD_CPU_GPU_CV 2261mW/2013mW VDD_SOC 2507mW/2448mW
09-09-2026 00:44:22 RAM 2348/7620MB (lfb 3x4MB) SWAP 409/3810MB (cached 1MB) CPU [1%@1728,3%@1728,2%@1728,5%@1728,9%@1728,9%@1728] GR3D_FREQ 0% cpu@56.406C soc2@55.812C soc0@55.906C gpu@56.875C tj@57.312C soc1@57.312C VDD_IN 7968mW/7585mW VDD_CPU_GPU_CV 2261mW/2016mW VDD_SOC 2507mW/2449mW
09-09-2026 00:44:23 RAM 2349/7620MB (lfb 3x4MB) SWAP 409/3810MB (cached 1MB) CPU [2%@1728,1%@1728,1%@1728,5%@1728,7%@1728,14%@1728] GR3D_FREQ 0% cpu@56.406C soc2@55.812C soc0@55.968C gpu@57.031C tj@57.218C soc1@57.218C VDD_IN 8291mW/7594mW VDD_CPU_GPU_CV 2503mW/2022mW VDD_SOC 2548mW/2450mW
09-09-2026 00:44:24 RAM 2349/7620MB (lfb 3x4MB) SWAP 409/3810MB (cached 1MB) CPU [1%@1728,0%@1728,0%@1728,0%@1728,12%@1728,7%@1728] GR3D_FREQ 0% cpu@56.406C soc2@55.687C soc0@55.968C gpu@56.968C tj@57.156C soc1@57.156C VDD_IN 7211mW/7589mW VDD_CPU_GPU_CV 1779mW/2019mW VDD_SOC 2386mW/2449mW
09-09-2026 00:44:25 RAM 2349/7620MB (lfb 3x4MB) SWAP 409/3810MB (cached 1MB) CPU [0%@1728,3%@1728,0%@1728,0%@1728,18%@1728,0%@1728] GR3D_FREQ 0% cpu@56.531C soc2@55.656C soc0@55.906C gpu@57.031C tj@57.375C soc1@57.375C VDD_IN 7927mW/7593mW VDD_CPU_GPU_CV 2261mW/2022mW VDD_SOC 2507mW/2450mW
09-09-2026 00:44:26 RAM 2351/7620MB (lfb 3x4MB) SWAP 408/3810MB (cached 1MB) CPU [1%@1728,1%@1728,3%@1728,2%@1728,5%@1728,15%@1728] GR3D_FREQ 0% cpu@56.593C soc2@55.625C soc0@56.031C gpu@56.968C tj@57.281C soc1@57.281C VDD_IN 7332mW/7590mW VDD_CPU_GPU_CV 1860mW/2020mW VDD_SOC 2386mW/2449mW
09-09-2026 00:44:27 RAM 2352/7620MB (lfb 3x4MB) SWAP 408/3810MB (cached 1MB) CPU [1%@1728,1%@1728,0%@1728,0%@1728,2%@1728,19%@1728] GR3D_FREQ 0% cpu@56.5C soc2@55.593C soc0@55.812C gpu@57.031C tj@57.343C soc1@57.343C VDD_IN 7413mW/7588mW VDD_CPU_GPU_CV 1898mW/2019mW VDD_SOC 2426mW/2449mW
09-09-2026 00:44:28 RAM 2352/7620MB (lfb 3x4MB) SWAP 408/3810MB (cached 1MB) CPU [2%@1728,6%@1728,2%@1728,1%@1728,2%@1728,15%@1728] GR3D_FREQ 0% cpu@56.562C soc2@55.687C soc0@55.843C gpu@57.031C tj@57.375C soc1@57.375C VDD_IN 7413mW/7586mW VDD_CPU_GPU_CV 1938mW/2018mW VDD_SOC 2426mW/2449mW
09-09-2026 00:44:29 RAM 2352/7620MB (lfb 3x4MB) SWAP 408/3810MB (cached 1MB) CPU [0%@1728,1%@1728,3%@1728,0%@1728,11%@1728,8%@1728] GR3D_FREQ 0% cpu@56.406C soc2@55.812C soc0@55.906C gpu@57.125C tj@57.468C soc1@57.468C VDD_IN 7927mW/7590mW VDD_CPU_GPU_CV 2261mW/2021mW VDD_SOC 2507mW/2450mW
09-09-2026 00:44:30 RAM 2353/7620MB (lfb 3x4MB) SWAP 408/3810MB (cached 1MB) CPU [1%@1728,2%@1728,3%@1728,0%@1728,0%@1728,19%@1728] GR3D_FREQ 0% cpu@56.406C soc2@55.812C soc0@56.062C gpu@57.062C tj@57.25C soc1@57.25C VDD_IN 7968mW/7594mW VDD_CPU_GPU_CV 2261mW/2024mW VDD_SOC 2507mW/2450mW
09-09-2026 00:44:31 RAM 2353/7620MB (lfb 3x4MB) SWAP 408/3810MB (cached 1MB) CPU [1%@1728,1%@1728,0%@1728,2%@1728,0%@1728,19%@1728] GR3D_FREQ 0% cpu@56.437C soc2@55.687C soc0@56C gpu@56.968C tj@57.187C soc1@57.187C VDD_IN 7211mW/7590mW VDD_CPU_GPU_CV 1739mW/2020mW VDD_SOC 2386mW/2449mW
09-09-2026 00:44:32 RAM 2353/7620MB (lfb 3x4MB) SWAP 408/3810MB (cached 1MB) CPU [1%@1728,0%@1728,0%@1728,12%@1728,0%@1728,17%@1728] GR3D_FREQ 0% cpu@56.656C soc2@55.812C soc0@56.281C gpu@57.125C tj@57.343C soc1@57.343C VDD_IN 8574mW/7601mW VDD_CPU_GPU_CV 2665mW/2028mW VDD_SOC 2588mW/2451mW
09-09-2026 00:44:33 RAM 2354/7620MB (lfb 3x4MB) SWAP 408/3810MB (cached 1MB) CPU [2%@1728,1%@1728,1%@1728,3%@1728,16%@1728,5%@1728] GR3D_FREQ 0% cpu@56.562C soc2@55.812C soc0@55.906C gpu@57.031C tj@57.375C soc1@57.375C VDD_IN 7656mW/7602mW VDD_CPU_GPU_CV 2059mW/2028mW VDD_SOC 2467mW/2451mW
09-09-2026 00:44:34 RAM 2354/7620MB (lfb 3x4MB) SWAP 408/3810MB (cached 1MB) CPU [2%@1728,1%@1728,0%@1728,0%@1728,19%@1728,0%@1728] GR3D_FREQ 0% cpu@56.625C soc2@55.75C soc0@55.843C gpu@57.062C tj@57.343C soc1@57.343C VDD_IN 7130mW/7596mW VDD_CPU_GPU_CV 1739mW/2025mW VDD_SOC 2386mW/2450mW
09-09-2026 00:44:35 RAM 2354/7620MB (lfb 3x4MB) SWAP 408/3810MB (cached 1MB) CPU [0%@1728,1%@1728,0%@1728,0%@1728,20%@1728,0%@1728] GR3D_FREQ 0% cpu@56.312C soc2@55.781C soc0@55.937C gpu@57.031C tj@57.5C soc1@57.5C VDD_IN 7130mW/7591mW VDD_CPU_GPU_CV 1739mW/2022mW VDD_SOC 2386mW/2450mW
09-09-2026 00:44:36 RAM 2358/7620MB (lfb 3x4MB) SWAP 408/3810MB (cached 1MB) CPU [5%@1728,4%@1728,1%@1728,1%@1728,12%@1728,6%@1728] GR3D_FREQ 0% cpu@56.656C soc2@56.125C soc0@56.156C gpu@57.25C tj@57.25C soc1@57.187C VDD_IN 8655mW/7603mW VDD_CPU_GPU_CV 2746mW/2030mW VDD_SOC 2629mW/2452mW
09-09-2026 00:44:37 RAM 2359/7620MB (lfb 3x4MB) SWAP 408/3810MB (cached 1MB) CPU [0%@1728,10%@1728,0%@1728,0%@1728,0%@1728,18%@1728] GR3D_FREQ 0% cpu@56.718C soc2@55.781C soc0@56.125C gpu@57.156C tj@57.343C soc1@57.343C VDD_IN 8210mW/7609mW VDD_CPU_GPU_CV 2423mW/2034mW VDD_SOC 2548mW/2453mW
09-09-2026 00:44:38 RAM 2359/7620MB (lfb 3x4MB) SWAP 408/3810MB (cached 1MB) CPU [1%@1728,4%@1728,0%@1728,0%@1728,0%@1728,19%@1728] GR3D_FREQ 0% cpu@56.531C soc2@55.75C soc0@56.156C gpu@57.187C tj@57.375C soc1@57.375C VDD_IN 7373mW/7607mW VDD_CPU_GPU_CV 1901mW/2032mW VDD_SOC 2426mW/2453mW
09-09-2026 00:44:39 RAM 2365/7620MB (lfb 1x4MB) SWAP 408/3810MB (cached 1MB) CPU [1%@1728,2%@1728,0%@1728,1%@1728,2%@1728,13%@1728] GR3D_FREQ 0% cpu@56.75C soc2@55.812C soc0@55.937C gpu@57.156C tj@57.343C soc1@57.343C VDD_IN 7170mW/7602mW VDD_CPU_GPU_CV 1739mW/2029mW VDD_SOC 2386mW/2452mW
09-09-2026 00:44:40 RAM 2366/7620MB (lfb 1x4MB) SWAP 408/3810MB (cached 1MB) CPU [1%@1728,3%@1728,1%@1728,5%@1728,3%@1728,22%@1728] GR3D_FREQ 0% cpu@56.531C soc2@55.937C soc0@56.031C gpu@57.218C tj@57.437C soc1@57.437C VDD_IN 8170mW/7608mW VDD_CPU_GPU_CV 2423mW/2033mW VDD_SOC 2548mW/2453mW
09-09-2026 00:44:41 RAM 2368/7620MB (lfb 1x4MB) SWAP 408/3810MB (cached 1MB) CPU [1%@1728,1%@1728,1%@1728,5%@1728,18%@1728,0%@1728] GR3D_FREQ 0% cpu@56.437C soc2@55.968C soc0@56.062C gpu@57.343C tj@57.5C soc1@57.5C VDD_IN 8453mW/7617mW VDD_CPU_GPU_CV 2584mW/2039mW VDD_SOC 2588mW/2454mW
09-09-2026 00:44:42 RAM 2368/7620MB (lfb 1x4MB) SWAP 408/3810MB (cached 1MB) CPU [2%@1728,1%@1728,4%@1728,6%@1728,8%@1728,10%@1728] GR3D_FREQ 0% cpu@56.562C soc2@56.093C soc0@56.187C gpu@57.343C tj@57.375C soc1@57.375C VDD_IN 8574mW/7627mW VDD_CPU_GPU_CV 2665mW/2046mW VDD_SOC 2588mW/2456mW
09-09-2026 00:44:43 RAM 2368/7620MB (lfb 1x4MB) SWAP 408/3810MB (cached 1MB) CPU [0%@1728,1%@1728,1%@1728,0%@1728,0%@1728,18%@1728] GR3D_FREQ 0% cpu@56.531C soc2@55.75C soc0@56.125C gpu@57.281C tj@57.312C soc1@57.312C VDD_IN 7251mW/7623mW VDD_CPU_GPU_CV 1779mW/2043mW VDD_SOC 2386mW/2455mW
09-09-2026 00:44:44 RAM 2368/7620MB (lfb 1x4MB) SWAP 408/3810MB (cached 1MB) CPU [1%@1728,3%@1728,2%@1728,4%@1728,0%@1728,17%@1728] GR3D_FREQ 0% cpu@56.75C soc2@55.781C soc0@56.187C gpu@57.343C tj@57.343C soc1@57.437C VDD_IN 7737mW/7624mW VDD_CPU_GPU_CV 2140mW/2044mW VDD_SOC 2467mW/2455mW
09-09-2026 00:44:45 RAM 2368/7620MB (lfb 1x4MB) SWAP 408/3810MB (cached 1MB) CPU [1%@1728,0%@1728,2%@1728,1%@1728,19%@1728,2%@1728] GR3D_FREQ 0% cpu@56.687C soc2@55.812C soc0@56.312C gpu@57.406C tj@57.406C soc1@57.375C VDD_IN 8170mW/7630mW VDD_CPU_GPU_CV 2423mW/2048mW VDD_SOC 2548mW/2456mW
09-09-2026 00:44:46 RAM 2368/7620MB (lfb 1x4MB) SWAP 408/3810MB (cached 1MB) CPU [1%@1728,1%@1728,0%@1728,1%@1728,16%@1728,2%@1728] GR3D_FREQ 0% cpu@56.843C soc2@55.812C soc0@56C gpu@57.312C tj@57.468C soc1@57.468C VDD_IN 7211mW/7626mW VDD_CPU_GPU_CV 1779mW/2045mW VDD_SOC 2386mW/2455mW
09-09-2026 00:44:47 RAM 2368/7620MB (lfb 1x4MB) SWAP 408/3810MB (cached 1MB) CPU [4%@1728,0%@1728,1%@1728,3%@1728,3%@1728,20%@1728] GR3D_FREQ 0% cpu@56.562C soc2@55.937C soc0@56.093C gpu@57.375C tj@57.468C soc1@57.468C VDD_IN 7766mW/7627mW VDD_CPU_GPU_CV 2140mW/2046mW VDD_SOC 2467mW/2455mW
09-09-2026 00:44:48 RAM 2368/7620MB (lfb 1x4MB) SWAP 408/3810MB (cached 1MB) CPU [3%@1728,3%@1728,4%@1728,9%@1728,1%@1728,9%@1728] GR3D_FREQ 0% cpu@56.687C soc2@55.906C soc0@56C gpu@57.468C tj@57.468C soc1@57.375C VDD_IN 7373mW/7624mW VDD_CPU_GPU_CV 1901mW/2045mW VDD_SOC 2426mW/2455mW
09-09-2026 00:44:49 RAM 2369/7620MB (lfb 1x4MB) SWAP 408/3810MB (cached 1MB) CPU [1%@1728,2%@1728,2%@1728,1%@1728,20%@1728,0%@1728] GR3D_FREQ 0% cpu@56.531C soc2@55.812C soc0@56.031C gpu@57.375C tj@57.375C soc1@57.406C VDD_IN 7170mW/7620mW VDD_CPU_GPU_CV 1739mW/2042mW VDD_SOC 2386mW/2454mW
09-09-2026 00:44:50 RAM 2369/7620MB (lfb 1x4MB) SWAP 408/3810MB (cached 1MB) CPU [2%@1728,3%@1728,0%@1728,0%@1728,17%@1728,1%@1728] GR3D_FREQ 0% cpu@56.656C soc2@55.812C soc0@56.093C gpu@57.406C tj@57.437C soc1@57.437C VDD_IN 7494mW/7619mW VDD_CPU_GPU_CV 1938mW/2041mW VDD_SOC 2426mW/2454mW
09-09-2026 00:44:51 RAM 2370/7620MB (lfb 3x2MB) SWAP 408/3810MB (cached 1MB) CPU [4%@1728,3%@1728,1%@1728,0%@1728,20%@1728,0%@1728] GR3D_FREQ 0% cpu@56.843C soc2@55.968C soc0@56.25C gpu@57.406C tj@57.437C soc1@57.437C VDD_IN 7616mW/7619mW VDD_CPU_GPU_CV 2019mW/2040mW VDD_SOC 2467mW/2454mW
09-09-2026 00:44:52 RAM 2370/7620MB (lfb 3x2MB) SWAP 408/3810MB (cached 1MB) CPU [3%@1728,3%@1728,0%@1728,2%@1728,19%@1728,0%@1728] GR3D_FREQ 72% cpu@56.937C soc2@56.218C soc0@56.218C gpu@57.718C tj@57.468C soc1@57.468C VDD_IN 8453mW/7627mW VDD_CPU_GPU_CV 2624mW/2046mW VDD_SOC 2588mW/2456mW
09-09-2026 00:44:53 RAM 2370/7620MB (lfb 3x2MB) SWAP 408/3810MB (cached 1MB) CPU [3%@1728,3%@1728,1%@1728,3%@1728,18%@1728,0%@1728] GR3D_FREQ 0% cpu@56.718C soc2@56.031C soc0@56.25C gpu@57.312C tj@57.531C soc1@57.531C VDD_IN 8089mW/7631mW VDD_CPU_GPU_CV 2342mW/2049mW VDD_SOC 2507mW/2456mW
09-09-2026 00:44:54 RAM 2371/7620MB (lfb 3x2MB) SWAP 408/3810MB (cached 1MB) CPU [0%@1728,0%@1728,0%@1728,3%@1728,19%@1728,0%@1728] GR3D_FREQ 0% cpu@56.656C soc2@56.062C soc0@56.218C gpu@57.218C tj@57.562C soc1@57.562C VDD_IN 8049mW/7635mW VDD_CPU_GPU_CV 2342mW/2051mW VDD_SOC 2507mW/2456mW
09-09-2026 00:44:55 RAM 2371/7620MB (lfb 3x2MB) SWAP 408/3810MB (cached 1MB) CPU [1%@1728,0%@1728,0%@1728,1%@1728,20%@1728,0%@1728] GR3D_FREQ 0% cpu@56.687C soc2@55.843C soc0@56.187C gpu@57.25C tj@57.468C soc1@57.468C VDD_IN 7211mW/7631mW VDD_CPU_GPU_CV 1779mW/2049mW VDD_SOC 2386mW/2456mW
09-09-2026 00:44:56 RAM 2370/7620MB (lfb 1x4MB) SWAP 408/3810MB (cached 1MB) CPU [2%@1728,5%@1728,3%@1728,0%@1728,19%@1728,1%@1728] GR3D_FREQ 0% cpu@56.687C soc2@55.968C soc0@56.156C gpu@57.218C tj@57.468C soc1@57.468C VDD_IN 7846mW/7633mW VDD_CPU_GPU_CV 2180mW/2050mW VDD_SOC 2507mW/2456mW
09-09-2026 00:44:57 RAM 2370/7620MB (lfb 1x4MB) SWAP 408/3810MB (cached 1MB) CPU [3%@1728,1%@1728,3%@1728,3%@1728,18%@1728,2%@1728] GR3D_FREQ 28% cpu@56.937C soc2@56.656C soc0@56.343C gpu@57.531C tj@57.531C soc1@57.468C VDD_IN 9141mW/7646mW VDD_CPU_GPU_CV 3024mW/2059mW VDD_SOC 2665mW/2458mW
09-09-2026 00:44:58 RAM 2370/7620MB (lfb 1x4MB) SWAP 408/3810MB (cached 1MB) CPU [1%@1728,0%@1728,0%@1728,0%@1728,0%@1728,16%@1728] GR3D_FREQ 0% cpu@56.781C soc2@55.937C soc0@56.156C gpu@57.25C tj@57.468C soc1@57.468C VDD_IN 7373mW/7644mW VDD_CPU_GPU_CV 1860mW/2057mW VDD_SOC 2426mW/2458mW
09-09-2026 00:44:59 RAM 2370/7620MB (lfb 1x4MB) SWAP 408/3810MB (cached 1MB) CPU [1%@1728,1%@1728,0%@1728,0%@1728,0%@1728,20%@1728] GR3D_FREQ 0% cpu@56.531C soc2@55.906C soc0@56.031C gpu@57.25C tj@57.562C soc1@57.562C VDD_IN 7130mW/7639mW VDD_CPU_GPU_CV 1739mW/2054mW VDD_SOC 2386mW/2457mW
09-09-2026 00:45:00 RAM 2371/7620MB (lfb 1x4MB) SWAP 408/3810MB (cached 1MB) CPU [4%@1728,1%@1728,6%@1728,0%@1728,5%@1728,13%@1728] GR3D_FREQ 0% cpu@56.718C soc2@56.125C soc0@56.156C gpu@57.312C tj@57.5C soc1@57.5C VDD_IN 7927mW/7642mW VDD_CPU_GPU_CV 2261mW/2056mW VDD_SOC 2507mW/2458mW
09-09-2026 00:45:01 RAM 2375/7620MB (lfb 2x2MB) SWAP 408/3810MB (cached 1MB) CPU [5%@1728,2%@1728,1%@1728,2%@1728,21%@1728,0%@1728] GR3D_FREQ 0% cpu@56.781C soc2@55.968C soc0@56.218C gpu@57.312C tj@57.437C soc1@57.437C VDD_IN 7332mW/7639mW VDD_CPU_GPU_CV 1860mW/2054mW VDD_SOC 2386mW/2457mW
09-09-2026 00:45:02 RAM 2376/7620MB (lfb 2x2MB) SWAP 408/3810MB (cached 1MB) CPU [2%@1728,1%@1728,4%@1728,1%@1728,18%@1728,0%@1728] GR3D_FREQ 0% cpu@56.843C soc2@55.937C soc0@56.218C gpu@57.343C tj@57.562C soc1@57.562C VDD_IN 7697mW/7640mW VDD_CPU_GPU_CV 2059mW/2054mW VDD_SOC 2467mW/2457mW
09-09-2026 00:45:03 RAM 2375/7620MB (lfb 2x2MB) SWAP 408/3810MB (cached 1MB) CPU [6%@1728,3%@1728,5%@1728,2%@1728,18%@1728,0%@1728] GR3D_FREQ 0% cpu@56.781C soc2@56.156C soc0@56.343C gpu@57.5C tj@57.5C soc1@57.5C VDD_IN 8736mW/7649mW VDD_CPU_GPU_CV 2786mW/2060mW VDD_SOC 2629mW/2459mW
09-09-2026 00:45:04 RAM 2376/7620MB (lfb 2x2MB) SWAP 408/3810MB (cached 1MB) CPU [0%@1728,0%@1728,0%@1728,0%@1728,18%@1728,2%@1728] GR3D_FREQ 0% cpu@56.843C soc2@56.093C soc0@56.25C gpu@57.437C tj@57.593C soc1@57.593C VDD_IN 7778mW/7650mW VDD_CPU_GPU_CV 2140mW/2061mW VDD_SOC 2467mW/2459mW
09-09-2026 00:45:05 RAM 2376/7620MB (lfb 2x2MB) SWAP 408/3810MB (cached 1MB) CPU [1%@1728,1%@1728,5%@1728,1%@1728,19%@1728,3%@1728] GR3D_FREQ 0% cpu@56.906C soc2@56.156C soc0@56.25C gpu@57.5C tj@57.625C soc1@57.687C VDD_IN 8210mW/7655mW VDD_CPU_GPU_CV 2463mW/2064mW VDD_SOC 2548mW/2459mW
09-09-2026 00:45:06 RAM 2376/7620MB (lfb 1x4MB) SWAP 408/3810MB (cached 1MB) CPU [2%@1728,1%@1728,0%@1728,0%@1728,19%@1728,0%@1728] GR3D_FREQ 0% cpu@56.781C soc2@56.031C soc0@56.312C gpu@57.406C tj@57.468C soc1@57.468C VDD_IN 7251mW/7651mW VDD_CPU_GPU_CV 1779mW/2062mW VDD_SOC 2386mW/2459mW
09-09-2026 00:45:07 RAM 2377/7620MB (lfb 1x4MB) SWAP 408/3810MB (cached 1MB) CPU [0%@1728,0%@1728,0%@1728,3%@1728,18%@1728,1%@1728] GR3D_FREQ 0% cpu@56.625C soc2@55.906C soc0@56.218C gpu@57.468C tj@57.468C soc1@57.468C VDD_IN 7413mW/7649mW VDD_CPU_GPU_CV 1898mW/2061mW VDD_SOC 2426mW/2459mW
09-09-2026 00:45:08 RAM 2377/7620MB (lfb 1x4MB) SWAP 408/3810MB (cached 1MB) CPU [6%@1728,4%@1728,1%@1728,4%@1728,19%@1728,0%@1728] GR3D_FREQ 0% cpu@56.781C soc2@56.062C soc0@56.5C gpu@57.656C tj@57.656C soc1@57.468C VDD_IN 8898mW/7660mW VDD_CPU_GPU_CV 2867mW/2067mW VDD_SOC 2629mW/2460mW
09-09-2026 00:45:09 RAM 2378/7620MB (lfb 1x4MB) SWAP 408/3810MB (cached 1MB) CPU [1%@1728,4%@1728,2%@1728,1%@1728,19%@1728,0%@1728] GR3D_FREQ 0% cpu@56.875C soc2@55.968C soc0@56.156C gpu@57.437C tj@57.531C soc1@57.531C VDD_IN 7292mW/7657mW VDD_CPU_GPU_CV 1820mW/2065mW VDD_SOC 2386mW/2459mW
09-09-2026 00:45:10 RAM 2378/7620MB (lfb 1x4MB) SWAP 408/3810MB (cached 1MB) CPU [1%@1728,0%@1728,1%@1728,1%@1728,12%@1728,9%@1728] GR3D_FREQ 0% cpu@56.781C soc2@56.125C soc0@56.281C gpu@57.656C tj@57.656C soc1@57.593C VDD_IN 8615mW/7664mW VDD_CPU_GPU_CV 2705mW/2070mW VDD_SOC 2588mW/2460mW
09-09-2026 00:45:11 RAM 2379/7620MB (lfb 2x2MB) SWAP 408/3810MB (cached 1MB) CPU [1%@1728,2%@1728,1%@1728,0%@1728,12%@1728,8%@1728] GR3D_FREQ 0% cpu@56.968C soc2@56.093C soc0@56.187C gpu@57.468C tj@57.625C soc1@57.625C VDD_IN 7778mW/7665mW VDD_CPU_GPU_CV 2140mW/2071mW VDD_SOC 2467mW/2460mW
09-09-2026 00:45:12 RAM 2379/7620MB (lfb 2x2MB) SWAP 408/3810MB (cached 1MB) CPU [4%@1728,0%@1728,0%@1728,3%@1728,20%@1728,2%@1728] GR3D_FREQ 0% cpu@56.75C soc2@56.125C soc0@56.218C gpu@57.625C tj@57.625C soc1@57.5C VDD_IN 8008mW/7668mW VDD_CPU_GPU_CV 2301mW/2073mW VDD_SOC 2507mW/2461mW
09-09-2026 00:45:13 RAM 2379/7620MB (lfb 2x2MB) SWAP 408/3810MB (cached 1MB) CPU [1%@1728,0%@1728,0%@1728,0%@1728,19%@1728,0%@1728] GR3D_FREQ 0% cpu@56.75C soc2@55.875C soc0@56.281C gpu@57.593C tj@57.593C soc1@57.468C VDD_IN 7211mW/7664mW VDD_CPU_GPU_CV 1739mW/2070mW VDD_SOC 2386mW/2460mW
09-09-2026 00:45:14 RAM 2380/7620MB (lfb 2x2MB) SWAP 408/3810MB (cached 1MB) CPU [0%@1728,4%@1728,2%@1728,1%@1728,16%@1728,5%@1728] GR3D_FREQ 0% cpu@57C soc2@56.125C soc0@56.375C gpu@57.718C tj@57.718C soc1@57.593C VDD_IN 7887mW/7666mW VDD_CPU_GPU_CV 2221mW/2071mW VDD_SOC 2507mW/2461mW
09-09-2026 00:45:15 RAM 2380/7620MB (lfb 2x2MB) SWAP 408/3810MB (cached 1MB) CPU [5%@1728,0%@1728,0%@1728,3%@1728,6%@1728,12%@1728] GR3D_FREQ 0% cpu@56.812C soc2@56.093C soc0@56.5C gpu@57.312C tj@57.625C soc1@57.625C VDD_IN 7535mW/7665mW VDD_CPU_GPU_CV 1978mW/2071mW VDD_SOC 2426mW/2460mW
09-09-2026 00:45:16 RAM 2379/7620MB (lfb 1x4MB) SWAP 408/3810MB (cached 1MB) CPU [1%@1728,2%@1728,0%@1728,2%@1728,4%@1728,16%@1728] GR3D_FREQ 0% cpu@57.156C soc2@56.218C soc0@56.281C gpu@57.25C tj@57.687C soc1@57.687C VDD_IN 7616mW/7665mW VDD_CPU_GPU_CV 2019mW/2070mW VDD_SOC 2467mW/2460mW
09-09-2026 00:45:17 RAM 2379/7620MB (lfb 1x4MB) SWAP 408/3810MB (cached 1MB) CPU [1%@1728,1%@1728,8%@1728,0%@1728,0%@1728,15%@1728] GR3D_FREQ 0% cpu@56.781C soc2@56.187C soc0@56.312C gpu@57.312C tj@57.75C soc1@57.75C VDD_IN 7968mW/7667mW VDD_CPU_GPU_CV 2261mW/2072mW VDD_SOC 2507mW/2461mW
09-09-2026 00:45:18 RAM 2380/7620MB (lfb 1x4MB) SWAP 408/3810MB (cached 1MB) CPU [1%@1728,4%@1728,2%@1728,1%@1728,3%@1728,21%@1728] GR3D_FREQ 0% cpu@56.781C soc2@56.343C soc0@56.5C gpu@57.531C tj@57.812C soc1@57.812C VDD_IN 9019mW/7677mW VDD_CPU_GPU_CV 2948mW/2078mW VDD_SOC 2669mW/2462mW
09-09-2026 00:45:19 RAM 2383/7620MB (lfb 276x1MB) SWAP 408/3810MB (cached 1MB) CPU [3%@1728,1%@1728,3%@1728,3%@1728,9%@1728,10%@1728] GR3D_FREQ 0% cpu@56.906C soc2@56.218C soc0@56.437C gpu@57.343C tj@57.656C soc1@57.656C VDD_IN 7575mW/7676mW VDD_CPU_GPU_CV 2019mW/2078mW VDD_SOC 2426mW/2462mW
09-09-2026 00:45:20 RAM 2384/7620MB (lfb 276x1MB) SWAP 408/3810MB (cached 1MB) CPU [1%@1728,0%@1728,2%@1728,2%@1728,2%@1728,18%@1728] GR3D_FREQ 0% cpu@57.093C soc2@56.218C soc0@56.531C gpu@57.468C tj@57.593C soc1@57.593C VDD_IN 8817mW/7685mW VDD_CPU_GPU_CV 2826mW/2083mW VDD_SOC 2629mW/2463mW
09-09-2026 00:45:21 RAM 2383/7620MB (lfb 276x1MB) SWAP 408/3810MB (cached 1MB) CPU [1%@1728,1%@1728,3%@1728,0%@1728,4%@1728,11%@1728] GR3D_FREQ 0% cpu@57.062C soc2@56.093C soc0@56.437C gpu@57.281C tj@57.625C soc1@57.625C VDD_IN 7575mW/7684mW VDD_CPU_GPU_CV 2019mW/2083mW VDD_SOC 2467mW/2463mW
09-09-2026 00:45:22 RAM 2383/7620MB (lfb 276x1MB) SWAP 408/3810MB (cached 1MB) CPU [2%@1728,0%@1728,1%@1728,1%@1728,7%@1728,15%@1728] GR3D_FREQ 0% cpu@57.156C soc2@56.562C soc0@56.312C gpu@57.406C tj@57.781C soc1@57.781C VDD_IN 8332mW/7689mW VDD_CPU_GPU_CV 2503mW/2086mW VDD_SOC 2548mW/2464mW
09-09-2026 00:45:23 RAM 2384/7620MB (lfb 276x1MB) SWAP 408/3810MB (cached 1MB) CPU [0%@1728,0%@1728,1%@1728,1%@1728,16%@1728,5%@1728] GR3D_FREQ 0% cpu@56.937C soc2@56.218C soc0@56.281C gpu@57.375C tj@57.812C soc1@57.812C VDD_IN 7332mW/7686mW VDD_CPU_GPU_CV 1860mW/2084mW VDD_SOC 2426mW/2464mW
09-09-2026 00:45:24 RAM 2384/7620MB (lfb 276x1MB) SWAP 408/3810MB (cached 1MB) CPU [2%@1728,4%@1728,0%@1728,0%@1728,16%@1728,3%@1728] GR3D_FREQ 0% cpu@56.875C soc2@56.25C soc0@56.312C gpu@57.25C tj@57.843C soc1@57.843C VDD_IN 7697mW/7686mW VDD_CPU_GPU_CV 2059mW/2084mW VDD_SOC 2467mW/2464mW
09-09-2026 00:45:25 RAM 2384/7620MB (lfb 276x1MB) SWAP 408/3810MB (cached 1MB) CPU [1%@1728,3%@1728,0%@1728,1%@1728,20%@1728,0%@1728] GR3D_FREQ 0% cpu@56.812C soc2@56.187C soc0@56.312C gpu@57.375C tj@57.656C soc1@57.656C VDD_IN 7413mW/7684mW VDD_CPU_GPU_CV 1898mW/2083mW VDD_SOC 2426mW/2463mW
09-09-2026 00:45:26 RAM 2384/7620MB (lfb 276x1MB) SWAP 408/3810MB (cached 1MB) CPU [1%@1728,2%@1728,4%@1728,0%@1728,19%@1728,0%@1728] GR3D_FREQ 0% cpu@57C soc2@56.156C soc0@56.468C gpu@57.375C tj@57.593C soc1@57.593C VDD_IN 7575mW/7684mW VDD_CPU_GPU_CV 2019mW/2082mW VDD_SOC 2426mW/2463mW
09-09-2026 00:45:27 RAM 2384/7620MB (lfb 276x1MB) SWAP 408/3810MB (cached 1MB) CPU [1%@1728,2%@1728,2%@1728,3%@1728,12%@1728,7%@1728] GR3D_FREQ 0% cpu@56.968C soc2@56.093C soc0@56.437C gpu@57.406C tj@57.718C soc1@57.718C VDD_IN 7697mW/7684mW VDD_CPU_GPU_CV 2059mW/2082mW VDD_SOC 2467mW/2463mW
09-09-2026 00:45:28 RAM 2384/7620MB (lfb 276x1MB) SWAP 408/3810MB (cached 1MB) CPU [5%@1728,2%@1728,1%@1728,1%@1728,4%@1728,17%@1728] GR3D_FREQ 0% cpu@57.031C soc2@56.187C soc0@56.25C gpu@57.437C tj@57.718C soc1@57.718C VDD_IN 7846mW/7685mW VDD_CPU_GPU_CV 2221mW/2083mW VDD_SOC 2507mW/2463mW
09-09-2026 00:45:29 RAM 2384/7620MB (lfb 276x1MB) SWAP 408/3810MB (cached 1MB) CPU [1%@1728,1%@1728,0%@1728,0%@1728,0%@1728,20%@1728] GR3D_FREQ 0% cpu@57.062C soc2@56.156C soc0@56.218C gpu@57.375C tj@57.781C soc1@57.781C VDD_IN 7170mW/7681mW VDD_CPU_GPU_CV 1739mW/2081mW VDD_SOC 2386mW/2463mW
09-09-2026 00:45:30 RAM 2384/7620MB (lfb 276x1MB) SWAP 408/3810MB (cached 1MB) CPU [1%@1728,2%@1728,1%@1728,3%@1728,0%@1728,19%@1728] GR3D_FREQ 0% cpu@56.75C soc2@56.156C soc0@56.312C gpu@57.468C tj@57.843C soc1@57.843C VDD_IN 7332mW/7679mW VDD_CPU_GPU_CV 1860mW/2079mW VDD_SOC 2386mW/2462mW
09-09-2026 00:45:31 RAM 2378/7620MB (lfb 276x1MB) SWAP 408/3810MB (cached 1MB) CPU [4%@1728,2%@1728,2%@1728,2%@1728,6%@1728,14%@1728] GR3D_FREQ 0% cpu@56.906C soc2@56.187C soc0@56.468C gpu@57.5C tj@57.687C soc1@57.687C VDD_IN 7737mW/7679mW VDD_CPU_GPU_CV 2099mW/2079mW VDD_SOC 2467mW/2462mW
09-09-2026 00:45:32 RAM 2378/7620MB (lfb 276x1MB) SWAP 408/3810MB (cached 1MB) CPU [1%@1728,0%@1728,0%@1728,0%@1728,11%@1728,9%@1728] GR3D_FREQ 0% cpu@57C soc2@56.156C soc0@56.343C gpu@57.406C tj@57.656C soc1@57.656C VDD_IN 7170mW/7676mW VDD_CPU_GPU_CV 1739mW/2077mW VDD_SOC 2386mW/2462mW
09-09-2026 00:45:33 RAM 2378/7620MB (lfb 276x1MB) SWAP 408/3810MB (cached 1MB) CPU [2%@1728,5%@1728,1%@1728,2%@1728,13%@1728,5%@1728] GR3D_FREQ 0% cpu@57.093C soc2@56.343C soc0@56.562C gpu@57.531C tj@57.687C soc1@57.656C VDD_IN 8372mW/7680mW VDD_CPU_GPU_CV 2544mW/2080mW VDD_SOC 2588mW/2463mW
09-09-2026 00:45:34 RAM 2378/7620MB (lfb 276x1MB) SWAP 408/3810MB (cached 1MB) CPU [1%@1728,1%@1728,2%@1728,1%@1728,8%@1728,9%@1728] GR3D_FREQ 0% cpu@57.031C soc2@56.156C soc0@56.312C gpu@57.468C tj@57.687C soc1@57.687C VDD_IN 7332mW/7678mW VDD_CPU_GPU_CV 1860mW/2079mW VDD_SOC 2426mW/2462mW
09-09-2026 00:45:35 RAM 2378/7620MB (lfb 276x1MB) SWAP 408/3810MB (cached 1MB) CPU [1%@1728,3%@1728,1%@1728,3%@1728,2%@1728,19%@1728] GR3D_FREQ 40% cpu@57C soc2@56.625C soc0@56.656C gpu@57.843C tj@57.843C soc1@57.781C VDD_IN 9222mW/7688mW VDD_CPU_GPU_CV 3104mW/2086mW VDD_SOC 2705mW/2464mW
09-09-2026 00:45:36 RAM 2380/7620MB (lfb 276x1MB) SWAP 408/3810MB (cached 1MB) CPU [2%@1728,1%@1728,0%@1728,2%@1728,0%@1728,10%@1728] GR3D_FREQ 0% cpu@56.75C soc2@56.281C soc0@56.343C gpu@57.468C tj@57.843C soc1@57.843C VDD_IN 7373mW/7686mW VDD_CPU_GPU_CV 1857mW/2084mW VDD_SOC 2426mW/2464mW
09-09-2026 00:45:37 RAM 2380/7620MB (lfb 276x1MB) SWAP 408/3810MB (cached 1MB) CPU [4%@1728,0%@1728,1%@1728,0%@1728,0%@1728,5%@1728] GR3D_FREQ 0% cpu@56.812C soc2@56.281C soc0@56.437C gpu@57.5C tj@57.625C soc1@57.625C VDD_IN 7535mW/7685mW VDD_CPU_GPU_CV 1978mW/2083mW VDD_SOC 2467mW/2464mW
09-09-2026 00:45:38 RAM 2380/7620MB (lfb 276x1MB) SWAP 408/3810MB (cached 1MB) CPU [0%@1728,2%@1728,0%@1728,3%@1728,0%@1728,10%@1728] GR3D_FREQ 0% cpu@56.875C soc2@56.218C soc0@56.437C gpu@57.531C tj@57.656C soc1@57.656C VDD_IN 7656mW/7685mW VDD_CPU_GPU_CV 2059mW/2083mW VDD_SOC 2467mW/2464mW
09-09-2026 00:45:39 RAM 2381/7620MB (lfb 276x1MB) SWAP 408/3810MB (cached 1MB) CPU [3%@1728,1%@1728,2%@1728,1%@1728,0%@1728,37%@1728] GR3D_FREQ 0% cpu@57C soc2@56.125C soc0@56.406C gpu@57.5C tj@57.593C soc1@57.593C VDD_IN 7373mW/7683mW VDD_CPU_GPU_CV 1860mW/2082mW VDD_SOC 2386mW/2463mW
09-09-2026 00:45:40 RAM 2358/7620MB (lfb 276x1MB) SWAP 408/3810MB (cached 1MB) CPU [0%@1728,1%@1728,0%@1728,0%@1728,33%@1728,5%@1728] GR3D_FREQ 0% cpu@57.5C soc2@56.187C soc0@56.5C gpu@57.468C tj@57.656C soc1@57.656C VDD_IN 7373mW/7681mW VDD_CPU_GPU_CV 1901mW/2081mW VDD_SOC 2386mW/2463mW
09-09-2026 00:45:41 RAM 2365/7620MB (lfb 276x1MB) SWAP 408/3810MB (cached 1MB) CPU [3%@1728,1%@1728,0%@1728,3%@1728,34%@1728,0%@1728] GR3D_FREQ 0% cpu@57.125C soc2@56.218C soc0@56.406C gpu@57.562C tj@57.781C soc1@57.781C VDD_IN 7656mW/7681mW VDD_CPU_GPU_CV 2059mW/2080mW VDD_SOC 2426mW/2463mW
09-09-2026 00:45:42 RAM 2371/7620MB (lfb 276x1MB) SWAP 408/3810MB (cached 1MB) CPU [3%@1728,1%@1728,3%@1728,1%@1728,8%@1728,32%@1728] GR3D_FREQ 0% cpu@56.875C soc2@56.218C soc0@56.437C gpu@57.656C tj@57.812C soc1@57.812C VDD_IN 8453mW/7686mW VDD_CPU_GPU_CV 2584mW/2084mW VDD_SOC 2548mW/2463mW
09-09-2026 00:45:43 RAM 2369/7620MB (lfb 276x1MB) SWAP 408/3810MB (cached 1MB) CPU [4%@1728,0%@1728,0%@1728,1%@1728,6%@1728,34%@1728] GR3D_FREQ 0% cpu@57C soc2@56.25C soc0@56.406C gpu@57.593C tj@57.656C soc1@57.656C VDD_IN 7818mW/7687mW VDD_CPU_GPU_CV 2180mW/2084mW VDD_SOC 2467mW/2463mW
09-09-2026 00:45:44 RAM 2380/7620MB (lfb 276x1MB) SWAP 408/3810MB (cached 1MB) CPU [3%@1728,6%@1728,0%@1728,5%@1728,29%@1728,5%@1728] GR3D_FREQ 98% cpu@57.25C soc2@56.812C soc0@56.781C gpu@57.75C tj@57.75C soc1@57.656C VDD_IN 9586mW/7699mW VDD_CPU_GPU_CV 3346mW/2092mW VDD_SOC 2746mW/2465mW
09-09-2026 00:45:45 RAM 2398/7620MB (lfb 276x1MB) SWAP 408/3810MB (cached 1MB) CPU [10%@1728,1%@1728,0%@1728,4%@1728,4%@1728,36%@1728] GR3D_FREQ 0% cpu@57.062C soc2@56.281C soc0@56.656C gpu@57.531C tj@57.781C soc1@57.781C VDD_IN 8574mW/7704mW VDD_CPU_GPU_CV 2665mW/2096mW VDD_SOC 2588mW/2466mW
09-09-2026 00:45:46 RAM 2423/7620MB (lfb 276x1MB) SWAP 408/3810MB (cached 1MB) CPU [1%@1728,1%@1728,11%@1728,0%@1728,35%@1728,8%@1728] GR3D_FREQ 0% cpu@57.343C soc2@56.406C soc0@56.656C gpu@57.562C tj@57.843C soc1@57.843C VDD_IN 8170mW/7707mW VDD_CPU_GPU_CV 2423mW/2098mW VDD_SOC 2507mW/2466mW
09-09-2026 00:45:47 RAM 2423/7620MB (lfb 276x1MB) SWAP 408/3810MB (cached 1MB) CPU [1%@1728,0%@1728,0%@1728,1%@1728,39%@1728,0%@1728] GR3D_FREQ 0% cpu@57.531C soc2@56.218C soc0@56.437C gpu@57.468C tj@57.906C soc1@57.906C VDD_IN 7454mW/7705mW VDD_CPU_GPU_CV 1938mW/2097mW VDD_SOC 2426mW/2466mW
09-09-2026 00:45:48 RAM 2427/7620MB (lfb 276x1MB) SWAP 408/3810MB (cached 1MB) CPU [4%@1728,3%@1728,4%@1728,6%@1728,24%@1728,13%@1728] GR3D_FREQ 0% cpu@57.343C soc2@56.343C soc0@56.468C gpu@57.531C tj@57.937C soc1@57.937C VDD_IN 8210mW/7709mW VDD_CPU_GPU_CV 2463mW/2099mW VDD_SOC 2507mW/2466mW
09-09-2026 00:45:49 RAM 2429/7620MB (lfb 276x1MB) SWAP 408/3810MB (cached 1MB) CPU [11%@1728,11%@1728,8%@1728,6%@1728,18%@1728,0%@1728] GR3D_FREQ 0% cpu@57.093C soc2@56.437C soc0@56.531C gpu@57.875C tj@57.968C soc1@57.968C VDD_IN 8453mW/7713mW VDD_CPU_GPU_CV 2584mW/2102mW VDD_SOC 2548mW/2467mW
09-09-2026 00:45:50 RAM 2430/7620MB (lfb 276x1MB) SWAP 408/3810MB (cached 1MB) CPU [8%@1728,1%@1728,36%@1728,8%@1728,2%@1728,0%@1728] GR3D_FREQ 0% cpu@57.406C soc2@56.437C soc0@56.562C gpu@57.656C tj@57.875C soc1@57.875C VDD_IN 8210mW/7716mW VDD_CPU_GPU_CV 2463mW/2104mW VDD_SOC 2548mW/2467mW
09-09-2026 00:45:51 RAM 2428/7620MB (lfb 276x1MB) SWAP 408/3810MB (cached 1MB) CPU [25%@1728,4%@1728,15%@1728,5%@1728,0%@1728,0%@1728] GR3D_FREQ 22% cpu@57.437C soc2@57.031C soc0@56.781C gpu@57.812C tj@57.812C soc1@57.812C VDD_IN 9060mW/7724mW VDD_CPU_GPU_CV 3024mW/2110mW VDD_SOC 2665mW/2468mW
09-09-2026 00:45:52 RAM 2430/7620MB (lfb 276x1MB) SWAP 408/3810MB (cached 1MB) CPU [19%@1728,3%@1728,4%@1728,25%@1728,3%@1728,3%@1728] GR3D_FREQ 0% cpu@57.656C soc2@56.625C soc0@56.812C gpu@57.875C tj@57.875C soc1@57.812C VDD_IN 8939mW/7731mW VDD_CPU_GPU_CV 2948mW/2115mW VDD_SOC 2629mW/2469mW
09-09-2026 00:45:53 RAM 2425/7620MB (lfb 276x1MB) SWAP 408/3810MB (cached 1MB) CPU [21%@1728,9%@1728,12%@1728,15%@1728,1%@1728,0%@1728] GR3D_FREQ 0% cpu@58.062C soc2@56.718C soc0@56.812C gpu@57.968C tj@58.062C soc1@57.968C VDD_IN 10273mW/7747mW VDD_CPU_GPU_CV 3790mW/2125mW VDD_SOC 2826mW/2471mW
09-09-2026 00:45:54 RAM 2425/7620MB (lfb 276x1MB) SWAP 408/3810MB (cached 1MB) CPU [4%@1728,2%@1728,5%@1728,19%@1728,1%@1728,14%@1728] GR3D_FREQ 0% cpu@57.281C soc2@56.656C soc0@56.75C gpu@57.812C tj@58.125C soc1@58.125C VDD_IN 7887mW/7747mW VDD_CPU_GPU_CV 2261mW/2126mW VDD_SOC 2507mW/2471mW
09-09-2026 00:45:55 RAM 2427/7620MB (lfb 276x1MB) SWAP 408/3810MB (cached 1MB) CPU [2%@1728,0%@1728,1%@1728,0%@1728,3%@1728,36%@1728] GR3D_FREQ 0% cpu@57.156C soc2@56.375C soc0@56.656C gpu@57.687C tj@57.843C soc1@57.843C VDD_IN 7535mW/7746mW VDD_CPU_GPU_CV 1978mW/2125mW VDD_SOC 2426mW/2471mW
09-09-2026 00:45:56 RAM 2438/7620MB (lfb 276x1MB) SWAP 408/3810MB (cached 1MB) CPU [2%@1728,4%@1728,1%@1728,8%@1728,11%@1728,18%@1728] GR3D_FREQ 0% cpu@57.218C soc2@56.562C soc0@56.843C gpu@57.875C tj@57.906C soc1@57.906C VDD_IN 9262mW/7755mW VDD_CPU_GPU_CV 3104mW/2130mW VDD_SOC 2705mW/2473mW
09-09-2026 00:45:57 RAM 2439/7620MB (lfb 276x1MB) SWAP 408/3810MB (cached 1MB) CPU [2%@1728,1%@1728,1%@1728,1%@1728,3%@1728,40%@1728] GR3D_FREQ 0% cpu@57.312C soc2@56.468C soc0@56.687C gpu@57.656C tj@57.968C soc1@57.968C VDD_IN 7656mW/7754mW VDD_CPU_GPU_CV 2099mW/2130mW VDD_SOC 2467mW/2473mW
09-09-2026 00:45:58 RAM 2440/7620MB (lfb 276x1MB) SWAP 408/3810MB (cached 1MB) CPU [3%@1728,2%@1728,4%@1728,6%@1728,0%@1728,35%@1728] GR3D_FREQ 0% cpu@57.312C soc2@56.593C soc0@56.562C gpu@57.812C tj@57.968C soc1@57.968C VDD_IN 8979mW/7762mW VDD_CPU_GPU_CV 2948mW/2135mW VDD_SOC 2669mW/2474mW
09-09-2026 00:45:59 RAM 2442/7620MB (lfb 276x1MB) SWAP 408/3810MB (cached 1MB) CPU [3%@1728,4%@1728,1%@1728,3%@1728,29%@1728,8%@1728] GR3D_FREQ 0% cpu@57.437C soc2@56.437C soc0@56.656C gpu@57.781C tj@57.968C soc1@57.968C VDD_IN 8210mW/7764mW VDD_CPU_GPU_CV 2423mW/2137mW VDD_SOC 2548mW/2474mW
09-09-2026 00:46:00 RAM 2442/7620MB (lfb 276x1MB) SWAP 408/3810MB (cached 1MB) CPU [5%@1728,3%@1728,1%@1728,0%@1728,37%@1728,5%@1728] GR3D_FREQ 0% cpu@57.218C soc2@56.625C soc0@56.781C gpu@57.937C tj@58.093C soc1@58.093C VDD_IN 9464mW/7774mW VDD_CPU_GPU_CV 3265mW/2143mW VDD_SOC 2705mW/2475mW
09-09-2026 00:46:01 RAM 2448/7620MB (lfb 276x1MB) SWAP 408/3810MB (cached 1MB) CPU [2%@1728,4%@1728,4%@1728,1%@1728,4%@1728,35%@1728] GR3D_FREQ 0% cpu@57.218C soc2@56.687C soc0@56.718C gpu@57.875C tj@57.906C soc1@57.906C VDD_IN 8332mW/7777mW VDD_CPU_GPU_CV 2544mW/2145mW VDD_SOC 2548mW/2476mW
09-09-2026 00:46:02 RAM 2448/7620MB (lfb 276x1MB) SWAP 408/3810MB (cached 1MB) CPU [2%@1728,3%@1728,5%@1728,3%@1728,1%@1728,36%@1728] GR3D_FREQ 0% cpu@57.5C soc2@57.093C soc0@56.906C gpu@58.125C tj@58.125C soc1@57.937C VDD_IN 9707mW/7788mW VDD_CPU_GPU_CV 3467mW/2153mW VDD_SOC 2746mW/2477mW
09-09-2026 00:46:03 RAM 2449/7620MB (lfb 276x1MB) SWAP 408/3810MB (cached 1MB) CPU [3%@1728,9%@1728,7%@1728,4%@1728,10%@1728,26%@1728] GR3D_FREQ 40% cpu@57.75C soc2@57.375C soc0@57.062C gpu@58.125C tj@58.125C soc1@58.062C VDD_IN 10822mW/7805mW VDD_CPU_GPU_CV 4186mW/2164mW VDD_SOC 2948mW/2480mW
09-09-2026 00:46:04 RAM 2449/7620MB (lfb 276x1MB) SWAP 408/3810MB (cached 1MB) CPU [3%@1728,1%@1728,0%@1728,5%@1728,38%@1728,0%@1728] GR3D_FREQ 0% cpu@57.562C soc2@56.562C soc0@57.062C gpu@57.781C tj@57.968C soc1@57.968C VDD_IN 8858mW/7811mW VDD_CPU_GPU_CV 2867mW/2168mW VDD_SOC 2629mW/2481mW
09-09-2026 00:46:05 RAM 2449/7620MB (lfb 276x1MB) SWAP 408/3810MB (cached 1MB) CPU [7%@1728,1%@1728,1%@1728,3%@1728,24%@1728,13%@1728] GR3D_FREQ 0% cpu@57.375C soc2@56.687C soc0@56.843C gpu@57.906C tj@58.062C soc1@58.062C VDD_IN 9424mW/7820mW VDD_CPU_GPU_CV 3265mW/2174mW VDD_SOC 2705mW/2482mW
09-09-2026 00:46:06 RAM 2448/7620MB (lfb 276x1MB) SWAP 408/3810MB (cached 1MB) CPU [1%@1728,3%@1728,3%@1728,4%@1728,37%@1728,2%@1728] GR3D_FREQ 95% cpu@57.437C soc2@57.062C soc0@57C gpu@58.093C tj@58.187C soc1@58.187C VDD_IN 9100mW/7827mW VDD_CPU_GPU_CV 3024mW/2179mW VDD_SOC 2665mW/2483mW
09-09-2026 00:46:07 RAM 2449/7620MB (lfb 276x1MB) SWAP 408/3810MB (cached 1MB) CPU [8%@1728,2%@1728,9%@1728,3%@1728,6%@1728,25%@1728] GR3D_FREQ 98% cpu@57.562C soc2@57.125C soc0@57.093C gpu@58.218C tj@58.218C soc1@58C VDD_IN 10701mW/7843mW VDD_CPU_GPU_CV 4106mW/2190mW VDD_SOC 2907mW/2485mW
09-09-2026 00:46:08 RAM 2449/7620MB (lfb 276x1MB) SWAP 408/3810MB (cached 1MB) CPU [6%@1728,3%@1728,29%@1728,9%@1728,3%@1728,0%@1728] GR3D_FREQ 0% cpu@57.718C soc2@56.687C soc0@56.843C gpu@58C tj@58C soc1@57.968C VDD_IN 7968mW/7843mW VDD_CPU_GPU_CV 2301mW/2190mW VDD_SOC 2507mW/2486mW
09-09-2026 00:46:09 RAM 2449/7620MB (lfb 276x1MB) SWAP 408/3810MB (cached 1MB) CPU [1%@1728,3%@1728,1%@1728,0%@1728,1%@1728,36%@1728] GR3D_FREQ 0% cpu@57.5C soc2@56.656C soc0@57.125C gpu@57.843C tj@58.093C soc1@58.093C VDD_IN 8251mW/7846mW VDD_CPU_GPU_CV 2503mW/2192mW VDD_SOC 2548mW/2486mW
09-09-2026 00:46:10 RAM 2449/7620MB (lfb 276x1MB) SWAP 408/3810MB (cached 1MB) CPU [4%@1728,5%@1728,6%@1728,1%@1728,0%@1728,37%@1728] GR3D_FREQ 0% cpu@57.312C soc2@56.781C soc0@56.937C gpu@58.031C tj@58.093C soc1@58.093C VDD_IN 8939mW/7851mW VDD_CPU_GPU_CV 2948mW/2196mW VDD_SOC 2629mW/2487mW
09-09-2026 00:46:11 RAM 2455/7620MB (lfb 276x1MB) SWAP 408/3810MB (cached 1MB) CPU [2%@1728,3%@1728,1%@1728,5%@1728,0%@1728,37%@1728] GR3D_FREQ 0% cpu@57.593C soc2@56.625C soc0@56.781C gpu@57.906C tj@58.093C soc1@58.281C VDD_IN 7806mW/7851mW VDD_CPU_GPU_CV 2180mW/2196mW VDD_SOC 2467mW/2487mW
09-09-2026 00:46:12 RAM 2455/7620MB (lfb 276x1MB) SWAP 408/3810MB (cached 1MB) CPU [1%@1728,4%@1728,4%@1728,2%@1728,20%@1728,15%@1728] GR3D_FREQ 0% cpu@57.343C soc2@56.656C soc0@56.781C gpu@57.875C tj@58.062C soc1@58.062C VDD_IN 8049mW/7852mW VDD_CPU_GPU_CV 2342mW/2197mW VDD_SOC 2507mW/2487mW
09-09-2026 00:46:13 RAM 2455/7620MB (lfb 276x1MB) SWAP 408/3810MB (cached 1MB) CPU [4%@1728,4%@1728,5%@1728,7%@1728,20%@1728,15%@1728] GR3D_FREQ 0% cpu@57.343C soc2@56.656C soc0@56.968C gpu@57.968C tj@58.156C soc1@58.156C VDD_IN 7927mW/7853mW VDD_CPU_GPU_CV 2261mW/2197mW VDD_SOC 2507mW/2487mW
09-09-2026 00:46:14 RAM 2463/7620MB (lfb 276x1MB) SWAP 408/3810MB (cached 1MB) CPU [10%@1728,3%@1728,3%@1728,4%@1728,1%@1728,34%@1728] GR3D_FREQ 98% cpu@57.781C soc2@57.5C soc0@57.093C gpu@58.156C tj@58.156C soc1@58C VDD_IN 9545mW/7862mW VDD_CPU_GPU_CV 3346mW/2203mW VDD_SOC 2746mW/2488mW
09-09-2026 00:46:15 RAM 2464/7620MB (lfb 276x1MB) SWAP 408/3810MB (cached 1MB) CPU [2%@1728,1%@1728,7%@1728,1%@1728,37%@1728,3%@1728] GR3D_FREQ 98% cpu@57.812C soc2@57C soc0@57.218C gpu@58.281C tj@58.281C soc1@58.093C VDD_IN 9262mW/7869mW VDD_CPU_GPU_CV 3144mW/2208mW VDD_SOC 2665mW/2489mW
09-09-2026 00:46:16 RAM 2465/7620MB (lfb 276x1MB) SWAP 408/3810MB (cached 1MB) CPU [1%@1728,6%@1728,4%@1728,6%@1728,20%@1728,18%@1728] GR3D_FREQ 0% cpu@57.718C soc2@56.781C soc0@56.937C gpu@58.093C tj@58.187C soc1@58.187C VDD_IN 8696mW/7873mW VDD_CPU_GPU_CV 2746mW/2211mW VDD_SOC 2588mW/2490mW
09-09-2026 00:46:17 RAM 2466/7620MB (lfb 276x1MB) SWAP 408/3810MB (cached 1MB) CPU [5%@1728,3%@1728,1%@1728,3%@1728,11%@1728,28%@1728] GR3D_FREQ 0% cpu@57.562C soc2@56.812C soc0@57.125C gpu@58.187C tj@58.312C soc1@58.312C VDD_IN 9303mW/7881mW VDD_CPU_GPU_CV 3185mW/2216mW VDD_SOC 2705mW/2491mW
09-09-2026 00:46:18 RAM 2466/7620MB (lfb 276x1MB) SWAP 408/3810MB (cached 1MB) CPU [5%@1728,2%@1728,3%@1728,5%@1728,23%@1728,18%@1728] GR3D_FREQ 0% cpu@57.593C soc2@56.781C soc0@56.937C gpu@58.062C tj@58.281C soc1@58.281C VDD_IN 8574mW/7884mW VDD_CPU_GPU_CV 2665mW/2218mW VDD_SOC 2588mW/2491mW
09-09-2026 00:46:19 RAM 2460/7620MB (lfb 276x1MB) SWAP 408/3810MB (cached 1MB) CPU [2%@1728,5%@1728,4%@1728,2%@1728,37%@1728,4%@1728] GR3D_FREQ 0% cpu@57.468C soc2@56.687C soc0@56.968C gpu@58.093C tj@58.156C soc1@58.156C VDD_IN 8130mW/7886mW VDD_CPU_GPU_CV 2382mW/2219mW VDD_SOC 2507mW/2491mW
09-09-2026 00:46:20 RAM 2460/7620MB (lfb 276x1MB) SWAP 408/3810MB (cached 1MB) CPU [7%@1728,0%@1728,3%@1728,1%@1728,39%@1728,0%@1728] GR3D_FREQ 0% cpu@57.593C soc2@56.843C soc0@57.125C gpu@58.218C tj@58.218C soc1@58.093C VDD_IN 9222mW/7892mW VDD_CPU_GPU_CV 3104mW/2224mW VDD_SOC 2665mW/2492mW
09-09-2026 00:46:21 RAM 2466/7620MB (lfb 276x1MB) SWAP 408/3810MB (cached 1MB) CPU [3%@1728,2%@1728,8%@1728,1%@1728,38%@1728,0%@1728] GR3D_FREQ 0% cpu@58.125C soc2@57.25C soc0@57.125C gpu@58.187C tj@58.25C soc1@58.25C VDD_IN 8251mW/7894mW VDD_CPU_GPU_CV 2544mW/2225mW VDD_SOC 2548mW/2492mW
09-09-2026 00:46:22 RAM 2466/7620MB (lfb 276x1MB) SWAP 408/3810MB (cached 1MB) CPU [1%@1728,0%@1728,4%@1728,1%@1728,34%@1728,7%@1728] GR3D_FREQ 98% cpu@57.781C soc2@57.625C soc0@57.093C gpu@58.187C tj@58.218C soc1@58.218C VDD_IN 9828mW/7904mW VDD_CPU_GPU_CV 3548mW/2232mW VDD_SOC 2786mW/2494mW
09-09-2026 00:46:23 RAM 2466/7620MB (lfb 276x1MB) SWAP 408/3810MB (cached 1MB) CPU [2%@1728,0%@1728,1%@1728,4%@1728,36%@1728,6%@1728] GR3D_FREQ 0% cpu@57.656C soc2@56.875C soc0@57.031C gpu@58.062C tj@58.343C soc1@58.343C VDD_IN 8817mW/7909mW VDD_CPU_GPU_CV 2867mW/2235mW VDD_SOC 2629mW/2495mW
09-09-2026 00:46:25 RAM 2469/7620MB (lfb 276x1MB) SWAP 408/3810MB (cached 1MB) CPU [2%@1728,8%@1728,6%@1728,2%@1728,11%@1728,24%@1728] GR3D_FREQ 0% cpu@57.625C soc2@56.968C soc0@57.156C gpu@58.125C tj@58.218C soc1@58.218C VDD_IN 9464mW/7917mW VDD_CPU_GPU_CV 3265mW/2240mW VDD_SOC 2705mW/2496mW
09-09-2026 00:46:26 RAM 2471/7620MB (lfb 276x1MB) SWAP 408/3810MB (cached 1MB) CPU [2%@1728,4%@1728,1%@1728,1%@1728,8%@1728,30%@1728] GR3D_FREQ 0% cpu@57.593C soc2@56.718C soc0@56.906C gpu@57.968C tj@58.187C soc1@58.187C VDD_IN 7656mW/7915mW VDD_CPU_GPU_CV 2099mW/2240mW VDD_SOC 2426mW/2495mW
09-09-2026 00:46:27 RAM 2472/7620MB (lfb 276x1MB) SWAP 408/3810MB (cached 1MB) CPU [11%@1728,2%@1728,5%@1728,3%@1728,4%@1728,33%@1728] GR3D_FREQ 0% cpu@57.625C soc2@57C soc0@57.281C gpu@58.25C tj@58.25C soc1@58.218C VDD_IN 10459mW/7928mW VDD_CPU_GPU_CV 3951mW/2248mW VDD_SOC 2867mW/2497mW
09-09-2026 00:46:28 RAM 2472/7620MB (lfb 276x1MB) SWAP 408/3810MB (cached 1MB) CPU [2%@1728,2%@1728,6%@1728,2%@1728,36%@1728,4%@1728] GR3D_FREQ 48% cpu@58.156C soc2@57.437C soc0@57.062C gpu@58.218C tj@58.312C soc1@58.312C VDD_IN 8696mW/7932mW VDD_CPU_GPU_CV 2786mW/2251mW VDD_SOC 2588mW/2498mW
09-09-2026 00:46:29 RAM 2472/7620MB (lfb 276x1MB) SWAP 408/3810MB (cached 1MB) CPU [2%@1728,4%@1728,2%@1728,1%@1728,38%@1728,0%@1728] GR3D_FREQ 19% cpu@57.718C soc2@57.031C soc0@57.125C gpu@58.187C tj@58.312C soc1@58.312C VDD_IN 8534mW/7935mW VDD_CPU_GPU_CV 2665mW/2253mW VDD_SOC 2588mW/2498mW
09-09-2026 00:46:30 RAM 2472/7620MB (lfb 276x1MB) SWAP 408/3810MB (cached 1MB) CPU [5%@1728,3%@1728,1%@1728,4%@1728,6%@1728,15%@1728] GR3D_FREQ 0% cpu@57.437C soc2@56.906C soc0@57.031C gpu@58C tj@58.468C soc1@58.468C VDD_IN 7968mW/7935mW VDD_CPU_GPU_CV 2261mW/2253mW VDD_SOC 2507mW/2498mW
09-09-2026 00:46:31 RAM 2473/7620MB (lfb 276x1MB) SWAP 408/3810MB (cached 1MB) CPU [6%@1728,2%@1728,1%@1728,9%@1728,20%@1728,34%@1728] GR3D_FREQ 0% cpu@57.75C soc2@57.531C soc0@57.25C gpu@58.312C tj@58.312C soc1@58.187C VDD_IN 10273mW/7946mW VDD_CPU_GPU_CV 3830mW/2261mW VDD_SOC 2826mW/2500mW
09-09-2026 00:46:32 RAM 2479/7620MB (lfb 276x1MB) SWAP 408/3810MB (cached 1MB) CPU [5%@1728,2%@1728,5%@1728,1%@1728,0%@1728,36%@1728] GR3D_FREQ 52% cpu@57.781C soc2@57.218C soc0@57.468C gpu@58.437C tj@58.437C soc1@58.312C VDD_IN 10152mW/7957mW VDD_CPU_GPU_CV 3749mW/2268mW VDD_SOC 2826mW/2501mW
09-09-2026 00:46:33 RAM 2479/7620MB (lfb 276x1MB) SWAP 408/3810MB (cached 1MB) CPU [4%@1728,1%@1728,1%@1728,5%@1728,0%@1728,38%@1728] GR3D_FREQ 0% cpu@57.687C soc2@57C soc0@57.281C gpu@58.25C tj@58.343C soc1@58.343C VDD_IN 9303mW/7963mW VDD_CPU_GPU_CV 3144mW/2272mW VDD_SOC 2665mW/2502mW
09-09-2026 00:46:34 RAM 2480/7620MB (lfb 276x1MB) SWAP 408/3810MB (cached 1MB) CPU [5%@1728,3%@1728,6%@1728,7%@1728,2%@1728,33%@1728] GR3D_FREQ 0% cpu@57.718C soc2@57.125C soc0@57.218C gpu@58.375C tj@58.375C soc1@58.312C VDD_IN 10233mW/7974mW VDD_CPU_GPU_CV 3790mW/2279mW VDD_SOC 2826mW/2504mW
09-09-2026 00:46:35 RAM 2481/7620MB (lfb 276x1MB) SWAP 408/3810MB (cached 1MB) CPU [3%@1728,1%@1728,4%@1728,3%@1728,27%@1728,9%@1728] GR3D_FREQ 54% cpu@58C soc2@57.25C soc0@57.343C gpu@58.437C tj@58.437C soc1@58.343C VDD_IN 9788mW/7983mW VDD_CPU_GPU_CV 3467mW/2285mW VDD_SOC 2746mW/2505mW
09-09-2026 00:46:36 RAM 2482/7620MB (lfb 276x1MB) SWAP 408/3810MB (cached 1MB) CPU [3%@1728,3%@1728,0%@1728,0%@1728,38%@1728,5%@1728] GR3D_FREQ 0% cpu@57.75C soc2@57.156C soc0@57.25C gpu@58.343C tj@58.531C soc1@58.531C VDD_IN 9505mW/7990mW VDD_CPU_GPU_CV 3306mW/2290mW VDD_SOC 2705mW/2506mW
09-09-2026 00:46:37 RAM 2488/7620MB (lfb 276x1MB) SWAP 408/3810MB (cached 1MB) CPU [7%@1728,4%@1728,2%@1728,7%@1728,29%@1728,8%@1728] GR3D_FREQ 0% cpu@57.906C soc2@56.968C soc0@57.218C gpu@58.25C tj@58.343C soc1@58.343C VDD_IN 8777mW/7994mW VDD_CPU_GPU_CV 2786mW/2292mW VDD_SOC 2629mW/2506mW
09-09-2026 00:46:38 RAM 2488/7620MB (lfb 276x1MB) SWAP 408/3810MB (cached 1MB) CPU [2%@1728,1%@1728,0%@1728,1%@1728,15%@1728,24%@1728] GR3D_FREQ 0% cpu@57.75C soc2@56.812C soc0@57.218C gpu@58.187C tj@58.281C soc1@58.281C VDD_IN 7968mW/7994mW VDD_CPU_GPU_CV 2301mW/2292mW VDD_SOC 2507mW/2506mW
09-09-2026 00:46:39 RAM 2488/7620MB (lfb 276x1MB) SWAP 408/3810MB (cached 1MB) CPU [2%@1728,1%@1728,4%@1728,3%@1728,28%@1728,12%@1728] GR3D_FREQ 98% cpu@57.906C soc2@57.25C soc0@57.343C gpu@58.375C tj@58.375C soc1@58.343C VDD_IN 8898mW/7998mW VDD_CPU_GPU_CV 2907mW/2295mW VDD_SOC 2629mW/2507mW
09-09-2026 00:46:40 RAM 2488/7620MB (lfb 276x1MB) SWAP 408/3810MB (cached 1MB) CPU [5%@1728,1%@1728,7%@1728,1%@1728,3%@1728,32%@1728] GR3D_FREQ 0% cpu@57.812C soc2@57C soc0@57.375C gpu@58.312C tj@58.312C soc1@58.312C VDD_IN 8979mW/8003mW VDD_CPU_GPU_CV 2948mW/2298mW VDD_SOC 2629mW/2508mW
09-09-2026 00:46:41 RAM 2488/7620MB (lfb 276x1MB) SWAP 408/3810MB (cached 1MB) CPU [5%@1728,1%@1728,2%@1728,0%@1728,2%@1728,34%@1728] GR3D_FREQ 0% cpu@57.625C soc2@57.062C soc0@57.187C gpu@58.343C tj@58.5C soc1@58.5C VDD_IN 9303mW/8009mW VDD_CPU_GPU_CV 3144mW/2302mW VDD_SOC 2705mW/2508mW
09-09-2026 00:46:42 RAM 2483/7620MB (lfb 276x1MB) SWAP 408/3810MB (cached 1MB) CPU [7%@1728,2%@1728,3%@1728,3%@1728,3%@1728,35%@1728] GR3D_FREQ 0% cpu@57.656C soc2@57.062C soc0@57.218C gpu@58.343C tj@58.437C soc1@58.437C VDD_IN 8655mW/8012mW VDD_CPU_GPU_CV 2746mW/2304mW VDD_SOC 2588mW/2509mW
09-09-2026 00:46:43 RAM 2487/7620MB (lfb 276x1MB) SWAP 408/3810MB (cached 1MB) CPU [16%@1728,11%@1728,15%@1728,23%@1728,28%@1728,18%@1728] GR3D_FREQ 0% cpu@58.375C soc2@57.531C soc0@57.156C gpu@58.406C tj@58.406C soc1@58.312C VDD_IN 8858mW/8016mW VDD_CPU_GPU_CV 2907mW/2307mW VDD_SOC 2629mW/2509mW
09-09-2026 00:46:44 RAM 2487/7620MB (lfb 276x1MB) SWAP 408/3810MB (cached 1MB) CPU [6%@1728,11%@1728,9%@1728,7%@1728,0%@1728,2%@1728] GR3D_FREQ 0% cpu@57.968C soc2@57.031C soc0@57.281C gpu@58.468C tj@58.468C soc1@58.375C VDD_IN 9019mW/8020mW VDD_CPU_GPU_CV 2943mW/2310mW VDD_SOC 2669mW/2510mW
09-09-2026 00:46:45 RAM 2487/7620MB (lfb 276x1MB) SWAP 408/3810MB (cached 1MB) CPU [3%@1728,5%@1728,9%@1728,3%@1728,0%@1728,2%@1728] GR3D_FREQ 98% cpu@57.875C soc2@57.937C soc0@57.437C gpu@58.562C tj@58.437C soc1@58.343C VDD_IN 9303mW/8026mW VDD_CPU_GPU_CV 3185mW/2314mW VDD_SOC 2746mW/2511mW
09-09-2026 00:46:46 RAM 2487/7620MB (lfb 276x1MB) SWAP 408/3810MB (cached 1MB) CPU [0%@1728,0%@1728,1%@1728,0%@1728,8%@1728,8%@1728] GR3D_FREQ 0% cpu@57.687C soc2@56.937C soc0@57.156C gpu@58.187C tj@58.437C soc1@58.437C VDD_IN 7778mW/8025mW VDD_CPU_GPU_CV 2099mW/2313mW VDD_SOC 2467mW/2511mW
09-09-2026 00:46:47 RAM 2491/7620MB (lfb 276x1MB) SWAP 408/3810MB (cached 1MB) CPU [3%@1728,2%@1728,1%@1728,3%@1728,48%@1728,8%@1728] GR3D_FREQ 0% cpu@57.968C soc2@56.906C soc0@57.156C gpu@58.062C tj@58.375C soc1@58.375C VDD_IN 7616mW/8023mW VDD_CPU_GPU_CV 2059mW/2312mW VDD_SOC 2426mW/2511mW
09-09-2026 00:46:48 RAM 2490/7620MB (lfb 276x1MB) SWAP 408/3810MB (cached 1MB) CPU [2%@1728,1%@1728,0%@1728,3%@1728,17%@1728,37%@1728] GR3D_FREQ 0% cpu@57.875C soc2@56.937C soc0@57.093C gpu@58.031C tj@58.375C soc1@58.375C VDD_IN 7575mW/8021mW VDD_CPU_GPU_CV 2019mW/2310mW VDD_SOC 2426mW/2510mW
09-09-2026 00:46:49 RAM 2490/7620MB (lfb 276x1MB) SWAP 408/3810MB (cached 1MB) CPU [6%@1728,1%@1728,3%@1728,2%@1728,48%@1728,4%@1728] GR3D_FREQ 0% cpu@57.656C soc2@56.968C soc0@57.093C gpu@58.125C tj@58.281C soc1@58.281C VDD_IN 8372mW/8023mW VDD_CPU_GPU_CV 2544mW/2312mW VDD_SOC 2548mW/2510mW
09-09-2026 00:46:50 RAM 2491/7620MB (lfb 276x1MB) SWAP 408/3810MB (cached 1MB) CPU [16%@1728,11%@1728,8%@1728,19%@1728,35%@1728,52%@1728] GR3D_FREQ 0% cpu@57.812C soc2@56.968C soc0@57.25C gpu@58.25C tj@58.437C soc1@58.437C VDD_IN 9303mW/8028mW VDD_CPU_GPU_CV 3225mW/2316mW VDD_SOC 2665mW/2511mW
09-09-2026 00:46:51 RAM 2491/7620MB (lfb 276x1MB) SWAP 408/3810MB (cached 1MB) CPU [3%@1728,4%@1728,1%@1728,2%@1728,23%@1728,37%@1728] GR3D_FREQ 0% cpu@57.781C soc2@56.906C soc0@57.343C gpu@58.25C tj@58.406C soc1@58.406C VDD_IN 8494mW/8030mW VDD_CPU_GPU_CV 2665mW/2317mW VDD_SOC 2548mW/2511mW
09-09-2026 00:46:52 RAM 2493/7620MB (lfb 276x1MB) SWAP 408/3810MB (cached 1MB) CPU [5%@1728,2%@1728,7%@1728,5%@1728,39%@1728,18%@1728] GR3D_FREQ 55% cpu@58.156C soc2@57.468C soc0@57.375C gpu@58.5C tj@58.5C soc1@58.437C VDD_IN 10071mW/8040mW VDD_CPU_GPU_CV 3669mW/2323mW VDD_SOC 2786mW/2512mW
09-09-2026 00:46:53 RAM 2494/7620MB (lfb 276x1MB) SWAP 408/3810MB (cached 1MB) CPU [8%@1728,7%@1728,2%@1728,11%@1728,54%@1728,0%@1728] GR3D_FREQ 0% cpu@58.062C soc2@57.25C soc0@57.343C gpu@58.468C tj@58.531C soc1@58.531C VDD_IN 10378mW/8050mW VDD_CPU_GPU_CV 3911mW/2330mW VDD_SOC 2826mW/2514mW
09-09-2026 00:46:54 RAM 2495/7620MB (lfb 276x1MB) SWAP 408/3810MB (cached 1MB) CPU [9%@1728,7%@1728,5%@1728,2%@1728,27%@1728,33%@1728] GR3D_FREQ 0% cpu@57.906C soc2@57.312C soc0@57.375C gpu@58.437C tj@58.718C soc1@58.718C VDD_IN 9828mW/8058mW VDD_CPU_GPU_CV 3548mW/2335mW VDD_SOC 2746mW/2515mW
09-09-2026 00:46:55 RAM 2495/7620MB (lfb 276x1MB) SWAP 408/3810MB (cached 1MB) CPU [4%@1728,6%@1728,7%@1728,2%@1728,0%@1728,56%@1728] GR3D_FREQ 0% cpu@57.906C soc2@57.156C soc0@57.281C gpu@58.468C tj@58.468C soc1@58.406C VDD_IN 9343mW/8063mW VDD_CPU_GPU_CV 3225mW/2339mW VDD_SOC 2665mW/2516mW
09-09-2026 00:46:56 RAM 2496/7620MB (lfb 276x1MB) SWAP 408/3810MB (cached 1MB) CPU [13%@1728,2%@1728,4%@1728,5%@1728,12%@1728,45%@1728] GR3D_FREQ 53% cpu@58.312C soc2@57.906C soc0@57.625C gpu@58.687C tj@58.687C soc1@58.437C VDD_IN 10031mW/8072mW VDD_CPU_GPU_CV 3709mW/2345mW VDD_SOC 2786mW/2517mW
09-09-2026 00:46:57 RAM 2499/7620MB (lfb 276x1MB) SWAP 408/3810MB (cached 1MB) CPU [17%@1728,7%@1728,14%@1728,12%@1728,38%@1728,34%@1728] GR3D_FREQ 0% cpu@58.781C soc2@57.375C soc0@57.625C gpu@58.562C tj@58.781C soc1@58.5C VDD_IN 10661mW/8083mW VDD_CPU_GPU_CV 4106mW/2353mW VDD_SOC 2867mW/2518mW
09-09-2026 00:46:58 RAM 2488/7620MB (lfb 276x1MB) SWAP 408/3810MB (cached 1MB) CPU [14%@1728,15%@1728,12%@1728,14%@1728,20%@1728,64%@1728] GR3D_FREQ 0% cpu@58.25C soc2@57.5C soc0@57.531C gpu@58.718C tj@58.718C soc1@58.687C VDD_IN 10782mW/8095mW VDD_CPU_GPU_CV 4186mW/2361mW VDD_SOC 2907mW/2520mW
09-09-2026 00:46:59 RAM 2490/7620MB (lfb 276x1MB) SWAP 408/3810MB (cached 1MB) CPU [4%@1728,2%@1728,1%@1728,0%@1728,47%@1728,4%@1728] GR3D_FREQ 0% cpu@57.937C soc2@57.156C soc0@57.25C gpu@58.5C tj@58.687C soc1@58.687C VDD_IN 8089mW/8095mW VDD_CPU_GPU_CV 2382mW/2361mW VDD_SOC 2507mW/2520mW
09-09-2026 00:47:00 RAM 2494/7620MB (lfb 276x1MB) SWAP 408/3810MB (cached 1MB) CPU [7%@1728,5%@1728,1%@1728,5%@1728,8%@1728,48%@1728] GR3D_FREQ 0% cpu@58.062C soc2@57.312C soc0@57.593C gpu@58.687C tj@58.687C soc1@58.687C VDD_IN 10112mW/8103mW VDD_CPU_GPU_CV 3709mW/2367mW VDD_SOC 2786mW/2521mW
09-09-2026 00:47:01 RAM 2496/7620MB (lfb 276x1MB) SWAP 408/3810MB (cached 1MB) CPU [3%@1728,5%@1728,8%@1728,3%@1728,34%@1728,24%@1728] GR3D_FREQ 0% cpu@58.218C soc2@57.25C soc0@57.437C gpu@58.5C tj@58.531C soc1@58.531C VDD_IN 8696mW/8106mW VDD_CPU_GPU_CV 2786mW/2368mW VDD_SOC 2588mW/2521mW
09-09-2026 00:47:02 RAM 2501/7620MB (lfb 276x1MB) SWAP 408/3810MB (cached 1MB) CPU [7%@1728,7%@1728,4%@1728,3%@1728,42%@1728,4%@1728] GR3D_FREQ 98% cpu@58.5C soc2@57.625C soc0@57.75C gpu@58.75C tj@58.75C soc1@58.625C VDD_IN 9990mW/8114mW VDD_CPU_GPU_CV 3628mW/2374mW VDD_SOC 2786mW/2522mW
09-09-2026 00:47:03 RAM 2508/7620MB (lfb 276x1MB) SWAP 408/3810MB (cached 1MB) CPU [11%@1728,5%@1728,15%@1728,9%@1728,42%@1728,44%@1728] GR3D_FREQ 0% cpu@58.437C soc2@57.5C soc0@57.812C gpu@58.812C tj@58.812C soc1@58.687C VDD_IN 10297mW/8123mW VDD_CPU_GPU_CV 3870mW/2380mW VDD_SOC 2786mW/2523mW
09-09-2026 00:47:04 RAM 2515/7620MB (lfb 276x1MB) SWAP 408/3810MB (cached 1MB) CPU [15%@1728,16%@1728,17%@1728,10%@1728,48%@1728,12%@1728] GR3D_FREQ 10% cpu@58.625C soc2@58.281C soc0@57.781C gpu@59C tj@59C soc1@58.718C VDD_IN 11347mW/8136mW VDD_CPU_GPU_CV 4589mW/2389mW VDD_SOC 2983mW/2525mW
09-09-2026 00:47:05 RAM 2516/7620MB (lfb 276x1MB) SWAP 408/3810MB (cached 1MB) CPU [8%@1728,4%@1728,3%@1728,6%@1728,12%@1728,42%@1728] GR3D_FREQ 0% cpu@58.718C soc2@57.468C soc0@57.531C gpu@58.812C tj@58.812C soc1@58.781C VDD_IN 9060mW/8140mW VDD_CPU_GPU_CV 2983mW/2392mW VDD_SOC 2665mW/2526mW
09-09-2026 00:47:06 RAM 2517/7620MB (lfb 276x1MB) SWAP 408/3810MB (cached 1MB) CPU [16%@1728,12%@1728,30%@1728,15%@1728,0%@1728,1%@1728] GR3D_FREQ 0% cpu@58.25C soc2@57.468C soc0@57.656C gpu@58.781C tj@58.937C soc1@58.937C VDD_IN 8939mW/8144mW VDD_CPU_GPU_CV 2948mW/2394mW VDD_SOC 2629mW/2526mW
09-09-2026 00:47:07 RAM 2523/7620MB (lfb 276x1MB) SWAP 408/3810MB (cached 1MB) CPU [11%@1728,30%@1728,16%@1728,18%@1728,0%@1728,0%@1728] GR3D_FREQ 0% cpu@58.343C soc2@57.375C soc0@57.562C gpu@58.781C tj@58.781C soc1@58.812C VDD_IN 8534mW/8145mW VDD_CPU_GPU_CV 2665mW/2395mW VDD_SOC 2588mW/2527mW
09-09-2026 00:47:08 RAM 2524/7620MB (lfb 276x1MB) SWAP 408/3810MB (cached 1MB) CPU [3%@1728,8%@1728,1%@1728,13%@1728,17%@1728,28%@1728] GR3D_FREQ 0% cpu@58.25C soc2@57.25C soc0@57.656C gpu@58.781C tj@58.781C soc1@58.718C VDD_IN 8574mW/8147mW VDD_CPU_GPU_CV 2705mW/2397mW VDD_SOC 2588mW/2527mW
09-09-2026 00:47:09 RAM 2525/7620MB (lfb 276x1MB) SWAP 408/3810MB (cached 1MB) CPU [5%@1728,4%@1728,10%@1728,2%@1728,43%@1728,14%@1728] GR3D_FREQ 55% cpu@58.656C soc2@57.75C soc0@57.875C gpu@59.062C tj@59.062C soc1@58.687C VDD_IN 10192mW/8155mW VDD_CPU_GPU_CV 3790mW/2402mW VDD_SOC 2826mW/2528mW
09-09-2026 00:47:10 RAM 2528/7620MB (lfb 276x1MB) SWAP 408/3810MB (cached 1MB) CPU [7%@1728,3%@1728,4%@1728,6%@1728,38%@1728,15%@1728] GR3D_FREQ 0% cpu@58.468C soc2@57.718C soc0@57.781C gpu@58.781C tj@58.781C soc1@58.75C VDD_IN 10273mW/8164mW VDD_CPU_GPU_CV 3790mW/2408mW VDD_SOC 2826mW/2529mW
09-09-2026 00:47:11 RAM 2535/7620MB (lfb 276x1MB) SWAP 408/3810MB (cached 1MB) CPU [9%@1728,14%@1728,36%@1728,9%@1728,8%@1728,23%@1728] GR3D_FREQ 0% cpu@59.156C soc2@57.5C soc0@57.593C gpu@58.687C tj@59.156C soc1@58.875C VDD_IN 8291mW/8165mW VDD_CPU_GPU_CV 2503mW/2408mW VDD_SOC 2507mW/2529mW
09-09-2026 00:47:12 RAM 2540/7620MB (lfb 276x1MB) SWAP 408/3810MB (cached 1MB) CPU [13%@1728,15%@1728,29%@1728,13%@1728,27%@1728,22%@1728] GR3D_FREQ 0% cpu@58.375C soc2@57.625C soc0@57.843C gpu@58.812C tj@58.843C soc1@58.843C VDD_IN 10661mW/8175mW VDD_CPU_GPU_CV 4065mW/2415mW VDD_SOC 2867mW/2531mW
09-09-2026 00:47:13 RAM 2525/7620MB (lfb 276x1MB) SWAP 408/3810MB (cached 1MB) CPU [5%@1728,11%@1728,5%@1728,9%@1728,24%@1728,35%@1728] GR3D_FREQ 0% cpu@58.625C soc2@57.593C soc0@57.75C gpu@58.843C tj@58.843C soc1@58.843C VDD_IN 9747mW/8181mW VDD_CPU_GPU_CV 3467mW/2419mW VDD_SOC 2746mW/2532mW
09-09-2026 00:47:14 RAM 2526/7620MB (lfb 276x1MB) SWAP 408/3810MB (cached 1MB) CPU [5%@1728,4%@1728,0%@1728,2%@1728,52%@1728,5%@1728] GR3D_FREQ 0% cpu@58.593C soc2@57.5C soc0@57.812C gpu@58.812C tj@58.843C soc1@58.843C VDD_IN 9060mW/8185mW VDD_CPU_GPU_CV 3024mW/2422mW VDD_SOC 2629mW/2532mW
09-09-2026 00:47:15 RAM 2526/7620MB (lfb 276x1MB) SWAP 408/3810MB (cached 1MB) CPU [3%@1728,2%@1728,3%@1728,0%@1728,5%@1728,49%@1728] GR3D_FREQ 98% cpu@58.5C soc2@58.156C soc0@57.875C gpu@58.875C tj@58.875C soc1@58.781C VDD_IN 9141mW/8189mW VDD_CPU_GPU_CV 3104mW/2425mW VDD_SOC 2665mW/2532mW
09-09-2026 00:47:16 RAM 2527/7620MB (lfb 276x1MB) SWAP 408/3810MB (cached 1MB) CPU [4%@1728,4%@1728,4%@1728,2%@1728,3%@1728,51%@1728] GR3D_FREQ 0% cpu@58.375C soc2@57.343C soc0@57.656C gpu@58.656C tj@58.937C soc1@58.937C VDD_IN 8413mW/8189mW VDD_CPU_GPU_CV 2624mW/2425mW VDD_SOC 2548mW/2533mW
09-09-2026 00:47:17 RAM 2532/7620MB (lfb 276x1MB) SWAP 408/3810MB (cached 1MB) CPU [9%@1728,6%@1728,3%@1728,4%@1728,2%@1728,54%@1728] GR3D_FREQ 0% cpu@58.656C soc2@57.812C soc0@57.937C gpu@59.062C tj@59.062C soc1@58.968C VDD_IN 11590mW/8203mW VDD_CPU_GPU_CV 4709mW/2434mW VDD_SOC 3024mW/2534mW
09-09-2026 00:47:18 RAM 2533/7620MB (lfb 276x1MB) SWAP 408/3810MB (cached 1MB) CPU [6%@1728,2%@1728,4%@1728,2%@1728,50%@1728,10%@1728] GR3D_FREQ 0% cpu@58.343C soc2@57.75C soc0@57.906C gpu@58.937C tj@59.125C soc1@59.125C VDD_IN 9707mW/8209mW VDD_CPU_GPU_CV 3467mW/2439mW VDD_SOC 2746mW/2535mW
09-09-2026 00:47:19 RAM 2529/7620MB (lfb 276x1MB) SWAP 408/3810MB (cached 1MB) CPU [7%@1728,6%@1728,3%@1728,5%@1728,57%@1728,1%@1728] GR3D_FREQ 0% cpu@58.562C soc2@57.531C soc0@57.812C gpu@58.843C tj@58.875C soc1@58.875C VDD_IN 8696mW/8211mW VDD_CPU_GPU_CV 2786mW/2440mW VDD_SOC 2588mW/2536mW
09-09-2026 00:47:20 RAM 2533/7620MB (lfb 276x1MB) SWAP 408/3810MB (cached 1MB) CPU [7%@1728,6%@1728,6%@1728,7%@1728,40%@1728,0%@1728] GR3D_FREQ 0% cpu@58.812C soc2@57.75C soc0@58C gpu@59C tj@59C soc1@58.906C VDD_IN 10378mW/8219mW VDD_CPU_GPU_CV 3870mW/2446mW VDD_SOC 2867mW/2537mW
09-09-2026 00:47:21 RAM 2537/7620MB (lfb 276x1MB) SWAP 408/3810MB (cached 1MB) CPU [6%@1728,5%@1728,8%@1728,6%@1728,37%@1728,24%@1728] GR3D_FREQ 0% cpu@58.781C soc2@57.656C soc0@58.093C gpu@59.093C tj@59.093C soc1@58.937C VDD_IN 10152mW/8227mW VDD_CPU_GPU_CV 3749mW/2451mW VDD_SOC 2826mW/2538mW
09-09-2026 00:47:22 RAM 2541/7620MB (lfb 276x1MB) SWAP 408/3810MB (cached 1MB) CPU [12%@1728,1%@1728,1%@1728,10%@1728,54%@1728,5%@1728] GR3D_FREQ 0% cpu@58.843C soc2@58.093C soc0@58.093C gpu@59.375C tj@59.375C soc1@59.062C VDD_IN 11711mW/8241mW VDD_CPU_GPU_CV 4790mW/2460mW VDD_SOC 3024mW/2540mW
09-09-2026 00:47:23 RAM 2543/7620MB (lfb 276x1MB) SWAP 408/3810MB (cached 1MB) CPU [5%@1728,5%@1728,2%@1728,2%@1728,38%@1728,21%@1728] GR3D_FREQ 98% cpu@58.531C soc2@58.187C soc0@58.125C gpu@59.312C tj@59.312C soc1@59.093C VDD_IN 10031mW/8248mW VDD_CPU_GPU_CV 3669mW/2465mW VDD_SOC 2786mW/2541mW
09-09-2026 00:47:24 RAM 2545/7620MB (lfb 276x1MB) SWAP 408/3810MB (cached 1MB) CPU [5%@1728,3%@1728,4%@1728,4%@1728,20%@1728,39%@1728] GR3D_FREQ 81% cpu@58.781C soc2@58.562C soc0@58.093C gpu@59.406C tj@59.406C soc1@59.218C VDD_IN 10499mW/8256mW VDD_CPU_GPU_CV 4032mW/2471mW VDD_SOC 2867mW/2542mW
09-09-2026 00:47:25 RAM 2550/7620MB (lfb 276x1MB) SWAP 408/3810MB (cached 1MB) CPU [4%@1728,1%@1728,5%@1728,7%@1728,13%@1728,43%@1728] GR3D_FREQ 0% cpu@58.5C soc2@57.656C soc0@58C gpu@59.062C tj@59.062C soc1@59.062C VDD_IN 8939mW/8259mW VDD_CPU_GPU_CV 2948mW/2472mW VDD_SOC 2629mW/2542mW
09-09-2026 00:47:26 RAM 2550/7620MB (lfb 276x1MB) SWAP 408/3810MB (cached 1MB) CPU [6%@1728,7%@1728,7%@1728,2%@1728,20%@1728,36%@1728] GR3D_FREQ 0% cpu@58.937C soc2@57.75C soc0@58.031C gpu@59.062C tj@59.062C soc1@59.031C VDD_IN 8817mW/8261mW VDD_CPU_GPU_CV 2867mW/2474mW VDD_SOC 2629mW/2543mW
09-09-2026 00:47:27 RAM 2556/7620MB (lfb 276x1MB) SWAP 408/3810MB (cached 1MB) CPU [3%@1728,2%@1728,6%@1728,2%@1728,55%@1728,2%@1728] GR3D_FREQ 0% cpu@58.718C soc2@57.75C soc0@58.031C gpu@59.093C tj@59.093C soc1@59.093C VDD_IN 8777mW/8263mW VDD_CPU_GPU_CV 2826mW/2475mW VDD_SOC 2588mW/2543mW
09-09-2026 00:47:28 RAM 2557/7620MB (lfb 276x1MB) SWAP 408/3810MB (cached 1MB) CPU [6%@1728,2%@1728,3%@1728,6%@1728,49%@1728,0%@1728] GR3D_FREQ 0% cpu@58.906C soc2@58C soc0@58C gpu@59.343C tj@59.343C soc1@59.062C VDD_IN 10338mW/8271mW VDD_CPU_GPU_CV 3870mW/2481mW VDD_SOC 2826mW/2544mW
09-09-2026 00:47:29 RAM 2557/7620MB (lfb 276x1MB) SWAP 408/3810MB (cached 1MB) CPU [7%@1728,4%@1728,2%@1728,5%@1728,37%@1728,0%@1728] GR3D_FREQ 0% cpu@58.593C soc2@58.031C soc0@58.125C gpu@59.312C tj@59.312C soc1@59.125C VDD_IN 9788mW/8277mW VDD_CPU_GPU_CV 3467mW/2484mW VDD_SOC 2786mW/2545mW
09-09-2026 00:47:30 RAM 2557/7620MB (lfb 276x1MB) SWAP 408/3810MB (cached 1MB) CPU [12%@1728,1%@1728,4%@1728,8%@1728,23%@1728,0%@1728] GR3D_FREQ 98% cpu@58.75C soc2@58.562C soc0@58.406C gpu@59.656C tj@59.656C soc1@59.25C VDD_IN 12357mW/8292mW VDD_CPU_GPU_CV 5144mW/2494mW VDD_SOC 3185mW/2547mW
09-09-2026 00:47:31 RAM 2558/7620MB (lfb 276x1MB) SWAP 408/3810MB (cached 1MB) CPU [3%@1728,0%@1728,6%@1728,3%@1728,4%@1728,0%@1728] GR3D_FREQ 0% cpu@58.937C soc2@58.187C soc0@58.093C gpu@59.281C tj@59.281C soc1@59.062C VDD_IN 8372mW/8293mW VDD_CPU_GPU_CV 2544mW/2495mW VDD_SOC 2588mW/2548mW
09-09-2026 00:47:32 RAM 2565/7620MB (lfb 276x1MB) SWAP 408/3810MB (cached 1MB) CPU [4%@1728,3%@1728,1%@1728,0%@1728,61%@1728,0%@1728] GR3D_FREQ 0% cpu@58.562C soc2@57.625C soc0@57.875C gpu@59.156C tj@59.156C soc1@59.031C VDD_IN 7927mW/8291mW VDD_CPU_GPU_CV 2261mW/2494mW VDD_SOC 2467mW/2547mW
09-09-2026 00:47:33 RAM 2566/7620MB (lfb 276x1MB) SWAP 408/3810MB (cached 1MB) CPU [1%@1728,2%@1728,1%@1728,2%@1728,41%@1728,8%@1728] GR3D_FREQ 0% cpu@58.468C soc2@57.562C soc0@57.75C gpu@58.75C tj@59.093C soc1@59.093C VDD_IN 7535mW/8288mW VDD_CPU_GPU_CV 1978mW/2492mW VDD_SOC 2426mW/2547mW
09-09-2026 00:47:34 RAM 2567/7620MB (lfb 276x1MB) SWAP 408/3810MB (cached 1MB) CPU [5%@1728,2%@1728,4%@1728,2%@1728,0%@1728,62%@1728] GR3D_FREQ 0% cpu@58.625C soc2@57.593C soc0@57.75C gpu@58.781C tj@59.156C soc1@59.156C VDD_IN 7778mW/8286mW VDD_CPU_GPU_CV 2221mW/2491mW VDD_SOC 2426mW/2546mW
09-09-2026 00:47:35 RAM 2567/7620MB (lfb 276x1MB) SWAP 408/3810MB (cached 1MB) CPU [7%@1728,3%@1728,0%@1728,2%@1728,57%@1728,28%@1728] GR3D_FREQ 0% cpu@59.031C soc2@57.781C soc0@57.906C gpu@58.968C tj@59.156C soc1@58.968C VDD_IN 9019mW/8289mW VDD_CPU_GPU_CV 3024mW/2493mW VDD_SOC 2629mW/2547mW
09-09-2026 00:47:36 RAM 2568/7620MB (lfb 276x1MB) SWAP 408/3810MB (cached 1MB) CPU [6%@1728,6%@1728,8%@1728,8%@1728,90%@1728,1%@1728] GR3D_FREQ 0% cpu@59.031C soc2@58C soc0@58.125C gpu@59.125C tj@59.125C soc1@59.031C VDD_IN 11145mW/8300mW VDD_CPU_GPU_CV 4428mW/2500mW VDD_SOC 2907mW/2548mW
09-09-2026 00:47:37 RAM 2568/7620MB (lfb 276x1MB) SWAP 408/3810MB (cached 1MB) CPU [4%@1728,4%@1728,2%@1728,7%@1728,67%@1728,4%@1728] GR3D_FREQ 58% cpu@58.656C soc2@58.156C soc0@58.343C gpu@59.375C tj@59.375C soc1@59.125C VDD_IN 10580mW/8308mW VDD_CPU_GPU_CV 4025mW/2506mW VDD_SOC 2867mW/2549mW
09-09-2026 00:47:38 RAM 2569/7620MB (lfb 276x1MB) SWAP 408/3810MB (cached 1MB) CPU [15%@1728,2%@1728,5%@1728,7%@1728,43%@1728,31%@1728] GR3D_FREQ 0% cpu@59.312C soc2@58.25C soc0@58.25C gpu@59.468C tj@59.468C soc1@59.125C VDD_IN 11913mW/8321mW VDD_CPU_GPU_CV 4911mW/2514mW VDD_SOC 3064mW/2551mW
09-09-2026 00:47:39 RAM 2569/7620MB (lfb 276x1MB) SWAP 408/3810MB (cached 1MB) CPU [10%@1728,2%@1728,15%@1728,7%@1728,65%@1728,7%@1728] GR3D_FREQ 0% cpu@58.968C soc2@58.093C soc0@58.218C gpu@59.281C tj@59.281C soc1@59.281C VDD_IN 11105mW/8332mW VDD_CPU_GPU_CV 4387mW/2521mW VDD_SOC 2948mW/2552mW
09-09-2026 00:47:40 RAM 2572/7620MB (lfb 276x1MB) SWAP 408/3810MB (cached 1MB) CPU [13%@1728,3%@1728,10%@1728,2%@1728,61%@1728,10%@1728] GR3D_FREQ 0% cpu@58.906C soc2@58.25C soc0@58.312C gpu@59.468C tj@59.468C soc1@59.406C VDD_IN 11469mW/8343mW VDD_CPU_GPU_CV 4629mW/2529mW VDD_SOC 2983mW/2554mW
09-09-2026 00:47:41 RAM 2575/7620MB (lfb 276x1MB) SWAP 408/3810MB (cached 1MB) CPU [4%@1728,12%@1728,4%@1728,5%@1728,44%@1728,32%@1728] GR3D_FREQ 98% cpu@59.343C soc2@59.218C soc0@58.468C gpu@59.625C tj@59.625C soc1@59.218C VDD_IN 11307mW/8354mW VDD_CPU_GPU_CV 4548mW/2536mW VDD_SOC 2988mW/2556mW
09-09-2026 00:47:42 RAM 2582/7620MB (lfb 276x1MB) SWAP 408/3810MB (cached 1MB) CPU [5%@1728,8%@1728,3%@1728,1%@1728,76%@1728,2%@1728] GR3D_FREQ 0% cpu@59.218C soc2@58.031C soc0@58.156C gpu@59.312C tj@59.312C soc1@59.312C VDD_IN 9464mW/8358mW VDD_CPU_GPU_CV 3306mW/2539mW VDD_SOC 2705mW/2556mW
09-09-2026 00:47:43 RAM 2582/7620MB (lfb 276x1MB) SWAP 408/3810MB (cached 1MB) CPU [6%@1728,3%@1728,1%@1728,7%@1728,5%@1728,68%@1728] GR3D_FREQ 0% cpu@59.031C soc2@57.937C soc0@58.312C gpu@59.156C tj@59.218C soc1@59.218C VDD_IN 9181mW/8361mW VDD_CPU_GPU_CV 3104mW/2541mW VDD_SOC 2624mW/2556mW
09-09-2026 00:47:44 RAM 2585/7620MB (lfb 276x1MB) SWAP 408/3810MB (cached 1MB) CPU [7%@1728,6%@1728,12%@1728,8%@1728,64%@1728,8%@1728] GR3D_FREQ 88% cpu@59.25C soc2@59.031C soc0@58.718C gpu@59.656C tj@59.656C soc1@59.375C VDD_IN 13023mW/8378mW VDD_CPU_GPU_CV 5707mW/2553mW VDD_SOC 3225mW/2559mW
09-09-2026 00:47:45 RAM 2586/7620MB (lfb 276x1MB) SWAP 408/3810MB (cached 1MB) CPU [9%@1728,6%@1728,2%@1728,9%@1728,72%@1728,1%@1728] GR3D_FREQ 32% cpu@59.562C soc2@58.937C soc0@58.593C gpu@59.625C tj@59.625C soc1@59.468C VDD_IN 11953mW/8390mW VDD_CPU_GPU_CV 4991mW/2561mW VDD_SOC 3064mW/2561mW
09-09-2026 00:47:46 RAM 2587/7620MB (lfb 276x1MB) SWAP 408/3810MB (cached 1MB) CPU [8%@1728,7%@1728,2%@1728,7%@1728,52%@1728,23%@1728] GR3D_FREQ 0% cpu@59.25C soc2@58.406C soc0@58.5C gpu@59.562C tj@59.562C soc1@59.5C VDD_IN 11226mW/8401mW VDD_CPU_GPU_CV 4468mW/2568mW VDD_SOC 2948mW/2562mW
09-09-2026 00:47:47 RAM 2593/7620MB (lfb 276x1MB) SWAP 408/3810MB (cached 1MB) CPU [4%@1728,7%@1728,2%@1728,7%@1728,75%@1728,2%@1728] GR3D_FREQ 0% cpu@59.031C soc2@58.156C soc0@58.312C gpu@59.312C tj@59.343C soc1@59.343C VDD_IN 9343mW/8404mW VDD_CPU_GPU_CV 3225mW/2570mW VDD_SOC 2665mW/2562mW
09-09-2026 00:47:48 RAM 2594/7620MB (lfb 276x1MB) SWAP 408/3810MB (cached 1MB) CPU [7%@1728,9%@1728,3%@1728,3%@1728,19%@1728,55%@1728] GR3D_FREQ 0% cpu@59C soc2@58.156C soc0@58.375C gpu@59.375C tj@59.375C soc1@59.406C VDD_IN 9667mW/8408mW VDD_CPU_GPU_CV 3427mW/2573mW VDD_SOC 2705mW/2563mW
09-09-2026 00:47:49 RAM 2595/7620MB (lfb 276x1MB) SWAP 408/3810MB (cached 1MB) CPU [5%@1728,11%@1728,5%@1728,5%@1728,20%@1728,50%@1728] GR3D_FREQ 0% cpu@59.437C soc2@58.218C soc0@58.531C gpu@59.406C tj@59.5C soc1@59.5C VDD_IN 10192mW/8415mW VDD_CPU_GPU_CV 3790mW/2578mW VDD_SOC 2786mW/2564mW
09-09-2026 00:47:50 RAM 2595/7620MB (lfb 276x1MB) SWAP 408/3810MB (cached 1MB) CPU [5%@1728,8%@1728,5%@1728,5%@1728,14%@1728,59%@1728] GR3D_FREQ 0% cpu@59.093C soc2@58.25C soc0@58.531C gpu@59.437C tj@59.437C soc1@59.406C VDD_IN 10071mW/8420mW VDD_CPU_GPU_CV 3709mW/2582mW VDD_SOC 2786mW/2564mW
09-09-2026 00:47:51 RAM 2595/7620MB (lfb 276x1MB) SWAP 408/3810MB (cached 1MB) CPU [8%@1728,11%@1728,2%@1728,1%@1728,0%@1728,68%@1728] GR3D_FREQ 59% cpu@59C soc2@58.593C soc0@58.593C gpu@59.687C tj@59.687C soc1@59.5C VDD_IN 10944mW/8429mW VDD_CPU_GPU_CV 4267mW/2588mW VDD_SOC 2907mW/2566mW
09-09-2026 00:47:52 RAM 2595/7620MB (lfb 276x1MB) SWAP 408/3810MB (cached 1MB) CPU [8%@1728,11%@1728,5%@1728,12%@1728,23%@1728,52%@1728] GR3D_FREQ 93% cpu@59.187C soc2@58.75C soc0@58.718C gpu@59.687C tj@59.718C soc1@59.718C VDD_IN 10701mW/8437mW VDD_CPU_GPU_CV 4106mW/2593mW VDD_SOC 2867mW/2567mW
09-09-2026 00:47:53 RAM 2596/7620MB (lfb 276x1MB) SWAP 408/3810MB (cached 1MB) CPU [7%@1728,5%@1728,6%@1728,2%@1728,59%@1728,22%@1728] GR3D_FREQ 0% cpu@59.437C soc2@58.312C soc0@58.562C gpu@59.468C tj@59.531C soc1@59.531C VDD_IN 10031mW/8443mW VDD_CPU_GPU_CV 3669mW/2597mW VDD_SOC 2786mW/2567mW
09-09-2026 00:47:54 RAM 2596/7620MB (lfb 276x1MB) SWAP 408/3810MB (cached 1MB) CPU [8%@1728,2%@1728,11%@1728,4%@1728,67%@1728,7%@1728] GR3D_FREQ 0% cpu@59.062C soc2@58.375C soc0@58.656C gpu@59.687C tj@59.687C soc1@59.468C VDD_IN 10499mW/8450mW VDD_CPU_GPU_CV 3991mW/2602mW VDD_SOC 2867mW/2569mW
09-09-2026 00:47:55 RAM 2597/7620MB (lfb 276x1MB) SWAP 408/3810MB (cached 1MB) CPU [5%@1728,3%@1728,5%@1728,3%@1728,66%@1728,11%@1728] GR3D_FREQ 98% cpu@59.468C soc2@58.812C soc0@58.937C gpu@59.843C tj@59.843C soc1@59.593C VDD_IN 11105mW/8459mW VDD_CPU_GPU_CV 4387mW/2608mW VDD_SOC 2948mW/2570mW
09-09-2026 00:47:56 RAM 2598/7620MB (lfb 276x1MB) SWAP 408/3810MB (cached 1MB) CPU [12%@1728,6%@1728,2%@1728,11%@1728,70%@1728,0%@1728] GR3D_FREQ 0% cpu@59.437C soc2@58.75C soc0@58.718C gpu@59.75C tj@59.75C soc1@59.656C VDD_IN 11307mW/8469mW VDD_CPU_GPU_CV 4508mW/2614mW VDD_SOC 2988mW/2571mW
09-09-2026 00:47:57 RAM 2603/7620MB (lfb 276x1MB) SWAP 408/3810MB (cached 1MB) CPU [7%@1728,6%@1728,4%@1728,7%@1728,69%@1728,5%@1728] GR3D_FREQ 88% cpu@59.562C soc2@58.843C soc0@58.718C gpu@59.937C tj@59.937C soc1@59.687C VDD_IN 10984mW/8478mW VDD_CPU_GPU_CV 4307mW/2620mW VDD_SOC 2907mW/2572mW
09-09-2026 00:47:58 RAM 2609/7620MB (lfb 276x1MB) SWAP 408/3810MB (cached 1MB) CPU [3%@1728,8%@1728,7%@1728,9%@1728,10%@1728,64%@1728] GR3D_FREQ 0% cpu@59.75C soc2@58.75C soc0@58.875C gpu@59.968C tj@59.968C soc1@59.875C VDD_IN 12195mW/8490mW VDD_CPU_GPU_CV 5072mW/2629mW VDD_SOC 3104mW/2574mW
09-09-2026 00:47:59 RAM 2609/7620MB (lfb 276x1MB) SWAP 408/3810MB (cached 1MB) CPU [11%@1728,14%@1728,5%@1728,5%@1728,71%@1728,2%@1728] GR3D_FREQ 34% cpu@59.656C soc2@59.375C soc0@59.031C gpu@60.031C tj@60.031C soc1@59.75C VDD_IN 12276mW/8503mW VDD_CPU_GPU_CV 5184mW/2637mW VDD_SOC 3104mW/2576mW
09-09-2026 00:48:00 RAM 2609/7620MB (lfb 276x1MB) SWAP 408/3810MB (cached 1MB) CPU [4%@1728,6%@1728,7%@1728,5%@1728,51%@1728,25%@1728] GR3D_FREQ 98% cpu@59.687C soc2@59.687C soc0@59.062C gpu@60.312C tj@60.5C soc1@59.781C VDD_IN 12155mW/8516mW VDD_CPU_GPU_CV 5152mW/2646mW VDD_SOC 3104mW/2578mW
09-09-2026 00:48:01 RAM 2610/7620MB (lfb 276x1MB) SWAP 408/3810MB (cached 1MB) CPU [8%@1728,6%@1728,3%@1728,5%@1728,36%@1728,37%@1728] GR3D_FREQ 98% cpu@59.718C soc2@58.843C soc0@59.062C gpu@60.406C tj@60.406C soc1@59.75C VDD_IN 10620mW/8523mW VDD_CPU_GPU_CV 4106mW/2651mW VDD_SOC 2867mW/2579mW
09-09-2026 00:48:02 RAM 2604/7620MB (lfb 276x1MB) SWAP 408/3810MB (cached 1MB) CPU [5%@1728,4%@1728,7%@1728,6%@1728,42%@1728,26%@1728] GR3D_FREQ 98% cpu@59.531C soc2@58.906C soc0@58.875C gpu@59.937C tj@59.937C soc1@59.843C VDD_IN 10499mW/8530mW VDD_CPU_GPU_CV 3991mW/2655mW VDD_SOC 2867mW/2580mW
09-09-2026 00:48:03 RAM 2604/7620MB (lfb 276x1MB) SWAP 408/3810MB (cached 1MB) CPU [2%@1728,6%@1728,2%@1728,5%@1728,59%@1728,3%@1728] GR3D_FREQ 0% cpu@59.312C soc2@58.718C soc0@58.906C gpu@59.843C tj@59.906C soc1@59.906C VDD_IN 10580mW/8536mW VDD_CPU_GPU_CV 4025mW/2660mW VDD_SOC 2867mW/2581mW
09-09-2026 00:48:04 RAM 2605/7620MB (lfb 276x1MB) SWAP 408/3810MB (cached 1MB) CPU [3%@1728,3%@1728,7%@1728,6%@1728,18%@1728,29%@1728] GR3D_FREQ 36% cpu@59.375C soc2@59.343C soc0@58.843C gpu@59.906C tj@59.906C soc1@59.906C VDD_IN 9990mW/8541mW VDD_CPU_GPU_CV 3669mW/2663mW VDD_SOC 2786mW/2581mW
09-09-2026 00:48:05 RAM 2605/7620MB (lfb 276x1MB) SWAP 408/3810MB (cached 1MB) CPU [7%@1728,8%@1728,3%@1728,8%@1728,28%@1728,0%@1728] GR3D_FREQ 0% cpu@59.281C soc2@58.625C soc0@58.937C gpu@59.843C tj@59.843C soc1@59.843C VDD_IN 10499mW/8548mW VDD_CPU_GPU_CV 3951mW/2668mW VDD_SOC 2907mW/2583mW
09-09-2026 00:48:06 RAM 2594/7620MB (lfb 276x1MB) SWAP 408/3810MB (cached 1MB) CPU [3%@1728,3%@1728,9%@1728,6%@1728,7%@1728,0%@1728] GR3D_FREQ 0% cpu@59.125C soc2@58.5C soc0@58.875C gpu@59.781C tj@59.875C soc1@59.875C VDD_IN 8979mW/8549mW VDD_CPU_GPU_CV 2907mW/2668mW VDD_SOC 2669mW/2583mW
09-09-2026 00:48:07 RAM 2599/7620MB (lfb 276x1MB) SWAP 408/3810MB (cached 1MB) CPU [1%@1728,1%@1728,0%@1728,0%@1728,2%@1728,0%@1728] GR3D_FREQ 0% cpu@59.187C soc2@58.343C soc0@58.75C gpu@59.531C tj@59.75C soc1@59.75C VDD_IN 7170mW/8545mW VDD_CPU_GPU_CV 1698mW/2665mW VDD_SOC 2426mW/2582mW
09-09-2026 00:48:08 RAM 2601/7620MB (lfb 276x1MB) SWAP 408/3810MB (cached 1MB) CPU [1%@1728,0%@1728,4%@1728,0%@1728,8%@1728,0%@1728] GR3D_FREQ 0% cpu@59.531C soc2@58.281C soc0@58.531C gpu@59.5C tj@59.843C soc1@59.843C VDD_IN 7373mW/8541mW VDD_CPU_GPU_CV 1860mW/2662mW VDD_SOC 2426mW/2582mW
09-09-2026 00:48:09 RAM 2601/7620MB (lfb 276x1MB) SWAP 408/3810MB (cached 1MB) CPU [1%@1728,1%@1728,0%@1728,2%@1728,9%@1728,22%@1728] GR3D_FREQ 0% cpu@59.093C soc2@58.218C soc0@58.468C gpu@59.468C tj@59.812C soc1@59.812C VDD_IN 7454mW/8537mW VDD_CPU_GPU_CV 1941mW/2660mW VDD_SOC 2426mW/2581mW
09-09-2026 00:48:10 RAM 2602/7620MB (lfb 276x1MB) SWAP 408/3810MB (cached 1MB) CPU [3%@1728,2%@1728,1%@1728,1%@1728,51%@1728,16%@1728] GR3D_FREQ 0% cpu@59.25C soc2@58.281C soc0@58.375C gpu@59.437C tj@59.625C soc1@59.625C VDD_IN 7818mW/8535mW VDD_CPU_GPU_CV 2221mW/2659mW VDD_SOC 2426mW/2581mW
09-09-2026 00:48:11 RAM 2604/7620MB (lfb 276x1MB) SWAP 408/3810MB (cached 1MB) CPU [4%@1728,3%@1728,3%@1728,2%@1728,1%@1728,81%@1728] GR3D_FREQ 0% cpu@59.218C soc2@58.218C soc0@58.375C gpu@59.343C tj@59.625C soc1@59.625C VDD_IN 7899mW/8533mW VDD_CPU_GPU_CV 2261mW/2657mW VDD_SOC 2467mW/2580mW
09-09-2026 00:48:12 RAM 2610/7620MB (lfb 276x1MB) SWAP 408/3810MB (cached 1MB) CPU [6%@1728,4%@1728,4%@1728,6%@1728,2%@1728,98%@1728] GR3D_FREQ 0% cpu@59.312C soc2@58.375C soc0@58.656C gpu@59.562C tj@59.625C soc1@59.625C VDD_IN 10031mW/8538mW VDD_CPU_GPU_CV 3709mW/2661mW VDD_SOC 2746mW/2581mW
09-09-2026 00:48:13 RAM 2611/7620MB (lfb 276x1MB) SWAP 408/3810MB (cached 1MB) CPU [7%@1728,8%@1728,5%@1728,2%@1728,2%@1728,98%@1728] GR3D_FREQ 84% cpu@59.5C soc2@58.968C soc0@58.812C gpu@59.718C tj@59.718C soc1@59.687C VDD_IN 10112mW/8543mW VDD_CPU_GPU_CV 3790mW/2664mW VDD_SOC 2786mW/2582mW
09-09-2026 00:48:14 RAM 2612/7620MB (lfb 276x1MB) SWAP 408/3810MB (cached 1MB) CPU [8%@1728,4%@1728,6%@1728,6%@1728,0%@1728,98%@1728] GR3D_FREQ 0% cpu@59.437C soc2@58.531C soc0@58.687C gpu@59.718C tj@59.718C soc1@59.718C VDD_IN 10233mW/8548mW VDD_CPU_GPU_CV 3830mW/2668mW VDD_SOC 2786mW/2582mW
09-09-2026 00:48:15 RAM 2613/7620MB (lfb 276x1MB) SWAP 408/3810MB (cached 1MB) CPU [9%@1728,8%@1728,3%@1728,6%@1728,77%@1728,21%@1728] GR3D_FREQ 59% cpu@59.968C soc2@59.093C soc0@58.781C gpu@59.781C tj@59.812C soc1@59.812C VDD_IN 10540mW/8555mW VDD_CPU_GPU_CV 4065mW/2673mW VDD_SOC 2826mW/2583mW
09-09-2026 00:48:16 RAM 2607/7620MB (lfb 276x1MB) SWAP 408/3810MB (cached 1MB) CPU [7%@1728,15%@1728,9%@1728,6%@1728,27%@1728,69%@1728] GR3D_FREQ 0% cpu@59.687C soc2@59.187C soc0@58.875C gpu@59.906C tj@59.906C soc1@59.718C VDD_IN 11630mW/8565mW VDD_CPU_GPU_CV 4790mW/2680mW VDD_SOC 2983mW/2584mW
09-09-2026 00:48:17 RAM 2616/7620MB (lfb 276x1MB) SWAP 408/3810MB (cached 1MB) CPU [10%@1728,10%@1728,17%@1728,8%@1728,17%@1728,69%@1728] GR3D_FREQ 98% cpu@60.031C soc2@59.531C soc0@59.281C gpu@60.437C tj@60.437C soc1@59.906C VDD_IN 14273mW/8583mW VDD_CPU_GPU_CV 6540mW/2692mW VDD_SOC 3421mW/2587mW
09-09-2026 00:48:18 RAM 2620/7620MB (lfb 276x1MB) SWAP 408/3810MB (cached 1MB) CPU [12%@1728,7%@1728,20%@1728,8%@1728,75%@1728,18%@1728] GR3D_FREQ 98% cpu@60.031C soc2@59.562C soc0@59.343C gpu@60.718C tj@60.718C soc1@59.937C VDD_IN 13184mW/8598mW VDD_CPU_GPU_CV 5827mW/2702mW VDD_SOC 3225mW/2589mW
09-09-2026 00:48:19 RAM 2623/7620MB (lfb 276x1MB) SWAP 408/3810MB (cached 1MB) CPU [8%@1728,6%@1728,5%@1728,7%@1728,40%@1728,58%@1728] GR3D_FREQ 0% cpu@60C soc2@58.906C soc0@58.906C gpu@60.406C tj@60.406C soc1@60.031C VDD_IN 10459mW/8604mW VDD_CPU_GPU_CV 3991mW/2706mW VDD_SOC 2826mW/2590mW
09-09-2026 00:48:20 RAM 2633/7620MB (lfb 276x1MB) SWAP 408/3810MB (cached 1MB) CPU [12%@1728,8%@1728,9%@1728,7%@1728,91%@1728,2%@1728] GR3D_FREQ 0% cpu@60.281C soc2@59.093C soc0@59.187C gpu@60.5C tj@60.5C soc1@60.062C VDD_IN 11792mW/8614mW VDD_CPU_GPU_CV 4830mW/2713mW VDD_SOC 3024mW/2591mW
09-09-2026 00:48:21 RAM 2636/7620MB (lfb 276x1MB) SWAP 408/3810MB (cached 1MB) CPU [11%@1728,5%@1728,2%@1728,3%@1728,56%@1728,43%@1728] GR3D_FREQ 0% cpu@59.687C soc2@58.906C soc0@59.062C gpu@60.437C tj@60.437C soc1@60C VDD_IN 10540mW/8620mW VDD_CPU_GPU_CV 4032mW/2717mW VDD_SOC 2826mW/2592mW
09-09-2026 00:48:22 RAM 2643/7620MB (lfb 276x1MB) SWAP 408/3810MB (cached 1MB) CPU [4%@1728,5%@1728,4%@1728,3%@1728,3%@1728,97%@1728] GR3D_FREQ 0% cpu@59.75C soc2@58.781C soc0@58.937C gpu@60.375C tj@60.375C soc1@59.937C VDD_IN 9869mW/8624mW VDD_CPU_GPU_CV 3588mW/2720mW VDD_SOC 2746mW/2592mW
09-09-2026 00:48:23 RAM 2653/7620MB (lfb 276x1MB) SWAP 408/3810MB (cached 1MB) CPU [12%@1728,6%@1728,14%@1728,6%@1728,1%@1728,94%@1728] GR3D_FREQ 0% cpu@59.937C soc2@58.968C soc0@59.187C gpu@60.156C tj@60.156C soc1@60.031C VDD_IN 11469mW/8633mW VDD_CPU_GPU_CV 4629mW/2726mW VDD_SOC 2983mW/2594mW
09-09-2026 00:48:24 RAM 2670/7620MB (lfb 276x1MB) SWAP 408/3810MB (cached 1MB) CPU [7%@1728,10%@1728,6%@1728,12%@1728,35%@1728,55%@1728] GR3D_FREQ 80% cpu@60.406C soc2@59.781C soc0@59.531C gpu@60.437C tj@60.437C soc1@60.125C VDD_IN 13265mW/8647mW VDD_CPU_GPU_CV 5868mW/2736mW VDD_SOC 3265mW/2596mW
09-09-2026 00:48:25 RAM 2679/7620MB (lfb 276x1MB) SWAP 408/3810MB (cached 1MB) CPU [9%@1728,8%@1728,10%@1728,5%@1728,94%@1728,4%@1728] GR3D_FREQ 0% cpu@60.312C soc2@59.281C soc0@59.343C gpu@60.437C tj@60.437C soc1@60.25C VDD_IN 12700mW/8660mW VDD_CPU_GPU_CV 5466mW/2744mW VDD_SOC 3185mW/2598mW
09-09-2026 00:48:26 RAM 2690/7620MB (lfb 276x1MB) SWAP 408/3810MB (cached 1MB) CPU [13%@1728,6%@1728,7%@1728,5%@1728,96%@1728,5%@1728] GR3D_FREQ 0% cpu@60.25C soc2@59.125C soc0@59.218C gpu@60.25C tj@60.343C soc1@60.343C VDD_IN 10782mW/8667mW VDD_CPU_GPU_CV 4226mW/2749mW VDD_SOC 2867mW/2598mW
09-09-2026 00:48:27 RAM 2701/7620MB (lfb 276x1MB) SWAP 408/3810MB (cached 1MB) CPU [6%@1728,6%@1728,9%@1728,11%@1728,8%@1728,90%@1728] GR3D_FREQ 42% cpu@59.937C soc2@59.781C soc0@59.281C gpu@60.312C tj@60.375C soc1@60.375C VDD_IN 11024mW/8674mW VDD_CPU_GPU_CV 4387mW/2754mW VDD_SOC 2907mW/2599mW
09-09-2026 00:48:28 RAM 2702/7620MB (lfb 276x1MB) SWAP 408/3810MB (cached 1MB) CPU [6%@1728,6%@1728,7%@1728,2%@1728,2%@1728,98%@1728] GR3D_FREQ 0% cpu@59.968C soc2@59C soc0@59.281C gpu@60.218C tj@60.218C soc1@60.187C VDD_IN 10742mW/8681mW VDD_CPU_GPU_CV 4186mW/2759mW VDD_SOC 2867mW/2600mW
09-09-2026 00:48:29 RAM 2705/7620MB (lfb 276x1MB) SWAP 408/3810MB (cached 1MB) CPU [6%@1728,4%@1728,4%@1728,12%@1728,14%@1728,87%@1728] GR3D_FREQ 0% cpu@60.625C soc2@59.875C soc0@59.625C gpu@60.593C tj@60.625C soc1@60.218C VDD_IN 13063mW/8694mW VDD_CPU_GPU_CV 5747mW/2768mW VDD_SOC 3225mW/2602mW
09-09-2026 00:48:30 RAM 2706/7620MB (lfb 276x1MB) SWAP 408/3810MB (cached 1MB) CPU [13%@1728,8%@1728,6%@1728,5%@1728,83%@1728,4%@1728] GR3D_FREQ 0% cpu@60.593C soc2@59.625C soc0@59.718C gpu@60.656C tj@60.656C soc1@60.312C VDD_IN 12942mW/8707mW VDD_CPU_GPU_CV 5626mW/2777mW VDD_SOC 3225mW/2604mW
09-09-2026 00:48:31 RAM 2733/7620MB (lfb 276x1MB) SWAP 408/3810MB (cached 1MB) CPU [7%@1728,9%@1728,18%@1728,11%@1728,15%@1728,78%@1728] GR3D_FREQ 0% cpu@60.218C soc2@59.468C soc0@59.593C gpu@60.593C tj@60.593C soc1@60.437C VDD_IN 12438mW/8719mW VDD_CPU_GPU_CV 5265mW/2784mW VDD_SOC 3144mW/2606mW
09-09-2026 00:48:32 RAM 2742/7620MB (lfb 276x1MB) SWAP 408/3810MB (cached 1MB) CPU [16%@1728,10%@1728,7%@1728,7%@1728,24%@1728,66%@1728] GR3D_FREQ 0% cpu@60.593C soc2@59.687C soc0@59.781C gpu@60.812C tj@60.812C soc1@60.625C VDD_IN 13265mW/8733mW VDD_CPU_GPU_CV 5827mW/2794mW VDD_SOC 3265mW/2608mW
09-09-2026 00:48:33 RAM 2743/7620MB (lfb 276x1MB) SWAP 408/3810MB (cached 1MB) CPU [10%@1728,4%@1728,7%@1728,7%@1728,73%@1728,0%@1728] GR3D_FREQ 78% cpu@60.375C soc2@60.187C soc0@59.687C gpu@60.843C tj@60.843C soc1@60.625C VDD_IN 11872mW/8742mW VDD_CPU_GPU_CV 4951mW/2800mW VDD_SOC 3064mW/2609mW
09-09-2026 00:48:34 RAM 2744/7620MB (lfb 276x1MB) SWAP 408/3810MB (cached 1MB) CPU [7%@1728,2%@1728,6%@1728,4%@1728,58%@1728,0%@1728] GR3D_FREQ 0% cpu@60.312C soc2@59.187C soc0@59.468C gpu@60.5C tj@60.5C soc1@60.437C VDD_IN 9950mW/8746mW VDD_CPU_GPU_CV 3588mW/2803mW VDD_SOC 2786mW/2610mW
09-09-2026 00:48:35 RAM 2746/7620MB (lfb 276x1MB) SWAP 408/3810MB (cached 1MB) CPU [8%@1728,7%@1728,13%@1728,5%@1728,36%@1728,0%@1728] GR3D_FREQ 98% cpu@60.281C soc2@60.062C soc0@59.875C gpu@60.843C tj@61.093C soc1@60.468C VDD_IN 12317mW/8757mW VDD_CPU_GPU_CV 5184mW/2810mW VDD_SOC 3144mW/2611mW
09-09-2026 00:48:36 RAM 2748/7620MB (lfb 276x1MB) SWAP 408/3810MB (cached 1MB) CPU [6%@1728,8%@1728,3%@1728,3%@1728,10%@1728,2%@1728] GR3D_FREQ 0% cpu@59.906C soc2@59.468C soc0@59.531C gpu@60.875C tj@60.875C soc1@60.531C VDD_IN 10742mW/8763mW VDD_CPU_GPU_CV 4065mW/2814mW VDD_SOC 2948mW/2612mW
09-09-2026 00:48:37 RAM 2753/7620MB (lfb 276x1MB) SWAP 408/3810MB (cached 1MB) CPU [0%@1728,0%@1728,0%@1728,1%@1728,3%@1728,0%@1728] GR3D_FREQ 0% cpu@59.781C soc2@58.968C soc0@59.281C gpu@60.468C tj@60.468C soc1@60.375C VDD_IN 7332mW/8758mW VDD_CPU_GPU_CV 1820mW/2811mW VDD_SOC 2426mW/2612mW
09-09-2026 00:48:38 RAM 2753/7620MB (lfb 276x1MB) SWAP 408/3810MB (cached 1MB) CPU [0%@1728,0%@1728,0%@1728,0%@1728,2%@1728,0%@1728] GR3D_FREQ 0% cpu@59.5C soc2@58.906C soc0@59.218C gpu@60.437C tj@60.437C soc1@60.437C VDD_IN 7008mW/8753mW VDD_CPU_GPU_CV 1617mW/2807mW VDD_SOC 2386mW/2611mW
09-09-2026 00:48:39 RAM 2753/7620MB (lfb 276x1MB) SWAP 408/3810MB (cached 1MB) CPU [0%@1728,0%@1728,0%@1728,4%@1728,0%@1728,0%@1728] GR3D_FREQ 0% cpu@59.562C soc2@58.843C soc0@59.093C gpu@60.281C tj@60.343C soc1@60.343C VDD_IN 7130mW/8748mW VDD_CPU_GPU_CV 1658mW/2804mW VDD_SOC 2386mW/2610mW
09-09-2026 00:48:40 RAM 2753/7620MB (lfb 276x1MB) SWAP 408/3810MB (cached 1MB) CPU [0%@1728,0%@1728,0%@1728,0%@1728,0%@1728,0%@1728] GR3D_FREQ 0% cpu@59.375C soc2@58.781C soc0@59.062C gpu@60.031C tj@60.093C soc1@60.093C VDD_IN 6968mW/8743mW VDD_CPU_GPU_CV 1577mW/2800mW VDD_SOC 2386mW/2610mW
09-09-2026 00:48:41 RAM 2754/7620MB (lfb 276x1MB) SWAP 408/3810MB (cached 1MB) CPU [1%@1728,0%@1728,0%@1728,0%@1728,0%@1728,0%@1728] GR3D_FREQ 0% cpu@59.406C soc2@58.625C soc0@59.031C gpu@59.937C tj@60.062C soc1@60.062C VDD_IN 6927mW/8738mW VDD_CPU_GPU_CV 1577mW/2796mW VDD_SOC 2386mW/2609mW
09-09-2026 00:48:42 RAM 2759/7620MB (lfb 276x1MB) SWAP 408/3810MB (cached 1MB) CPU [1%@1728,0%@1728,0%@1728,0%@1728,0%@1728,0%@1728] GR3D_FREQ 0% cpu@59.437C soc2@58.593C soc0@59.031C gpu@59.937C tj@60.093C soc1@60.093C VDD_IN 6968mW/8732mW VDD_CPU_GPU_CV 1577mW/2793mW VDD_SOC 2386mW/2608mW
09-09-2026 00:48:43 RAM 2759/7620MB (lfb 276x1MB) SWAP 408/3810MB (cached 1MB) CPU [0%@1728,0%@1728,0%@1728,0%@1728,0%@1728,0%@1728] GR3D_FREQ 0% cpu@59.25C soc2@58.5C soc0@59.031C gpu@59.843C tj@59.937C soc1@59.937C VDD_IN 6968mW/8727mW VDD_CPU_GPU_CV 1577mW/2789mW VDD_SOC 2386mW/2608mW
09-09-2026 00:48:44 RAM 2759/7620MB (lfb 276x1MB) SWAP 408/3810MB (cached 1MB) CPU [0%@1728,0%@1728,0%@1728,0%@1728,0%@1728,0%@1728] GR3D_FREQ 0% cpu@59.187C soc2@58.5C soc0@58.718C gpu@59.812C tj@60.093C soc1@60.093C VDD_IN 6927mW/8722mW VDD_CPU_GPU_CV 1577mW/2785mW VDD_SOC 2390mW/2607mW
09-09-2026 00:48:45 RAM 2759/7620MB (lfb 276x1MB) SWAP 408/3810MB (cached 1MB) CPU [0%@1728,0%@1728,0%@1728,0%@1728,0%@1728,0%@1728] GR3D_FREQ 0% cpu@59.062C soc2@58.375C soc0@58.656C gpu@59.843C tj@60.062C soc1@60.062C VDD_IN 6927mW/8716mW VDD_CPU_GPU_CV 1577mW/2782mW VDD_SOC 2390mW/2607mW
09-09-2026 00:48:46 RAM 2759/7620MB (lfb 276x1MB) SWAP 408/3810MB (cached 1MB) CPU [0%@1728,0%@1728,0%@1728,0%@1728,0%@1728,0%@1728] GR3D_FREQ 0% cpu@58.968C soc2@58.437C soc0@58.718C gpu@59.625C tj@59.906C soc1@59.906C VDD_IN 6927mW/8711mW VDD_CPU_GPU_CV 1577mW/2778mW VDD_SOC 2386mW/2606mW
09-09-2026 00:48:47 RAM 2759/7620MB (lfb 276x1MB) SWAP 408/3810MB (cached 1MB) CPU [2%@1728,0%@1728,1%@1728,0%@1728,0%@1728,0%@1728] GR3D_FREQ 0% cpu@59C soc2@58.312C soc0@58.687C gpu@59.75C tj@59.875C soc1@59.875C VDD_IN 6968mW/8706mW VDD_CPU_GPU_CV 1577mW/2775mW VDD_SOC 2386mW/2605mW
09-09-2026 00:48:48 RAM 2759/7620MB (lfb 276x1MB) SWAP 408/3810MB (cached 1MB) CPU [1%@1728,0%@1728,0%@1728,0%@1728,0%@1728,0%@1728] GR3D_FREQ 0% cpu@59.031C soc2@58.25C soc0@58.656C gpu@59.656C tj@59.718C soc1@59.718C VDD_IN 6968mW/8701mW VDD_CPU_GPU_CV 1577mW/2771mW VDD_SOC 2386mW/2605mW
09-09-2026 00:48:49 RAM 2760/7620MB (lfb 276x1MB) SWAP 408/3810MB (cached 1MB) CPU [0%@1728,0%@1728,1%@1728,2%@1728,0%@1728,0%@1728] GR3D_FREQ 0% cpu@59.218C soc2@58.281C soc0@58.718C gpu@59.656C tj@59.718C soc1@59.718C VDD_IN 6968mW/8696mW VDD_CPU_GPU_CV 1577mW/2768mW VDD_SOC 2386mW/2604mW
09-09-2026 00:48:50 RAM 2760/7620MB (lfb 276x1MB) SWAP 408/3810MB (cached 1MB) CPU [0%@1728,0%@1728,0%@1728,0%@1728,0%@1728,0%@1728] GR3D_FREQ 0% cpu@58.906C soc2@58.187C soc0@58.406C gpu@59.562C tj@59.687C soc1@59.687C VDD_IN 6927mW/8691mW VDD_CPU_GPU_CV 1577mW/2764mW VDD_SOC 2386mW/2603mW
09-09-2026 00:48:51 RAM 2760/7620MB (lfb 276x1MB) SWAP 408/3810MB (cached 1MB) CPU [0%@1728,0%@1728,1%@1728,0%@1728,0%@1728,0%@1728] GR3D_FREQ 0% cpu@58.781C soc2@58.156C soc0@58.406C gpu@59.468C tj@59.687C soc1@59.687C VDD_IN 6927mW/8686mW VDD_CPU_GPU_CV 1577mW/2761mW VDD_SOC 2390mW/2603mW
09-09-2026 00:48:52 RAM 2759/7620MB (lfb 276x1MB) SWAP 408/3810MB (cached 1MB) CPU [1%@1728,0%@1728,0%@1728,0%@1728,0%@1728,0%@1728] GR3D_FREQ 0% cpu@58.75C soc2@58.125C soc0@58.468C gpu@59.531C tj@59.875C soc1@59.875C VDD_IN 6968mW/8681mW VDD_CPU_GPU_CV 1577mW/2758mW VDD_SOC 2386mW/2602mW
09-09-2026 00:48:53 RAM 2759/7620MB (lfb 276x1MB) SWAP 408/3810MB (cached 1MB) CPU [0%@1728,0%@1728,0%@1728,0%@1728,0%@1728,0%@1728] GR3D_FREQ 0% cpu@58.656C soc2@58.062C soc0@58.406C gpu@59.468C tj@59.531C soc1@59.531C VDD_IN 6927mW/8676mW VDD_CPU_GPU_CV 1577mW/2754mW VDD_SOC 2386mW/2601mW
09-09-2026 00:48:54 RAM 2759/7620MB (lfb 276x1MB) SWAP 408/3810MB (cached 1MB) CPU [0%@1728,0%@1728,0%@1728,0%@1728,0%@1728,0%@1728] GR3D_FREQ 0% cpu@58.718C soc2@58.093C soc0@58.312C gpu@59.468C tj@59.5C soc1@59.5C VDD_IN 6927mW/8671mW VDD_CPU_GPU_CV 1577mW/2751mW VDD_SOC 2386mW/2601mW
09-09-2026 00:48:55 RAM 2759/7620MB (lfb 276x1MB) SWAP 408/3810MB (cached 1MB) CPU [0%@1728,0%@1728,0%@1728,0%@1728,0%@1728,0%@1728] GR3D_FREQ 0% cpu@58.718C soc2@58C soc0@58.343C gpu@59.437C tj@59.5C soc1@59.5C VDD_IN 6927mW/8666mW VDD_CPU_GPU_CV 1577mW/2747mW VDD_SOC 2386mW/2600mW
09-09-2026 00:48:56 RAM 2759/7620MB (lfb 276x1MB) SWAP 408/3810MB (cached 1MB) CPU [0%@1728,0%@1728,0%@1728,0%@1728,0%@1728,0%@1728] GR3D_FREQ 0% cpu@58.718C soc2@57.968C soc0@58.375C gpu@59.468C tj@59.468C soc1@59.437C VDD_IN 6927mW/8661mW VDD_CPU_GPU_CV 1577mW/2744mW VDD_SOC 2386mW/2600mW
09-09-2026 00:48:57 RAM 2759/7620MB (lfb 276x1MB) SWAP 408/3810MB (cached 1MB) CPU [0%@1728,0%@1728,0%@1728,1%@1728,0%@1728,0%@1728] GR3D_FREQ 0% cpu@58.781C soc2@57.937C soc0@58.156C gpu@59.406C tj@59.468C soc1@59.468C VDD_IN 6968mW/8656mW VDD_CPU_GPU_CV 1577mW/2741mW VDD_SOC 2386mW/2599mW
09-09-2026 00:48:58 RAM 2761/7620MB (lfb 276x1MB) SWAP 408/3810MB (cached 1MB) CPU [6%@1728,1%@1728,6%@1728,9%@1728,12%@1728,5%@1728] GR3D_FREQ 0% cpu@58.656C soc2@57.968C soc0@58.156C gpu@59.468C tj@59.531C soc1@59.531C VDD_IN 7535mW/8653mW VDD_CPU_GPU_CV 1978mW/2739mW VDD_SOC 2426mW/2599mW
